자전거대여소명,자전거대여소구분,소재지도로명주소,소재지지번주소,위도,경도,운영시작시각,운영종료시각,휴무일,요금구분,자전거이용요금,자전거보유대수,거치대수,공기주입기비치여부,공기주입기유형,수리대설치여부,관리기관전화번호,관리기관명,데이터기준일자,제공기관코드,제공기관명
우포늪 자전거 대여소,유인대여소,경상남도 창녕군 유어면 우포늪길 218,경상남도 창녕군 유어면 세진리 256,35.54466399,128.4181995,9:00,18:00,우천시,유료,1인용 자전거 5000원+2인용 자전거 7000원+특수용(팻바이크) 6000원+1인용(유아의자부착) 6000원+3인용 자전거 9000원+이용시간 1시간 추가요금 2000원,200,200,Y,기계식,N,055-530-1554,경상남도 창녕군,2026-05-12,5410000,경상남도 창녕군
영주시 용혈폭포 공공자전거무인대여소,무인대여소,,경상북도 영주시 평은면 용혈리 1344-1,36.71858808,128.6537846,7:00,22:00,연중무휴,유료,1000원,10,10,N,,N,054-639-3913,경상북도 영주시청,2026-06-15,5090000,경상북도 영주시
영주시 원당천 공공자전거무인대여소,무인대여소,,경상북도 영주시 휴천동 1213-18,36.81800665,128.6371617,7:00,22:00,연중무휴,유료,1000원,10,10,N,,N,054-639-3913,경상북도 영주시청,2026-06-15,5090000,경상북도 영주시
영주시 서천둔치 공공자전거무인대여소,무인대여소,,경상북도 영주시 가흥동 1408,36.82175514,128.6135251,7:00,22:00,연중무휴,유료,1000원,14,14,Y,기계식,N,054-639-3913,경상북도 영주시청,2026-06-15,5090000,경상북도 영주시
영주시 한정교 공공자전거무인대여소,무인대여소,,경상북도 영주시 문정동 706,36.7985055,128.6170108,7:00,22:00,연중무휴,유료,1000원,10,10,Y,기계식,N,054-639-3913,경상북도 영주시청,2026-06-15,5090000,경상북도 영주시
영주시 선비촌 공공자전거무인대여소,무인대여소,,경상북도 영주시 순흥면 청구리 362,36.92847353,128.5834337,7:00,22:00,연중무휴,유료,1000원,15,15,Y,기계식,N,054-639-3913,경상북도 영주시청,2026-06-15,5090000,경상북도 영주시
영주시 무섬마을 공공자전거무인대여소,무인대여소,,경상북도 영주시 문수면 수도리 290-1,36.73193111,128.6206986,7:00,22:00,연중무휴,유료,1000원,20,20,Y,기계식,N,054-639-3913,경상북도 영주시청,2026-06-15,5090000,경상북도 영주시
영주시 자전거공원 공공자전거대여소,무인·유인대여소,경상북도 영주시 영주로 146 (영주동),경상북도 영주시 영주동 511-1,36.8242898,128.6160493,10:00,18:00,연중무휴,무료,0원,142,50,Y,기계식,N,054-639-3913,경상북도 영주시청,2026-06-15,5090000,경상북도 영주시
동락공원 자전거대여소(동절기),유인대여소,"경상북도 구미시 3공단1로 191, 11동","경상북도 구미시 진평동 766, 11동",36.099459,128.401756,10:00,16:30,연중무휴,무료,,214,,Y,태양광식,Y,054-480-6253,경상북도 구미시청,2026-06-23,5080000,경상북도 구미시
동락공원 자전거대여소(하절기),유인대여소,"경상북도 구미시 3공단1로 191, 11동","경상북도 구미시 진평동 766, 11동",36.099459,128.401756,10:00,17:30,연중무휴,무료,,214,,Y,태양광식,Y,054-480-6253,경상북도 구미시청,2026-06-23,5080000,경상북도 구미시
남원역,유인대여소,전북특별자치도 남원시 교룡로 71,전북특별자치도 남원시 신정동 521-1,35.41123153,127.3613901,9:00,17:00,연중무휴(3월~11월),유료,일반1만원+전기2만원,55,55,Y,기계식,N,063-620-6165,전북특별자치도 남원시청 관광과,2026-06-15,4701000,전북특별자치도 남원시
목행용탄동사무소,유인대여소,충청북도 충주시 행정5길 21,충청북도 충주시 목행동 671-1,37.011583,127.9170125,9:00,18:00,주말+공휴일,무료,,0,0,N,,N,043-850-2745,충청북도 충주시청목행용탄동사무소,2026-05-31,4390000,충청북도 충주시
연수동사무소,유인대여소,충청북도 충주시 예성로 344,충청북도 충주시 연수동 529-1,36.98668678,127.9341577,9:00,18:00,주말+공휴일,무료,,4,1,N,,N,043-850-2732,충청북도 충주시청연수동사무소,2026-05-31,4390000,충청북도 충주시
칠금금릉동사무소,유인대여소,충청북도 충주시 칠금중앙로 37,충청북도 충주시 칠금동 874,36.98211052,127.919361,9:00,18:00,주말+공휴일,무료,,4,1,N,,N,043-850-2724,충청북도 충주시청칠금금릉동사무소,2026-05-31,4390000,충청북도 충주시
봉방동사무소,유인대여소,충청북도 충주시 봉방2길 27,충청북도 충주시 봉방동 156,36.973662,127.919316,9:00,18:00,주말+공휴일,무료,,4,1,N,,N,043-850-2714,충청북도 충주시청봉방동사무소,2026-05-31,4390000,충청북도 충주시
달천동사무소,유인대여소,충청북도 충주시 충원대로 211,충청북도 충주시 단월동 408-5,36.947634,127.9011145,9:00,18:00,주말+공휴일,무료,,0,0,N,,N,043-850-2706,충청북도 충주시청달천동사무소,2026-05-31,4390000,충청북도 충주시
호암직동사무소,유인대여소,충청북도 충주시 호암중앙1로 35,충청북도 충주시 호암동 133-2,36.95618482,127.938684,9:00,18:00,주말+공휴일,무료,,0,1,N,,N,043-850-2492,충청북도 충주시청호암직동사무소,2026-05-31,4390000,충청북도 충주시
문화동사무소,유인대여소,충청북도 충주시 사직산6길46,충청북도 충주시 문화동 1523,36.9717908,127.9255592,9:00,18:00,주말+공휴일,무료,,0,1,N,,N,043-850-2482,충청북도 충주시청문화동사무소,2026-05-31,4390000,충청북도 충주시
지현동사무소,유인대여소,충청북도 충주시 지현천변1길 41,충청북도 충주시 지현동 507,36.9683281,127.9322334,9:00,18:00,주말+공휴일,무료,,3,1,N,,N,043-850-2472,충청북도 충주시청지현동사무소,2026-05-31,4390000,충청북도 충주시
용산동사무소,유인대여소,충청북도 충주시 거룡6길 35,충청북도 충주시 용산동 613,36.96422091,127.9387295,9:00,18:00,주말+공휴일,무료,,3,1,N,,N,043-850-2462,충청북도 충주시청용산동사무소,2026-05-31,4390000,충청북도 충주시
교현2동사무소,유인대여소,충청북도 충주시 대흥길 46,충청북도 충주시 교현동 1094,36.981453,127.9290983,9:00,18:00,주말+공휴일,무료,,0,1,N,,N,043-850-2454,충청북도 충주시청교현2동사무소,2026-05-31,4390000,충청북도 충주시
교현안림동사무소,유인대여소,충청북도 충주시 금봉대로 410,충청북도 충주시 안림동 1073,36.971443,127.9476474,9:00,18:00,주말+공휴일,무료,,3,1,N,,N,043-850-2442,충청북도 충주시청교현안림동사무소,2026-05-31,4390000,충청북도 충주시
성내충인동사무소,유인대여소,충청북도 충주시 충인6길 46,충청북도 충주시 성내동 1,36.97341128,127.933851,9:00,18:00,주말+공휴일,무료,,0,1,N,,N,043-850-2432,충청북도 충주시청성내충인동사무소,2026-05-31,4390000,충청북도 충주시
소태면사무소,유인대여소,충청북도 충주시 소태면 쟁골1길 1,충청북도 충주시 소태면 오량리 179-2,37.1100295,127.8479579,9:00,18:00,주말+공휴일,무료,,3,1,N,,N,043-850-2423,충청북도 충주시청소태면사무소,2026-05-31,4390000,충청북도 충주시
엄정면사무소,유인대여소,충청북도 충주시 엄정면 내창로 185,충청북도 충주시 엄정면 용산리 465-4,37.086811,127.914996,9:00,18:00,주말+공휴일,무료,,0,1,N,,N,043-850-2412,충청북도 충주시청엄정면사무소,2026-05-31,4390000,충청북도 충주시
산척면사무소,유인대여소,충청북도 충주시 산척면 동산로 736,충청북도 충주시 산척면 송강리 1253-1,37.08174785,127.9558194,9:00,18:00,주말+공휴일,무료,,1,1,N,,N,043-850-2402,충청북도 충주시청산척면사무소,2026-05-31,4390000,충청북도 충주시
동량면사무소,유인대여소,충청북도 충주시 동량면 조돈안길 1,충청북도 충주시 동량면 조동리 1370-4,37.02626521,127.9631583,9:00,18:00,주말+공휴일,무료,,2,1,N,,N,043-850-2392,충청북도 충주시청동량면사무소,2026-05-31,4390000,충청북도 충주시
금가면사무소,유인대여소,충청북도 충주시 금가면 강수로 331,충청북도 충주시 금가면 도촌리 108-4,37.04302299,127.9244423,9:00,18:00,주말+공휴일,무료,,0,0,N,,N,043-850-2382,충청북도 충주시청금가면사무소,2026-05-31,4390000,충청북도 충주시
중앙탑면사무소,유인대여소,충청북도 충주시 중앙탑면 중앙탑길 247,충청북도 충주시 중앙탑면 탑평리 180-5,37.02881038,127.8573313,9:00,18:00,주말+공휴일,무료,,4,0,N,,N,043-850-2372,충청북도 충주시청중앙탑면사무소,2026-05-31,4390000,충청북도 충주시
앙성면사무소,유인대여소,충청북도 충주시 앙성면 가곡로 1005,충청북도 충주시 앙성면 용포리 102-1,37.10918402,127.750777,9:00,18:00,주말+공휴일,무료,,0,1,N,,N,043-850-2362,충청북도 충주시청앙성면사무소,2026-05-31,4390000,충청북도 충주시
노은면사무소,유인대여소,충청북도 충주시 노은면 연하중앙길 15,충청북도 충주시 노은면 연하리 539-2,37.04815293,127.7538698,9:00,18:00,주말+공휴일,무료,,3,1,N,,N,043-850-2353,충청북도 충주시청노은면사무소,2026-05-31,4390000,충청북도 충주시
신니면사무소,유인대여소,충청북도 충주시 신니면 신덕로 780,충청북도 충주시 신니면 용원리 35-1,36.99588294,127.7367367,9:00,18:00,주말+공휴일,무료,,3,1,N,,N,043-850-2343,충청북도 충주시청신니면사무소,2026-05-31,4390000,충청북도 충주시
대소원면사무소,유인대여소,충청북도 충주시 대소원면 대소원1길 29,충청북도 충주시 대소원면 대소리 241,36.9779768,127.8172788,9:00,18:00,주말+공휴일,무료,,3,1,N,,N,043-850-2332,충청북도 충주시청대소원면사무소,2026-05-31,4390000,충청북도 충주시
수안보면사무소,유인대여소,충청북도 충주시 수안보면 관동길 9-9,충청북도 충주시 수안보면 온천리 100,36.84737254,127.9943482,9:00,18:00,주말+공휴일,무료,,3,1,N,,N,043-850-2323,충청북도 충주시청수안보면사무소,2026-05-31,4390000,충청북도 충주시
살미면사무소,유인대여소,충청북도 충주시 살미면 세성양지말길 41,충청북도 충주시 살미면 세성리 335-2,36.90536484,127.9646242,9:00,18:00,주말+공휴일,무료,,3,1,N,,N,043-850-2312,충청북도 충주시청살미면사무소,2026-05-31,4390000,충청북도 충주시
주덕읍사무소,유인대여소,충청북도 충주시 주덕읍 신덕로 1359,충청북도 충주시 주덕읍 신양리 206,36.97555456,127.7949736,9:00,18:00,주말+공휴일,무료,,2,1,N,,N,043-850-2301,충청북도 충주시청주덕읍사무소,2026-05-31,4390000,충청북도 충주시
충주시청,유인대여소,충청북도 충주시 으뜸로 21,충청북도 충주시 금릉동 700,36.99073595,127.926555,9:00,18:00,주말+공휴일,무료,,23,1,N,,N,043-850-6245,충청북도 충주시청,2026-05-31,4390000,충청북도 충주시
자라섬자전거대여소,유인대여소,경기도 가평군 가평읍 자라섬로60,경기도 가평군 가평읍 대곡리 27-14,37.820894,127.521044,9:00,18:00,동절기(11월+12월+1월+2월+3월),유료,1인용 30분당 3000원+4~6인용 30분당 10000원,81,0,Y,기계식,N,031-8078-8322,가평군시설관리공단,2026-05-20,4160000,경기도 가평군
광명이 대여소 (18개소),무인대여소,경기도 광명시 시청로 20,경기도 광명시 철산동 222-1,37.47909912,126.8648475,9:00,23:00,연중무휴,혼합,30분 500원 등,100,115,N,기계식,N,02-2680-5879,경기도 광명시청,2026-04-14,3900000,경기도 광명시
광명스피돔 자전거대여소,유인대여소,경기도 광명시 광명로 721,경기도 광명시 광명동 780,37.4668955,126.8453132,11:30,18:00,월+화+수+목,혼합,1시간 무료 초과 10분당 1000원,100,20,Y,기계식,N,02-2067-5641,경기도 광명시 경륜경정사업본부,2026-04-14,3900000,경기도 광명시
굴포천 공공자전거 대여소,유인대여소,,경기도 부천시 오정구 삼정동 366-5,37.52059691,126.7606764,9:00,18:00,월요일+ 공휴일,무료,,22,22,Y,기계식,N,032-625-9093,경기도 부천시 건설정책과,2026-06-18,3860000,경기도 부천시
송내역 공공자전거 대여소,유인대여소,경기도 부천시 원미구 부일로 224-9,경기도 부천시 원미구 상동 463-1,37.48797014,126.7550005,9:00,18:00,주말+ 공휴일,무료,,30,30,Y,기계식,N,032-625-9093,경기도 부천시 건설정책과,2026-06-18,3860000,경기도 부천시
부천역 공공자전거 대여소,유인대여소,경기도 부천시 원미구 부천로 3-1,경기도 부천시 원미구 심곡동 173-1,37.48467954,126.7818758,9:00,18:00,주말+ 공휴일,무료,,29,29,Y,기계식,N,032-625-9093,경기도 부천시 건설정책과,2026-06-18,3860000,경기도 부천시
부천시청역 공공자전거 대여소,유인대여소,경기도 부천시 원미구 길주로 202,경기도 부천시 원미구 중동 1243,37.50460316,126.7626916,9:00,18:00,주말+ 공휴일,무료,,32,22,Y,기계식,N,032-625-9093,경기도 부천시 건설정책과,2026-06-18,3860000,경기도 부천시
상동역 공공자전거 대여소,유인대여소,경기도 부천시 원미구 길주로 105,경기도 부천시 원미구 상동 535-5,37.50639109,126.7541356,9:00,18:00,주말+ 공휴일,무료,,28,25,Y,기계식,N,032-625-9093,경기도 부천시 건설정책과,2026-06-18,3860000,경기도 부천시
호명읍 늘품복지센터,무인대여소,경상북도 예천군 호명읍 봉호로 4205-20,경상북도 예천군 호명읍 오천리 74-1,36.59035671,128.4715739,5:00,23:59,연중무휴,혼합,회원권 1000원,15,15,N,,N,054-650-8976,경상북도 예천군,2026-03-17,5230000,경상북도 예천군
LH아파트 앞,무인대여소,경상북도 예천군 호명읍 행복로 111,경상북도 예천군 호명읍 산합리 1117,36.57875458,128.4752438,5:00,23:59,연중무휴,혼합,회원권 1000원,15,15,N,,N,054-650-8976,경상북도 예천군,2026-03-17,5230000,경상북도 예천군
우방센텀아파트 정문 옆,무인대여소,경상북도 예천군 호명읍 검무로 27,경상북도 예천군 호명읍 산합리 1400,36.57910682,128.494682,5:00,23:59,연중무휴,혼합,회원권 1000원,15,15,N,,N,054-650-8976,경상북도 예천군,2026-03-17,5230000,경상북도 예천군
우방센트럴아파트 정문 옆,무인대여소,경상북도 예천군 호명읍 행복로 229,경상북도 예천군 호명읍 산합리 1398,36.57808126,128.4898472,5:00,23:59,연중무휴,혼합,회원권 1000원,15,15,N,,N,054-650-8976,경상북도 예천군,2026-03-17,5230000,경상북도 예천군
우방2차 아파트 정문 옆,무인대여소,경상북도 예천군 호명읍 행복로 230,경상북도 예천군 호명읍 산합리 1383,36.57709318,128.4878418,5:00,23:59,연중무휴,혼합,회원권 1000원,15,15,N,,N,054-650-8976,경상북도 예천군,2026-03-17,5230000,경상북도 예천군
호반2차아파트 정문 옆,무인대여소,경상북도 예천군 호명읍 양지로 14,경상북도 예천군 호명읍 산합리 1381,36.57681019,128.4820774,5:00,23:59,연중무휴,혼합,회원권 1000원,15,15,N,,N,054-650-8976,경상북도 예천군,2026-03-17,5230000,경상북도 예천군
동일아파트 후문 옆,무인대여소,경상북도 예천군 호명읍 행복로 177,경상북도 예천군 호명읍 산합리 1393,36.57948311,128.4823777,5:00,23:59,연중무휴,혼합,회원권 1000원,15,15,N,,N,054-650-8976,경상북도 예천군,2026-03-17,5230000,경상북도 예천군
경북도서관 앞,무인대여소,경상북도 예천군 호명읍 도청대로 200,경상북도 예천군 호명읍 산합리 1498,36.57428004,128.4886886,5:00,23:59,연중무휴,혼합,회원권 1000원,20,30,Y,태양광식,N,054-650-8976,경상북도 예천군,2026-03-17,5230000,경상북도 예천군
경북일고등학교 건너편,무인대여소,,경상북도 예천군 호명읍 산합리 1384,36.57729587,128.4848494,5:00,23:59,연중무휴,혼합,회원권 1000원,15,30,N,,N,054-650-8976,경상북도 예천군,2026-03-17,5230000,경상북도 예천군
정부경북지방합동청사 앞,무인대여소,,경상북도 예천군 호명읍 금능리 782,36.57693412,128.4677205,5:00,23:59,연중무휴,혼합,회원권 1000원,20,30,N,,N,054-650-8976,경상북도 예천군,2026-03-17,5230000,경상북도 예천군
스마트도시통합운영센터 옆,무인대여소,경상북도 예천군 호명읍 행복7길 25-4,경상북도 예천군 호명읍 산합리 1122,36.57678049,128.4732407,5:00,23:59,연중무휴,혼합,회원권 1000원,20,30,N,,N,054-650-8976,경상북도 예천군,2026-03-17,5230000,경상북도 예천군
광주광역시 남구청 건설과,유인대여소,광주광역시 남구 봉선로 1,,35.132906,126.902432,9:00,16:00,토+일+공휴일,무료,,25,10,Y,,Y,062-607-4042,광주광역시 남구청,2026-03-26,5815000,전남광주통합특별시 남구
모산초 삼거리(김해시 율하로 482),무인대여소,경상남도 김해시 율하로 482,경상남도 김해시 장유동 875-1,35.16753976,128.8274054,7:00,22:00,연중무휴,유료,기본요금(대여 후 30분까지): 500원+추가요금(초과 시 10분당): 200원,5,10,N,,N,055-330-2723,경상남도 김해시청,2026-03-19,5350000,경상남도 김해시
국립가야역사문화센터(김해시 대청로 45),무인대여소,경상남도 김해시 대청로 45,경상남도 김해시 관동동 452-3,35.17923251,128.7986755,7:00,22:00,연중무휴,유료,기본요금(대여 후 30분까지): 500원+추가요금(초과 시 10분당): 200원,5,10,N,,N,055-330-2723,경상남도 김해시청,2026-03-19,5350000,경상남도 김해시
롯데가든파크(김해시 신문동 733-2),무인대여소,,경상남도 김해시 신문동 733-2,35.18356112,128.8237309,7:00,22:00,연중무휴,유료,기본요금(대여 후 30분까지): 500원+추가요금(초과 시 10분당): 200원,5,10,N,,N,055-330-2723,경상남도 김해시청,2026-03-19,5350000,경상남도 김해시
칠암도서관(김해시 활천로285번길 14),무인대여소,경상남도 김해시 활천로285번길 14,경상남도 김해시 삼방동 192,35.24456328,128.910444,7:00,22:00,연중무휴,유료,기본요금(대여 후 30분까지): 500원+추가요금(초과 시 10분당): 200원,5,10,N,,N,055-330-2723,경상남도 김해시청,2026-03-19,5350000,경상남도 김해시
김해종합운동장(김해시 가야로 243),무인대여소,경상남도 김해시 가야로 243,경상남도 김해시 구산동 1049-2,35.25789724,128.8749007,7:00,22:00,연중무휴,유료,기본요금(대여 후 30분까지): 500원+추가요금(초과 시 10분당): 200원,5,10,N,,N,055-330-2723,경상남도 김해시청,2026-03-19,5350000,경상남도 김해시
함박공원(김해시 함박로 21),무인대여소,경상남도 김해시 함박로 21,경상남도 김해시 외동 1205,35.23361292,128.8565717,7:00,22:00,연중무휴,유료,기본요금(대여 후 30분까지): 500원+추가요금(초과 시 10분당): 200원,5,10,N,,N,055-330-2723,경상남도 김해시청,2026-03-19,5350000,경상남도 김해시
제일교회 사거리(김해시 동상동 1056-7),무인대여소,,경상남도 김해시 동상동 1056-7,35.23374324,128.8847748,7:00,22:00,연중무휴,유료,기본요금(대여 후 30분까지): 500원+추가요금(초과 시 10분당): 200원,5,10,N,,N,055-330-2723,경상남도 김해시청,2026-03-19,5350000,경상남도 김해시
선천들공원(김해시 주촌면 천곡로15번길 34),무인대여소,경상남도 김해시 주촌면 천곡로15번길 34,경상남도 김해시 주촌면 천곡리 1547,35.23047116,128.8382568,7:00,22:00,연중무휴,유료,기본요금(대여 후 30분까지): 500원+추가요금(초과 시 10분당): 200원,5,10,N,,N,055-330-2723,경상남도 김해시청,2026-03-19,5350000,경상남도 김해시
선지공원(김해시 주촌면 선지로 70),무인대여소,경상남도 김해시 주촌면 선지로 70,경상남도 김해시 주촌면 선지리 1512,35.22950193,128.8449244,7:00,22:00,연중무휴,유료,기본요금(대여 후 30분까지): 500원+추가요금(초과 시 10분당): 200원,5,10,N,,N,055-330-2723,경상남도 김해시청,2026-03-19,5350000,경상남도 김해시
진영한빛도서관(김해시 김해대로 440),무인대여소,경상남도 김해시 진영읍 김해대로 440,경상남도 김해시 진영읍 여래리 530-2,35.30467825,128.7369112,7:00,22:00,연중무휴,유료,기본요금(대여 후 30분까지): 500원+추가요금(초과 시 10분당): 200원,5,10,N,,N,055-330-2723,경상남도 김해시청,2026-03-19,5350000,경상남도 김해시
가야대역(1번출구 옆),무인대여소,경상남도 김해시 해반천로 211,경상남도 김해시 삼계동 1519-7,35.26672721,128.8650703,7:00,22:00,연중무휴,유료,기본요금(대여 후 30분까지): 500원+추가요금(초과 시 10분당): 200원,5,10,Y,태양광식,N,055-330-2723,경상남도 김해시청,2026-03-19,5350000,경상남도 김해시
부원역(1번출구 옆),무인대여소,경상남도 김해시 김해대로 2342,경상남도 김해시 부원동 1043,35.22571653,128.8832404,7:00,22:00,연중무휴,유료,기본요금(대여 후 30분까지): 500원+추가요금(초과 시 10분당): 200원,5,10,Y,태양광식,N,055-330-2723,경상남도 김해시청,2026-03-19,5350000,경상남도 김해시
공주공원(김해시 내동 1146-7),무인대여소,경상남도 김해시 내외로95번길 4,경상남도 김해시 내동 1146-7,35.23479223,128.8679235,7:00,22:00,연중무휴,유료,기본요금(대여 후 30분까지): 500원+추가요금(초과 시 10분당): 200원,5,15,N,,N,055-330-2723,경상남도 김해시청,2026-03-19,5350000,경상남도 김해시
거북공원(김해시 내동 1116-2),무인대여소,경상남도 김해시 내외로77번길 17,경상남도 김해시 내동 1116-2,35.23619539,128.8657444,7:00,22:00,연중무휴,유료,기본요금(대여 후 30분까지): 500원+추가요금(초과 시 10분당): 200원,5,15,N,,N,055-330-2723,경상남도 김해시청,2026-03-19,5350000,경상남도 김해시
연지공원(김해시 내동 1068),무인대여소,,경상남도 김해시 내동 1068,35.24504243,128.8705006,7:00,22:00,연중무휴,유료,기본요금(대여 후 30분까지): 500원+추가요금(초과 시 10분당): 200원,5,20,N,,N,055-330-2723,경상남도 김해시청,2026-03-19,5350000,경상남도 김해시
수로왕비릉(김해시 구산동 92-1),무인대여소,,경상남도 김해시 구산동 93-1,35.24254272,128.877665,7:00,22:00,연중무휴,유료,기본요금(대여 후 30분까지): 500원+추가요금(초과 시 10분당): 200원,5,15,N,,N,055-330-2723,경상남도 김해시청,2026-03-19,5350000,경상남도 김해시
수로왕릉(김해시 서상동 335-1),무인대여소,,경상남도 김해시 서상동 335-1,35.23373882,128.878894,7:00,22:00,연중무휴,유료,기본요금(대여 후 30분까지): 500원+추가요금(초과 시 10분당): 200원,5,20,N,,N,055-330-2723,경상남도 김해시청,2026-03-19,5350000,경상남도 김해시
대성동고분박물관(김해시 봉황동 451-2),무인대여소,,경상남도 김해시 봉황동 453-1,35.23483439,128.8728269,7:00,22:00,연중무휴,유료,기본요금(대여 후 30분까지): 500원+추가요금(초과 시 10분당): 200원,5,20,N,,N,055-330-2723,경상남도 김해시청,2026-03-19,5350000,경상남도 김해시
국립김해박물관(김해시 구산동 241-2),무인대여소,,경상남도 김해시 구산동 1032,35.24371572,128.8722231,7:00,22:00,연중무휴,유료,기본요금(대여 후 30분까지): 500원+추가요금(초과 시 10분당): 200원,5,15,N,,N,055-330-2723,경상남도 김해시청,2026-03-19,5350000,경상남도 김해시
연지공원역(2번출구 옆),무인대여소,경상남도 김해시 해반천로 5,경상남도 김해시 구산동 1072-8,35.24965763,128.8692908,7:00,22:00,연중무휴,유료,기본요금(대여 후 30분까지): 500원+추가요금(초과 시 10분당): 200원,5,10,N,,N,055-330-2723,경상남도 김해시청,2026-03-19,5350000,경상남도 김해시
박물관역(2번출구 옆),무인대여소,경상남도 김해시 김해대로 2103,경상남도 김해시 내동 1037-1,35.24006467,128.8718628,7:00,22:00,연중무휴,유료,기본요금(대여 후 30분까지): 500원+추가요금(초과 시 10분당): 200원,5,10,N,,N,055-330-2723,경상남도 김해시청,2026-03-19,5350000,경상남도 김해시
수로왕릉역(2번출구 옆),무인대여소,경상남도 김해시 김해대로 2181,경상남도 김해시 외동 1140-1,35.2328215,128.8721631,7:00,22:00,연중무휴,유료,기본요금(대여 후 30분까지): 500원+추가요금(초과 시 10분당): 200원,5,10,N,,N,055-330-2723,경상남도 김해시청,2026-03-19,5350000,경상남도 김해시
봉황역(1번출구 옆),무인대여소,경상남도 김해시 김해대로 2232,경상남도 김해시 외동 1264,35.22933963,128.8722426,7:00,22:00,연중무휴,유료,기본요금(대여 후 30분까지): 500원+추가요금(초과 시 10분당): 200원,5,15,N,,N,055-330-2723,경상남도 김해시청,2026-03-19,5350000,경상남도 김해시
김해시 자전거교육장(김해시 봉황동 458-5),유인대여소,경상남도 김해시 가야의길 80,경상남도 김해시 봉황동 458-5,35.23308861,128.8733056,10:00,17:00,매주 월요일 휴무,무료,,141,30,Y,태양광식,N,055-330-2723,경상남도 김해시청,2026-03-19,5350000,경상남도 김해시
장유스포츠센터(삼문동 695),무인대여소,경상남도 김해시 번화2로 72,경상남도 김해시 삼문동 695,35.1957256,128.8049437,7:00,22:00,연중무휴,유료,기본요금(대여 후 30분까지): 500원+추가요금(초과 시 10분당): 200원,5,10,N,,N,055-330-2723,경상남도 김해시청,2026-03-19,5350000,경상남도 김해시
장유중앙광장(대청동 155),무인대여소,경상남도 김해시 번화1로68번길 22,경상남도 김해시 대청동 155,35.19413571,128.8023354,7:00,22:00,연중무휴,유료,기본요금(대여 후 30분까지): 500원+추가요금(초과 시 10분당): 200원,5,10,N,,N,055-330-2723,경상남도 김해시청,2026-03-19,5350000,경상남도 김해시
서부문화센터(장유동 824-6),무인대여소,,경상남도 김해시 장유동 824-6,35.17274446,128.822934,7:00,22:00,연중무휴,유료,기본요금(대여 후 30분까지): 500원+추가요금(초과 시 10분당): 200원,5,7,N,,N,055-330-2723,경상남도 김해시청,2026-03-19,5350000,경상남도 김해시
장유도서관(대청동 299),무인대여소,경상남도 김해시 대청로176번길 7,경상남도 김해시 대청동 299,35.19135152,128.7970325,7:00,22:00,연중무휴,유료,기본요금(대여 후 30분까지): 500원+추가요금(초과 시 10분당): 200원,5,10,N,,N,055-330-2723,경상남도 김해시청,2026-03-19,5350000,경상남도 김해시
서어지공원(진영리 1614-2),무인대여소,,경상남도 김해시 진영읍 진영리 1614-2,35.30808066,128.7310999,7:00,22:00,연중무휴,유료,기본요금(대여 후 30분까지): 500원+추가요금(초과 시 10분당): 200원,5,10,N,,N,055-330-2723,경상남도 김해시청,2026-03-19,5350000,경상남도 김해시
진영역사공원(진영읍 진영리 701-1),무인대여소,,경상남도 김해시 진영읍 진영리 701-1,35.30445719,128.7226581,7:00,22:00,연중무휴,유료,기본요금(대여 후 30분까지): 500원+추가요금(초과 시 10분당): 200원,5,10,N,,N,055-330-2723,경상남도 김해시청,2026-03-19,5350000,경상남도 김해시
진영운동장(진영리 1347),무인대여소,경상남도 김해시 진영읍 김해대로 253,경상남도 김해시 진영읍 진영리 1347,35.30758467,128.7176183,7:00,22:00,연중무휴,유료,기본요금(대여 후 30분까지): 500원+추가요금(초과 시 10분당): 200원,5,10,N,,N,055-330-2723,경상남도 김해시청,2026-03-19,5350000,경상남도 김해시
인제대학교(어방동 607),무인대여소,경상남도 김해시 인제로 197,경상남도 김해시 어방동 607,35.25281009,128.9005153,7:00,22:00,연중무휴,유료,기본요금(대여 후 30분까지): 500원+추가요금(초과 시 10분당): 200원,5,10,N,,N,055-330-2723,경상남도 김해시청,2026-03-19,5350000,경상남도 김해시
장신대역(1번출구 옆),무인대여소,,경상남도 김해시 삼계동 1519-18,35.26090041,128.8668994,7:00,22:00,연중무휴,유료,기본요금(대여 후 30분까지): 500원+추가요금(초과 시 10분당): 200원,5,10,N,,N,055-330-2723,경상남도 김해시청,2026-03-19,5350000,경상남도 김해시
지내역(2번출구 옆),무인대여소,,경상남도 김해시 지내동 535-2,35.22779783,128.9237144,7:00,22:00,연중무휴,유료,기본요금(대여 후 30분까지): 500원+추가요금(초과 시 10분당): 200원,5,10,N,,N,055-330-2723,경상남도 김해시청,2026-03-19,5350000,경상남도 김해시
김해대학역(2번출구 옆),무인대여소,,경상남도 김해시 안동 571-3,35.22904987,128.9155286,7:00,22:00,연중무휴,유료,기본요금(대여 후 30분까지): 500원+추가요금(초과 시 10분당): 200원,5,10,N,,N,055-330-2723,경상남도 김해시청,2026-03-19,5350000,경상남도 김해시
인제대역(1번출구 옆),무인대여소,경상남도 김해시 김해대로 2515,경상남도 김해시 삼정동 150-44,35.22809947,128.901736,7:00,22:00,연중무휴,유료,기본요금(대여 후 30분까지): 500원+추가요금(초과 시 10분당): 200원,5,10,N,,N,055-330-2723,경상남도 김해시청,2026-03-19,5350000,경상남도 김해시
김해시청역(2번출구 옆),무인대여소,경상남도 김해시 김해대로 2402,경상남도 김해시 부원동 553-1,35.22646166,128.8900186,7:00,22:00,연중무휴,유료,기본요금(대여 후 30분까지): 500원+추가요금(초과 시 10분당): 200원,5,10,N,,N,055-330-2723,경상남도 김해시청,2026-03-19,5350000,경상남도 김해시
율하유적전시관(율하동 1407),무인대여소,경상남도 김해시 율하1로 55,경상남도 김해시 율하동 1407,35.17569764,128.8103324,7:00,22:00,연중무휴,유료,기본요금(대여 후 30분까지): 500원+추가요금(초과 시 10분당): 200원,5,10,Y,태양광식,N,055-330-2723,경상남도 김해시청,2026-03-19,5350000,경상남도 김해시
활천꽃무릇숲길(어방동 1077),무인대여소,,경상남도 김해시 어방동 1077,35.23875373,128.9048185,7:00,22:00,연중무휴,유료,기본요금(대여 후 30분까지): 500원+추가요금(초과 시 10분당): 200원,5,10,N,,N,055-330-2723,경상남도 김해시청,2026-03-19,5350000,경상남도 김해시
청소년문화복지센터(부곡동 802-8),무인대여소,경상남도 김해시 월산로 116,경상남도 김해시 부곡동 802-8,35.20547847,128.8023079,7:00,22:00,연중무휴,유료,기본요금(대여 후 30분까지): 500원+추가요금(초과 시 10분당): 200원,5,10,N,,N,055-330-2723,경상남도 김해시청,2026-03-19,5350000,경상남도 김해시
알로기공원(부곡동 1157-4),무인대여소,,경상남도 김해시 부곡동 1157-4,35.20305648,128.8065132,7:00,22:00,연중무휴,유료,기본요금(대여 후 30분까지): 500원+추가요금(초과 시 10분당): 200원,5,10,N,,N,055-330-2723,경상남도 김해시청,2026-03-19,5350000,경상남도 김해시
공공자전거두바퀴의행복2호점(오성점),유인대여소,경기도 평택시 오성면 강변로 486,,36.990703,126.978111,10:00,17:00,월요일+명절+성탄절,무료,,108,,Y,,N,031-658-4788,평택지역자활센터,2026-03-09,3910000,경기도 평택시
공공자전거두바퀴의행복1호점(세교점),유인대여소,경기도 평택시 동삭로 174,,37.002771,127.0882212,10:00,17:00,월요일+명절+성탄절,무료,,41,,Y,,N,031-658-4788,평택지역자활센터,2026-03-09,3910000,경기도 평택시
태화강국가정원,유인대여소,울산광역시 중구 샛강남길 120,울산광역시 중구 태화동 107,35.55005056,129.2990163,9:30,17:30,월+화,유료,1인용: 2000원 2인용: 3000원 마차형: 4000원,174,,Y,수동식,N,052-211-0106,울산광역시 중구청(울산광역시 자전거문화강사회 민간위탁 운영),2026-03-01,3690000,울산광역시 중구
중구자전거문화센터,유인대여소,울산광역시 중구 외솔큰길 196,울산광역시 중구 남외동 634-1,35.567156,129.351424,9:00,18:00,월+화+수+목+금,유료,1인용: 2000원 2인용: 3000원 마차형: 4000원,146,,Y,수동식,N,052-211-0106,울산광역시 중구청(울산광역시 자전거문화강사회 민간위탁 운영),2026-03-01,3690000,울산광역시 중구
섬밭길 자전거대여소(2월~11월),유인대여소,서울특별시 노원구 섬밭로 93 (공릉동) 한천교 동편 밑,서울특별시 노원구 공릉동 626-5,37.624978,127.0702571,8:00,19:00,"혹한기(1월+12월)+명절(설, 추석), 근로자의 날+매월 첫 번째 수요일(공휴일일 경우 익일)+임시휴무일(상ㆍ하반기 총 8회 근무자 전원 정기교육에 인한 임시휴무)+선거일(대통령ㆍ국회의원 등 법정 공휴일로 지정되는 선거일)",혼합,1일권 1000원+정기권(10개월) 15000원+무료(초ㆍ중ㆍ고 18세 이하+국가유공자+장애인+기초생활수급자+차상위계층+65세 이상),75,0,Y,기계식,N,02-977-1232,서울특별시 노원구청,2026-03-31,3100000,서울특별시 노원구
상계역 자전거대여소(2월~11일),유인대여소,서울특별시 노원구 상계로 182 (상계동) 상계역 고가 밑,서울특별시 노원구 상계동 156-203,37.660951,127.0735754,8:00,19:00,"혹한기(1월+12월)+명절(설, 추석), 근로자의 날+매월 첫 번째 수요일(공휴일일 경우 익일)+임시휴무일(상ㆍ하반기 총 8회 근무자 전원 정기교육에 인한 임시휴무)+선거일(대통령ㆍ국회의원 등 법정 공휴일로 지정되는 선거일)",혼합,1일권 1000원+정기권(10개월) 15000원+무료(초ㆍ중ㆍ고 18세 이하+국가유공자+장애인+기초생활수급자+차상위계층+65세 이상),47,0,Y,기계식,Y,02-936-5240,서울특별시 노원구청,2026-03-31,3100000,서울특별시 노원구
어린이교통공원 자전거대여소(2월~11월),유인대여소,서울특별시 노원구 덕릉로 483 (중계동) 중계역 6번출구 옆,서울특별시 노원구 중계동 500,37.64560941,127.062777,8:00,19:00,"혹한기(1월+12월)+명절(설, 추석), 근로자의 날+매월 첫 번째 수요일(공휴일일 경우 익일)+임시휴무일(상ㆍ하반기 총 8회 근무자 전원 정기교육에 인한 임시휴무)+선거일(대통령ㆍ국회의원 등 법정 공휴일로 지정되는 선거일)",혼합,1일권 1000원+정기권(10개월) 15000원+무료(초ㆍ중ㆍ고 18세 이하+국가유공자+장애인+기초생활수급자+차상위계층+65세 이상),68,0,Y,기계식,N,02-971-7363,서울특별시 노원구청,2026-03-31,3100000,서울특별시 노원구
삽교호 자전거터미널,유인대여소,충청남도 당진시 신평면 삽교천길 90-15 1층,,36.88641003,126.8258532,9:00,18:00,1) 1월+2월2) 월요일+화요일,유료,,75,,Y,,Y,041-360-1357,당진도시공사,2026-01-15,5680000,충청남도 당진시
진월면 무료대여소,유인대여소,전라남도 광양시 진월면 망덕길,전라남도 광양시 진월면 망덕리 845-82,34.96787088,127.7579265,9:00,18:00,매주 수+목,무료,0,52,1,Y,기계식,N,061-797-2491,전라남도 광양시청,2026-03-06,4840000,전라남도 광양시
광양읍 무료대여소,유인대여소,전라남도 광양시 대학로 9,전라남도 광양시 광양읍 덕례리 543-2,34.9615928,127.5712121,9:00,18:00,매주 수+목,무료,0,50,1,Y,기계식,N,061-797-2491,전라남도 광양시청,2026-03-06,4840000,전라남도 광양시
백제가요정읍사오솔길이용시설,유인대여소,전북특별자치도 정읍시 월영1길 7,전북특별자치도 정읍시 쌍암동 536-4,35.52054589,126.8960337,9:00,18:00,연중무휴,유료,1시간당 요금(1인용 1000원+2인용 2000원+3인용 3000원+6인용 6000원)+초과요금(30분 기준)(1·2인용 1000원+3인용 2000원+6인용 3000원)+1일당 요금(1·2인용 10000원+3인용 15000원+6인용 20000원),175,0,Y,기계식,N,063-539-5704,전북특별자치도 정읍시청,2026-01-01,4691000,전북특별자치도 정읍시
초록길자전거센터,유인대여소,,충청북도 제천시 청전동 335-9,37.151367,128.206184,10:00,19:00,월,무료,,73,73,Y,기계식,N,043-641-7507,제천시체육회,2025-12-24,4400000,충청북도 제천시
산소100리길 자전거대여소,유인대여소,강원특별자치도 화천군 화천읍 강변로 2-5,강원특별자치도 화천군 화천읍 하리 3-1,38.102197,127.702716,9:00,18:00,월,유료,1일권 1만원,83,,Y,수동식,N,033-442-7570,강원특별자치도 화천군청 문화체육과,2026-01-12,4311000,강원특별자치도 화천군
알톤자전거 강릉대리점,유인대여소,강원특별자치도 강릉시 강릉대로 301-1,,37.76369132,128.9012497,10:00,20:00,연중무휴,유료,,20,,Y,,N,033-640-5522,강원특별자치도 강릉시청 건설과,2026-01-30,4201000,강원특별자치도 강릉시
바이크스토리,유인대여소,강원특별자치도 강릉시 경포로 489-6,,37.80400734,128.9047496,10:30,21:00,연중무휴,유료,,100,,Y,,N,033-640-5522,강원특별자치도 강릉시청 건설과,2026-01-30,4201000,강원특별자치도 강릉시
그린바이크,유인대여소,강원특별자치도 강릉시 경포로 489-6,,37.80400734,128.9047496,10:00,20:00,연중무휴,유료,,70,,Y,,N,033-640-5522,강원특별자치도 강릉시청 건설과,2026-01-30,4201000,강원특별자치도 강릉시
몬스터바이크,유인대여소,강원특별자치도 강릉시 경포로 489-6,,37.80400734,128.9047496,10:00,22:00,연중무휴,유료,,70,,Y,,N,033-640-5522,강원특별자치도 강릉시청 건설과,2026-01-30,4201000,강원특별자치도 강릉시
원바이크,유인대여소,강원특별자치도 강릉시 해안로 501,,37.80440301,128.9050099,10:00,20:00,연중무휴,유료,,30,,Y,,N,033-640-5522,강원특별자치도 강릉시청 건설과,2026-01-30,4201000,강원특별자치도 강릉시
패밀리바이크,유인대여소,강원특별자치도 강릉시 해안로 501,,37.80440301,128.9050099,10:00,20:00,연중무휴,유료,,20,,Y,,N,033-640-5522,강원특별자치도 강릉시청 건설과,2026-01-30,4201000,강원특별자치도 강릉시
스쿠터뱅크,유인대여소,강원특별자치도 강릉시 경포로 477,,37.8026477,128.9040317,9:00,20:00,연중무휴,유료,,50,,Y,,N,033-640-5522,강원특별자치도 강릉시청 건설과,2026-01-30,4201000,강원특별자치도 강릉시
가족사랑자전거,유인대여소,강원특별자치도 강릉시 경포로 477,,37.8026477,128.9040317,0:00,23:59,연중무휴,유료,,50,,Y,,N,033-640-5522,강원특별자치도 강릉시청 건설과,2026-01-30,4201000,강원특별자치도 강릉시
낭만자전거,유인대여소,강원특별자치도 강릉시 경포로 479,,37.80332652,128.9043357,9:30,21:00,연중무휴,유료,,50,,Y,,N,033-640-5522,강원특별자치도 강릉시청 건설과,2026-01-30,4201000,강원특별자치도 강릉시
해운대구자전거종합서비스센터,유인대여소,,부산광역시 해운대구 재송동 704-5,35.175333,129.121651,10:00,17:30,월+화,무료,,75,27,Y,태양광식,Y,051-749-4514,부산광역시 해운대구,2026-02-19,3330000,부산광역시 해운대구
냉천(낭만자전거2),유인대여소,,경상북도 포항시 남구 오천읍 문덕리 247-1,35.96855045,129.410553,9:00,18:00,12월~3월 휴무,무료,무료,11,4,Y,수동식,N,070-7204-7948,경상북도 포항시지역자활센터,2025-12-30,5020000,경상북도 포항시
냉천(낭만자전거1),유인대여소,,경상북도 포항시 남구 오천읍 문덕리 203-13,35.95930687,129.408562,9:00,18:00,12월~3월 휴무,무료,무료,11,3,Y,수동식,N,070-7204-7948,경상북도 포항시지역자활센터,2025-12-30,5020000,경상북도 포항시
철길숲,유인대여소,경상북도 포항시 남구 효자로118번길 40-12,경상북도 포항시 남구 효자동 135-1,36.008974,129.335982,9:00,18:00,12월~3월 휴무,무료,무료,11,2,Y,수동식,N,070-7204-7948,경상북도 포항시지역자활센터,2025-12-30,5020000,경상북도 포항시
호미곶광장,유인대여소,경상북도 포항시 남구 호미곶면 해맞이로 136,경상북도 포항시 남구 호미곶면 대보리 286-6,36.07608308,129.5665319,10:00,17:00,12월~3월 휴무,무료,무료,20,2,Y,수동식,N,070-7204-7948,경상북도 포항시지역자활센터,2025-12-30,5020000,경상북도 포항시
4428. 돈암동부센트레빌상가,무인대여소,,서울특별시 성북구 돈암동 8-162,37.60234837,127.02538,0:00,23:59,연중무휴,유료,7일권(60분 3천원+120분 4천원)+30일권(60분 5천원+120분 7천원)+365일권(60분 3만원+120분 5만원),7,7,N,수동식,N,1599-0120,서울특별시청,2025-12-23,3070000,서울특별시 성북구
4427. 동일하이빌뉴시티,무인대여소,서울특별시 성북구 종암로 167,,37.60505867,127.0309904,0:00,23:59,연중무휴,유료,7일권(60분 3천원+120분 4천원)+30일권(60분 5천원+120분 7천원)+365일권(60분 3만원+120분 4만원),10,10,N,수동식,N,1599-0120,서울특별시청,2025-12-23,3070000,서울특별시 성북구
4425. 하늘채코오롱아파트 앞,무인대여소,,서울특별시 성북구 장위동 319-2,37.61972141,127.0453689,0:00,23:59,연중무휴,유료,7일권(60분 3천원+120분 4천원)+30일권(60분 5천원+120분 7천원)+365일권(60분 3만원+120분 4만원),10,10,N,수동식,N,1599-0120,서울특별시청,2025-12-23,3070000,서울특별시 성북구
4423. 현대백화점 미아점,무인대여소,,서울특별시 성북구 길음동 1289-5,37.6088486,127.028611,0:00,23:59,연중무휴,유료,7일권(60분 3천원+120분 4천원)+30일권(60분 5천원+120분 7천원)+365일권(60분 3만원+120분 4만원),10,10,N,수동식,N,1599-0120,서울특별시청,2025-12-23,3070000,서울특별시 성북구
4421. 롯데캐슬클라시아 입구 앞,무인대여소,,서울특별시 성북구 길음동 1289-3,37.60783455,127.0270549,0:00,23:59,연중무휴,유료,7일권(60분 3천원+120분 4천원)+30일권(60분 5천원+120분 7천원)+365일권(60분 3만원+120분 4만원),10,10,N,수동식,N,1599-0120,서울특별시청,2025-12-23,3070000,서울특별시 성북구
4420. 성북구 한예종 캠퍼스 별관,무인대여소,서울특별시 성북구 화랑로32길 146-37,,37.6063581,127.0539408,0:00,23:59,연중무휴,유료,7일권(60분 3천원+120분 4천원)+30일권(60분 5천원+120분 7천원)+365일권(60분 3만원+120분 4만원),6,6,N,수동식,N,1599-0120,서울특별시청,2025-12-23,3070000,서울특별시 성북구
4419. 성북구 한예종 캠퍼스 본관,무인대여소,서울특별시 성북구 화랑로32길 146-37,,37.6063581,127.0539408,0:00,23:59,연중무휴,유료,7일권(60분 3천원+120분 4천원)+30일권(60분 5천원+120분 7천원)+365일권(60분 3만원+120분 4만원),6,6,N,수동식,N,1599-0120,서울특별시청,2025-12-23,3070000,서울특별시 성북구
4418. 종암동 동덕여대 제2생활관 앞,무인대여소,서울특별시 성북구 종암로 127-1,,37.6013423,127.0331583,0:00,23:59,연중무휴,유료,7일권(60분 3천원+120분 4천원)+30일권(60분 5천원+120분 7천원)+365일권(60분 3만원+120분 4만원),8,8,N,수동식,N,1599-0120,서울특별시청,2025-12-23,3070000,서울특별시 성북구
4417. 성북청소년문화의집,무인대여소,,서울특별시 성북구 정릉동 산1-297,37.6156693,127.0087662,0:00,23:59,연중무휴,유료,7일권(60분 3천원+120분 4천원)+30일권(60분 5천원+120분 7천원)+365일권(60분 3만원+120분 4만원),10,10,N,수동식,N,1599-0120,서울특별시청,2025-12-23,3070000,서울특별시 성북구
4415. 미아초교버스승강장,무인대여소,,서울특별시 성북구 길음동 1261-535,37.6121048,127.0219803,0:00,23:59,연중무휴,유료,7일권(60분 3천원+120분 4천원)+30일권(60분 5천원+120분 7천원)+365일권(60분 3만원+120분 4만원),7,7,N,수동식,N,1599-0120,서울특별시청,2025-12-23,3070000,서울특별시 성북구
4414. 안암역 3번 출구,무인대여소,,서울특별시 성북구 안암동5가 101-113,37.5861893,127.0294676,0:00,23:59,연중무휴,유료,7일권(60분 3천원+120분 4천원)+30일권(60분 5천원+120분 7천원)+365일권(60분 3만원+120분 4만원),8,8,N,수동식,N,1599-0120,서울특별시청,2025-12-23,3070000,서울특별시 성북구
4411. 동산어린이공원 앞,무인대여소,서울특별시 성북구 오패산로3길 77,,37.60459386,127.0345453,0:00,23:59,연중무휴,유료,7일권(60분 3천원+120분 4천원)+30일권(60분 5천원+120분 7천원)+365일권(60분 3만원+120분 4만원),5,5,N,수동식,N,1599-0120,서울특별시청,2025-12-23,3070000,서울특별시 성북구
4408. 돌곶이역 앞,무인대여소,,서울특별시 성북구 장위동 63-93,37.6111461,127.0573498,0:00,23:59,연중무휴,유료,7일권(60분 3천원+120분 4천원)+30일권(60분 5천원+120분 7천원)+365일권(60분 3만원+120분 4만원),19,19,N,수동식,N,1599-0120,서울특별시청,2025-12-23,3070000,서울특별시 성북구
4406. 장곡초등학교 앞,무인대여소,서울특별시 성북구 돌곶이로40길 46,,37.61866075,127.0489591,0:00,23:59,연중무휴,유료,7일권(60분 3천원+120분 4천원)+30일권(60분 5천원+120분 7천원)+365일권(60분 3만원+120분 4만원),10,10,N,수동식,N,1599-0120,서울특별시청,2025-12-23,3070000,서울특별시 성북구
1396. 래미안장위퍼스트하이(513동),무인대여소,,서울특별시 성북구 장위동 320-9,37.6193565,127.0505661,0:00,23:59,연중무휴,유료,7일권(60분 3천원+120분 4천원)+30일권(60분 5천원+120분 7천원)+365일권(60분 3만원+120분 4만원),30,30,N,수동식,N,1599-0120,서울특별시청,2025-12-23,3070000,서울특별시 성북구
1395. 래미안장위포레카운티(102동),무인대여소,서울특별시 성북구 장월로 160,,37.61800248,127.0533081,0:00,23:59,연중무휴,유료,7일권(60분 3천원+120분 4천원)+30일권(60분 5천원+120분 7천원)+365일권(60분 3만원+120분 4만원),20,20,N,수동식,N,1599-0120,서울특별시청,2025-12-23,3070000,서울특별시 성북구
1394. 길음뉴타운 래미안9단지,무인대여소,서울특별시 성북구 길음로9길 50,,37.6026965,127.020948,0:00,23:59,연중무휴,유료,7일권(60분 3천원+120분 4천원)+30일권(60분 5천원+120분 7천원)+365일권(60분 3만원+120분 4만원),10,10,N,수동식,N,1599-0120,서울특별시청,2025-12-23,3070000,서울특별시 성북구
1393. 돈암육교 하단,무인대여소,,서울특별시 성북구 돈암동 51-10,37.5980263,127.0212433,0:00,23:59,연중무휴,유료,7일권(60분 3천원+120분 4천원)+30일권(60분 5천원+120분 7천원)+365일권(60분 3만원+120분 4만원),10,10,N,수동식,N,1599-0120,서울특별시청,2025-12-23,3070000,서울특별시 성북구
1392. 돈암삼성풍림아파트,무인대여소,,서울특별시 성북구 돈암동 632-6,37.5966935,127.0225372,0:00,23:59,연중무휴,유료,7일권(60분 3천원+120분 4천원)+30일권(60분 5천원+120분 7천원)+365일권(60분 3만원+120분 4만원),10,10,N,수동식,N,1599-0120,서울특별시청,2025-12-23,3070000,서울특별시 성북구
1391. 성북청소년센터,무인대여소,,서울특별시 성북구 장위동 322-16,37.617012,127.0563154,0:00,23:59,연중무휴,유료,7일권(60분 3천원+120분 4천원)+30일권(60분 5천원+120분 7천원)+365일권(60분 3만원+120분 4만원),10,10,N,수동식,N,1599-0120,서울특별시청,2025-12-23,3070000,서울특별시 성북구
1390. 석관래미안아트리치,무인대여소,서울특별시 성북구 돌곶이로8길 22,,37.6065432,127.0622674,0:00,23:59,연중무휴,유료,7일권(60분 3천원+120분 4천원)+30일권(60분 5천원+120분 7천원)+365일권(60분 3만원+120분 4만원),10,10,N,수동식,N,1599-0120,서울특별시청,2025-12-23,3070000,서울특별시 성북구
1388. 돈암초교입구 버스정류장(한성대입구역 방면),무인대여소,,서울특별시 성북구 동소문동3가 66-1,37.5906764,127.011201,0:00,23:59,연중무휴,유료,7일권(60분 3천원+120분 4천원)+30일권(60분 5천원+120분 7천원)+365일권(60분 3만원+120분 4만원),10,10,N,수동식,N,1599-0120,서울특별시청,2025-12-23,3070000,서울특별시 성북구
1386. 동선고가차도 초입,무인대여소,,서울특별시 성북구 동선동1가 118-2,37.5939274,127.0185862,0:00,23:59,연중무휴,유료,7일권(60분 3천원+120분 4천원)+30일권(60분 5천원+120분 7천원)+365일권(60분 3만원+120분 4만원),10,10,N,수동식,N,1599-0120,서울특별시청,2025-12-23,3070000,서울특별시 성북구
1385. 성신여대입구역 3번출구 앞,무인대여소,서울특별시 성북구 동소문로 98-2,,37.5924479,127.0162888,0:00,23:59,연중무휴,유료,7일권(60분 3천원+120분 4천원)+30일권(60분 5천원+120분 7천원)+365일권(60분 3만원+120분 4만원),10,10,N,수동식,N,1599-0120,서울특별시청,2025-12-23,3070000,서울특별시 성북구
1384. 성신여대입구역 5번출구,무인대여소,,서울특별시 성북구 동소문동6가 140-5,37.5927892,127.0162888,0:00,23:59,연중무휴,유료,7일권(60분 3천원+120분 4천원)+30일권(60분 5천원+120분 7천원)+365일권(60분 3만원+120분 4만원),13,13,N,수동식,N,1599-0120,서울특별시청,2025-12-23,3070000,서울특별시 성북구
1382. 래미안월곡아파트 입구,무인대여소,서울특별시 성북구 오패산로 90,,37.6099471,127.0369136,0:00,23:59,연중무휴,유료,7일권(60분 3천원+120분 4천원)+30일권(60분 5천원+120분 7천원)+365일권(60분 3만원+120분 4만원),10,10,N,수동식,N,1599-0120,서울특별시청,2025-12-23,3070000,서울특별시 성북구
1381. 석계역 4번출구 뒤,무인대여소,,서울특별시 성북구 석관동 375-42,37.6149748,127.0671286,0:00,23:59,연중무휴,유료,7일권(60분 3천원+120분 4천원)+30일권(60분 5천원+120분 7천원)+365일권(60분 3만원+120분 4만원),18,18,N,수동식,N,1599-0120,서울특별시청,2025-12-23,3070000,서울특별시 성북구
1380. 월곡역 5번출구 앞,무인대여소,,서울특별시 성북구 하월곡동 37-4,37.6021798,127.0417572,0:00,23:59,연중무휴,유료,7일권(60분 3천원+120분 4천원)+30일권(60분 5천원+120분 7천원)+365일권(60분 3만원+120분 4만원),10,10,N,수동식,N,1599-0120,서울특별시청,2025-12-23,3070000,서울특별시 성북구
1379. 길음뉴타운푸르지오아파트 3단지,무인대여소,서울특별시 성북구 길음로13길 39,,37.6100442,127.0162235,0:00,23:59,연중무휴,유료,7일권(60분 3천원+120분 4천원)+30일권(60분 5천원+120분 7천원)+365일권(60분 3만원+120분 4만원),10,10,N,수동식,N,1599-0120,서울특별시청,2025-12-23,3070000,서울특별시 성북구
1377. 한국과학기술연구원 후문,무인대여소,서울특별시 성북구 화랑로14길5,,37.6010714,127.0453423,0:00,23:59,연중무휴,유료,7일권(60분 3천원+120분 4천원)+30일권(60분 5천원+120분 7천원)+365일권(60분 3만원+120분 4만원),10,10,N,수동식,N,1599-0120,서울특별시청,2025-12-23,3070000,서울특별시 성북구
1376. 한국과학기술연구원 정문,무인대여소,서울특별시 성북구 화랑로14길5,,37.6010714,127.0453423,0:00,23:59,연중무휴,유료,7일권(60분 3천원+120분 4천원)+30일권(60분 5천원+120분 7천원)+365일권(60분 3만원+120분 4만원),7,7,N,수동식,N,1599-0120,서울특별시청,2025-12-23,3070000,서울특별시 성북구
1375. 생명의 전화 종합복지관 앞 교차로,무인대여소,서울특별시 성북구 오패산로 11-22,,37.6033774,127.0365331,0:00,23:59,연중무휴,유료,7일권(60분 3천원+120분 4천원)+30일권(60분 5천원+120분 7천원)+365일권(60분 3만원+120분 4만원),20,20,N,수동식,N,1599-0120,서울특별시청,2025-12-23,3070000,서울특별시 성북구
1373. 성북구보건소 건너편,무인대여소,서울특별시 성북구 화랑로 63,,37.6027097,127.0395356,0:00,23:59,연중무휴,유료,7일권(60분 3천원+120분 4천원)+30일권(60분 5천원+120분 7천원)+365일권(60분 3만원+120분 4만원),8,8,N,수동식,N,1599-0120,서울특별시청,2025-12-23,3070000,서울특별시 성북구
1372. KEB은행 고대점,무인대여소,서울특별시 성북구 고려대로 113,,37.586559,127.0319735,0:00,23:59,연중무휴,유료,7일권(60분 3천원+120분 4천원)+30일권(60분 5천원+120분 7천원)+365일권(60분 3만원+120분 4만원),15,15,N,수동식,N,1599-0120,서울특별시청,2025-12-23,3070000,서울특별시 성북구
1370. 복자사랑 피정의 집,무인대여소,서울특별시 성북구 성북로 132-4,,37.5945712,126.9951808,0:00,23:59,연중무휴,유료,7일권(60분 3천원+120분 4천원)+30일권(60분 5천원+120분 7천원)+365일권(60분 3만원+120분 4만원),20,20,N,수동식,N,1599-0120,서울특별시청,2025-12-23,3070000,서울특별시 성북구
1369. 미아사거리,무인대여소,서울특별시 성북구 동소문로 327,,37.6090295,127.029732,0:00,23:59,연중무휴,유료,7일권(60분 3천원+120분 4천원)+30일권(60분 5천원+120분 7천원)+365일권(60분 3만원+120분 4만원),15,15,N,수동식,N,1599-0120,서울특별시청,2025-12-23,3070000,서울특별시 성북구
1368. 성신여대입구 교차로,무인대여소,서울특별시 성북구 보문로 34길 87,,37.5914666,127.020103,0:00,23:59,연중무휴,유료,7일권(60분 3천원+120분 4천원)+30일권(60분 5천원+120분 7천원)+365일권(60분 3만원+120분 4만원),10,10,N,수동식,N,1599-0120,서울특별시청,2025-12-23,3070000,서울특별시 성북구
1367. 길음문화복합미디어센터,무인대여소,서울특별시 성북구 길음로7길 20,,37.6037521,127.0224636,0:00,23:59,연중무휴,유료,7일권(60분 3천원+120분 4천원)+30일권(60분 5천원+120분 7천원)+365일권(60분 3만원+120분 4만원),15,15,N,수동식,N,1599-0120,서울특별시청,2025-12-23,3070000,서울특별시 성북구
1366. 일신초등학교 옆,무인대여소,서울특별시 성북구 월곡로 74,,37.5988136,127.0401772,0:00,23:59,연중무휴,유료,7일권(60분 3천원+120분 4천원)+30일권(60분 5천원+120분 7천원)+365일권(60분 3만원+120분 4만원),10,10,N,수동식,N,1599-0120,서울특별시청,2025-12-23,3070000,서울특별시 성북구
1365. 선잠단지 앞,무인대여소,서울특별시 성북구 성북로 102,,37.5930248,126.9975442,0:00,23:59,연중무휴,유료,7일권(60분 3천원+120분 4천원)+30일권(60분 5천원+120분 7천원)+365일권(60분 3만원+120분 4만원),15,15,N,수동식,N,1599-0120,서울특별시청,2025-12-23,3070000,서울특별시 성북구
1364. 성북동 치안센터 앞,무인대여소,"서울특별시 성북구 성북로 25, 성북1 치안센터",,37.590172,127.004089,0:00,23:59,연중무휴,유료,7일권(60분 3천원+120분 4천원)+30일권(60분 5천원+120분 7천원)+365일권(60분 3만원+120분 4만원),10,10,N,수동식,N,1599-0120,서울특별시청,2025-12-23,3070000,서울특별시 성북구
1363. 보문4교 인근,무인대여소,서울특별시 성북구 보문로 22길 28,,37.583752,127.0220123,0:00,23:59,연중무휴,유료,7일권(60분 3천원+120분 4천원)+30일권(60분 5천원+120분 7천원)+365일권(60분 3만원+120분 4만원),15,15,N,수동식,N,1599-0120,서울특별시청,2025-12-23,3070000,서울특별시 성북구
1362. 보문역6번출구 앞,무인대여소,서울특별시 성북구 보문로 112-2,,37.5851536,127.019676,0:00,23:59,연중무휴,유료,7일권(60분 3천원+120분 4천원)+30일권(60분 5천원+120분 7천원)+365일권(60분 3만원+120분 4만원),10,10,N,수동식,N,1599-0120,서울특별시청,2025-12-23,3070000,서울특별시 성북구
1361. 홍익중고 입구,무인대여소,서울특별시 성북구 성북로14가길 23,,37.5936667,127.0028036,0:00,23:59,연중무휴,유료,7일권(60분 3천원+120분 4천원)+30일권(60분 5천원+120분 7천원)+365일권(60분 3만원+120분 4만원),13,13,N,수동식,N,1599-0120,서울특별시청,2025-12-23,3070000,서울특별시 성북구
1360. 정릉역,무인대여소,서울특별시 성북구 정릉로 272,,37.6031372,127.0136121,0:00,23:59,연중무휴,유료,7일권(60분 3천원+120분 4천원)+30일권(60분 5천원+120분 7천원)+365일권(60분 3만원+120분 4만원),10,10,N,수동식,N,1599-0120,서울특별시청,2025-12-23,3070000,서울특별시 성북구
1359. 장위뉴타운 꿈에 숲 코오롱 하늘채 앞,무인대여소,서울특별시 성북구 월계로 172,,37.6192335,127.0448327,0:00,23:59,연중무휴,유료,7일권(60분 3천원+120분 4천원)+30일권(60분 5천원+120분 7천원)+365일권(60분 3만원+120분 4만원),20,20,N,수동식,N,1599-0120,서울특별시청,2025-12-23,3070000,서울특별시 성북구
1358. 정릉도서관 앞,무인대여소,서울특별시 성북구 보국문로 7-10,,37.605134,127.0109987,0:00,23:59,연중무휴,유료,7일권(60분 3천원+120분 4천원)+30일권(60분 5천원+120분 7천원)+365일권(60분 3만원+120분 4만원),7,7,N,수동식,N,1599-0120,서울특별시청,2025-12-23,3070000,서울특별시 성북구
1357. 북한산보국문역,무인대여소,서울특별시 성북구 보국문로 91,,37.6124179,127.0077547,0:00,23:59,연중무휴,유료,7일권(60분 3천원+120분 4천원)+30일권(60분 5천원+120분 7천원)+365일권(60분 3만원+120분 4만원),20,20,N,수동식,N,1599-0120,서울특별시청,2025-12-23,3070000,서울특별시 성북구
1355. 보문2교,무인대여소,,서울특별시 성북구 안암동1가 20-1,37.5888538,127.0205221,0:00,23:59,연중무휴,유료,7일권(60분 3천원+120분 4천원)+30일권(60분 5천원+120분 7천원)+365일권(60분 3만원+120분 4만원),20,20,N,수동식,N,1599-0120,서울특별시청,2025-12-23,3070000,서울특별시 성북구
1354. 고려대학교 2번출구,무인대여소,,서울특별시 성북구 종암동 29-46,37.5906899,127.036194,0:00,23:59,연중무휴,유료,7일권(60분 3천원+120분 4천원)+30일권(60분 5천원+120분 7천원)+365일권(60분 3만원+120분 4만원),10,10,N,수동식,N,1599-0120,서울특별시청,2025-12-23,3070000,서울특별시 성북구
1353. 금호어울림센터힐 내,무인대여소,"서울특별시 성북구 동소문로34길 73, 금호어울림센터힐 내",,37.5999488,127.0224174,0:00,23:59,연중무휴,유료,7일권(60분 3천원+120분 4천원)+30일권(60분 5천원+120분 7천원)+365일권(60분 3만원+120분 4만원),8,8,N,수동식,N,1599-0120,서울특별시청,2025-12-23,3070000,서울특별시 성북구
1352. e편한세상 보문아파트 내,무인대여소,"서울특별시 성북구 낙산길 255, e 편한세상 보문아파트 내",,37.582787,127.0156236,0:00,23:59,연중무휴,유료,7일권(60분 3천원+120분 4천원)+30일권(60분 5천원+120분 7천원)+365일권(60분 3만원+120분 4만원),8,8,N,수동식,N,1599-0120,서울특별시청,2025-12-23,3070000,서울특별시 성북구
1351. SK제삼주유소 앞,무인대여소,"서울특별시 성북구 안암로 17 ,SK제삼주유소 앞",,37.5795222,127.0245484,0:00,23:59,연중무휴,유료,7일권(60분 3천원+120분 4천원)+30일권(60분 5천원+120분 7천원)+365일권(60분 3만원+120분 4만원),8,8,N,수동식,N,1599-0120,서울특별시청,2025-12-23,3070000,서울특별시 성북구
1349. 월계2교 버스정류장 앞,무인대여소,"서울특별시 성북구 한천로101길 18, 월계2교 버스정류장 앞",,37.622765,127.0492974,0:00,23:59,연중무휴,유료,7일권(60분 3천원+120분 4천원)+30일권(60분 5천원+120분 7천원)+365일권(60분 3만원+120분 4만원),10,10,N,수동식,N,1599-0120,서울특별시청,2025-12-23,3070000,서울특별시 성북구
1348. 성북제일새마을금고 본점 앞,무인대여소,"서울특별시 성북구 길음로 20 ,성북제일새마을금고 본점 앞",,37.6047539,127.0230392,0:00,23:59,연중무휴,유료,7일권(60분 3천원+120분 4천원)+30일권(60분 5천원+120분 7천원)+365일권(60분 3만원+120분 4만원),12,12,N,수동식,N,1599-0120,서울특별시청,2025-12-23,3070000,서울특별시 성북구
1347. 길음래미안아파트 817동 상가 앞,무인대여소,"서울특별시 성북구 길음로 33 ,길음래미안아파트817동 상가 앞",,37.6050496,127.022011,0:00,23:59,연중무휴,유료,7일권(60분 3천원+120분 4천원)+30일권(60분 5천원+120분 7천원)+365일권(60분 3만원+120분 4만원),20,20,N,수동식,N,1599-0120,서울특별시청,2025-12-23,3070000,서울특별시 성북구
1346. 길음8골어린이공원 옆,무인대여소,"서울특별시 성북구 길음로13길 22, 길음8골어린이공원 옆",,37.6094433,127.0193259,0:00,23:59,연중무휴,유료,7일권(60분 3천원+120분 4천원)+30일권(60분 5천원+120분 7천원)+365일권(60분 3만원+120분 4만원),15,15,N,수동식,N,1599-0120,서울특별시청,2025-12-23,3070000,서울특별시 성북구
1344. 아리랑시네센터 앞,무인대여소,"서울특별시 성북구 아리랑로 82, 아리랑시네센터 앞",,37.6000594,127.013954,0:00,23:59,연중무휴,유료,7일권(60분 3천원+120분 4천원)+30일권(60분 5천원+120분 7천원)+365일권(60분 3만원+120분 4만원),10,10,N,수동식,N,1599-0120,서울특별시청,2025-12-23,3070000,서울특별시 성북구
1343. 한성대입구역 7번 출구 앞,무인대여소,"서울특별시 성북구 동소문로 11, 한성대입구역 7번출구 앞",,37.5892769,127.0073868,0:00,23:59,연중무휴,유료,7일권(60분 3천원+120분 4천원)+30일권(60분 5천원+120분 7천원)+365일권(60분 3만원+120분 4만원),10,10,N,수동식,N,1599-0120,서울특별시청,2025-12-23,3070000,서울특별시 성북구
1342. 성북쉼터 앞,무인대여소,"서울특별시 성북구 성북로21길 32, 성북쉼터 앞",,37.5924233,126.9975271,0:00,23:59,연중무휴,유료,7일권(60분 3천원+120분 4천원)+30일권(60분 5천원+120분 7천원)+365일권(60분 3만원+120분 4만원),15,15,N,수동식,N,1599-0120,서울특별시청,2025-12-23,3070000,서울특별시 성북구
1340. 광운초등학교 앞,무인대여소,"서울특별시 성북구 한천로 693, 광운초등학교 앞",,37.619053,127.0550899,0:00,23:59,연중무휴,유료,7일권(60분 3천원+120분 4천원)+30일권(60분 5천원+120분 7천원)+365일권(60분 3만원+120분 4만원),8,8,N,수동식,N,1599-0120,서울특별시청,2025-12-23,3070000,서울특별시 성북구
1339. 삼성전자서비스 성북센터,무인대여소,"서울특별시 성북구 월계로 28,삼성전자서비스 성북센터",,37.610332,127.0332974,0:00,23:59,연중무휴,유료,7일권(60분 3천원+120분 4천원)+30일권(60분 5천원+120분 7천원)+365일권(60분 3만원+120분 4만원),9,9,N,수동식,N,1599-0120,서울특별시청,2025-12-23,3070000,서울특별시 성북구
1338. 용문2교 옆,무인대여소,"서울특별시 성북구 고려대로7길 24, 용문2교 옆",,37.5870048,127.0209142,0:00,23:59,연중무휴,유료,7일권(60분 3천원+120분 4천원)+30일권(60분 5천원+120분 7천원)+365일권(60분 3만원+120분 4만원),15,15,N,수동식,N,1599-0120,서울특별시청,2025-12-23,3070000,서울특별시 성북구
1337. 돈암성당 옆,무인대여소,"서울특별시 성북구 고려대로7길 120, 돈암성당 옆",,37.5900399,127.0177703,0:00,23:59,연중무휴,유료,7일권(60분 3천원+120분 4천원)+30일권(60분 5천원+120분 7천원)+365일권(60분 3만원+120분 4만원),10,10,N,수동식,N,1599-0120,서울특별시청,2025-12-23,3070000,서울특별시 성북구
1336. 성북3교 위,무인대여소,"서울특별시 성북구 보문로 192, 성북3교 위",,37.59084573,127.0146418,0:00,23:59,연중무휴,유료,7일권(60분 3천원+120분 4천원)+30일권(60분 5천원+120분 7천원)+365일권(60분 3만원+120분 4만원),20,20,N,수동식,N,1599-0120,서울특별시청,2025-12-23,3070000,서울특별시 성북구
1334. 석관동주민센터 앞,무인대여소,서울특별시 성북구 화랑로 296,,37.612988,127.0614234,0:00,23:59,연중무휴,유료,7일권(60분 3천원+120분 4천원)+30일권(60분 5천원+120분 7천원)+365일권(60분 3만원+120분 4만원),10,10,N,수동식,N,1599-0120,서울특별시청,2025-12-23,3070000,서울특별시 성북구
1333. 석관초등학교 앞,무인대여소,서울특별시 성북구 돌곶이로22길 21,,37.6110234,127.0583548,0:00,23:59,연중무휴,유료,7일권(60분 3천원+120분 4천원)+30일권(60분 5천원+120분 7천원)+365일권(60분 3만원+120분 4만원),15,15,N,수동식,N,1599-0120,서울특별시청,2025-12-23,3070000,서울특별시 성북구
1332. 석계역 5번 출구 건너편,무인대여소,,서울특별시 성북구 석관동 134-4,37.6135027,127.065864,0:00,23:59,연중무휴,유료,7일권(60분 3천원+120분 4천원)+30일권(60분 5천원+120분 7천원)+365일권(60분 3만원+120분 4만원),10,10,N,수동식,N,1599-0120,서울특별시청,2025-12-23,3070000,서울특별시 성북구
1328. 월곡역 3번 출구,무인대여소,,서울특별시 성북구 하월곡동 37-4,37.6021798,127.0417572,0:00,23:59,연중무휴,유료,7일권(60분 3천원+120분 4천원)+30일권(60분 5천원+120분 7천원)+365일권(60분 3만원+120분 4만원),10,10,N,수동식,N,1599-0120,서울특별시청,2025-12-23,3070000,서울특별시 성북구
1327. 상월곡역 3번 출구,무인대여소,,서울특별시 성북구 상월곡동 26-1,37.6062635,127.0483262,0:00,23:59,연중무휴,유료,7일권(60분 3천원+120분 4천원)+30일권(60분 5천원+120분 7천원)+365일권(60분 3만원+120분 4만원),10,10,N,수동식,N,1599-0120,서울특별시청,2025-12-23,3070000,서울특별시 성북구
1326. 상월곡역 1번 출구,무인대여소,,서울특별시 성북구 상월곡동 35-9,37.6060311,127.0476799,0:00,23:59,연중무휴,유료,7일권(60분 3천원+120분 4천원)+30일권(60분 5천원+120분 7천원)+365일권(60분 3만원+120분 4만원),10,10,N,수동식,N,1599-0120,서울특별시청,2025-12-23,3070000,서울특별시 성북구
1325. 상월곡역 4번 출구,무인대여소,서울특별시 성북구 화랑로 148,,37.6055539,127.0474242,0:00,23:59,연중무휴,유료,7일권(60분 3천원+120분 4천원)+30일권(60분 5천원+120분 7천원)+365일권(60분 3만원+120분 4만원),10,10,N,수동식,N,1599-0120,서울특별시청,2025-12-23,3070000,서울특별시 성북구
1323. 월곡역 입구 육교 밑,무인대여소,,서울특별시 성북구 종암동 113-10,37.600729,127.0402475,0:00,23:59,연중무휴,유료,7일권(60분 3천원+120분 4천원)+30일권(60분 5천원+120분 7천원)+365일권(60분 3만원+120분 4만원),10,10,N,수동식,N,1599-0120,서울특별시청,2025-12-23,3070000,서울특별시 성북구
1322. 래미안라센트아파트 103동 앞,무인대여소,서울특별시 성북구 종암로3길 37-2,,37.5928572,127.0338558,0:00,23:59,연중무휴,유료,7일권(60분 3천원+120분 4천원)+30일권(60분 5천원+120분 7천원)+365일권(60분 3만원+120분 4만원),10,10,N,수동식,N,1599-0120,서울특별시청,2025-12-23,3070000,서울특별시 성북구
1321. 국민은행 종암동지점 앞,무인대여소,서울특별시 성북구 종암로3길 37-2,,37.5928572,127.0338558,0:00,23:59,연중무휴,유료,7일권(60분 3천원+120분 4천원)+30일권(60분 5천원+120분 7천원)+365일권(60분 3만원+120분 4만원),15,15,N,수동식,N,1599-0120,서울특별시청,2025-12-23,3070000,서울특별시 성북구
1320. LG베스트샵 종암점,무인대여소,서울특별시 성북구 종암로 88,,37.5981881,127.0350814,0:00,23:59,연중무휴,유료,7일권(60분 3천원+120분 4천원)+30일권(60분 5천원+120분 7천원)+365일권(60분 3만원+120분 4만원),10,10,N,수동식,N,1599-0120,서울특별시청,2025-12-23,3070000,서울특별시 성북구
1318. 길음역 3번 출구 뒤,무인대여소,서울특별시 성북구 동소문로 248,,37.60318391,127.0248232,0:00,23:59,연중무휴,유료,7일권(60분 3천원+120분 4천원)+30일권(60분 5천원+120분 7천원)+365일권(60분 3만원+120분 4만원),10,10,N,수동식,N,1599-0120,서울특별시청,2025-12-23,3070000,서울특별시 성북구
1316. 고려사대부속중고 건너편,무인대여소,서울특별시 성북구 보국문로29길 23,,37.6163068,127.0026096,0:00,23:59,연중무휴,유료,7일권(60분 3천원+120분 4천원)+30일권(60분 5천원+120분 7천원)+365일권(60분 3만원+120분 4만원),20,20,N,수동식,N,1599-0120,서울특별시청,2025-12-23,3070000,서울특별시 성북구
1315. 고려사대부속중고 정문,무인대여소,서울특별시 성북구 보국문로29길 23,,37.6163068,127.0026096,0:00,23:59,연중무휴,유료,7일권(60분 3천원+120분 4천원)+30일권(60분 5천원+120분 7천원)+365일권(60분 3만원+120분 4만원),10,10,N,수동식,N,1599-0120,서울특별시청,2025-12-23,3070000,서울특별시 성북구
1314. 정릉꿈에그린1단지 201동 앞,무인대여소,서울특별시 성북구 아리랑로19길 20,,37.6026039,127.0122803,0:00,23:59,연중무휴,유료,7일권(60분 3천원+120분 4천원)+30일권(60분 5천원+120분 7천원)+365일권(60분 3만원+120분 4만원),8,8,N,수동식,N,1599-0120,서울특별시청,2025-12-23,3070000,서울특별시 성북구
1313. 정릉교회 앞,무인대여소,서울특별시 성북구 정릉로27가길 28-2,,37.6066223,127.012665,0:00,23:59,연중무휴,유료,7일권(60분 3천원+120분 4천원)+30일권(60분 5천원+120분 7천원)+365일권(60분 3만원+120분 4만원),10,10,N,수동식,N,1599-0120,서울특별시청,2025-12-23,3070000,서울특별시 성북구
1308. 안암로터리 버스정류장 앞,무인대여소,"서울특별시 성북구 안암로 69, 안암로터리 버스정류장",,37.58247223,127.028915,0:00,23:59,연중무휴,유료,7일권(60분 3천원+120분 4천원)+30일권(60분 5천원+120분 7천원)+365일권(60분 3만원+120분 4만원),18,18,N,수동식,N,1599-0120,서울특별시청,2025-12-23,3070000,서울특별시 성북구
1306. 한성대입구역 2번 출구,무인대여소,서울특별시 성북구 동소문로 2,,37.5884228,127.0067712,0:00,23:59,연중무휴,유료,7일권(60분 3천원+120분 4천원)+30일권(60분 5천원+120분 7천원)+365일권(60분 3만원+120분 4만원),10,10,N,수동식,N,1599-0120,서울특별시청,2025-12-23,3070000,서울특별시 성북구
1305. 성북구청,무인대여소,"서울특별시 성북구 보문로 168, 성북구청",,37.589466,127.0168479,0:00,23:59,연중무휴,유료,7일권(60분 3천원+120분 4천원)+30일권(60분 5천원+120분 7천원)+365일권(60분 3만원+120분 4만원),15,15,N,수동식,N,1599-0120,서울특별시청,2025-12-23,3070000,서울특별시 성북구
1304. 만해공원,무인대여소,"서울특별시 성북구 성북로 132-1, 만해공원",,37.594616,126.9950314,0:00,23:59,연중무휴,유료,7일권(60분 3천원+120분 4천원)+30일권(60분 5천원+120분 7천원)+365일권(60분 3만원+120분 4만원),15,15,N,수동식,N,1599-0120,서울특별시청,2025-12-23,3070000,서울특별시 성북구
1303. 돈암초교 입구,무인대여소,"서울특별시 성북구 동소문로13길 38, 돈암초교",,37.593716,127.0131031,0:00,23:59,연중무휴,유료,7일권(60분 3천원+120분 4천원)+30일권(60분 5천원+120분 7천원)+365일권(60분 3만원+120분 4만원),10,10,N,수동식,N,1599-0120,서울특별시청,2025-12-23,3070000,서울특별시 성북구
1302. 한성대입구역 6번출구 뒤,무인대여소,"서울특별시 성북구 동소문로 1, 한성대입구역 6번출구 뒤",,37.5887998,127.006336,0:00,23:59,연중무휴,유료,7일권(60분 3천원+120분 4천원)+30일권(60분 5천원+120분 7천원)+365일권(60분 3만원+120분 4만원),5,5,N,수동식,N,1599-0120,서울특별시청,2025-12-23,3070000,서울특별시 성북구
성산마을,무인대여소,경상남도 거창군 거창읍 가지리 산 1857,경상남도 거창군 거창읍 가지리 1857,35.69340501,127.899122,0:00,23:59,연중무휴,유료,1일권 1천원+정기권 1개월 3천원+정기권 1년 2만원,6,10,N,기타,N,055-940-3594,경상남도 거창군청,2025-12-01,5470000,경상남도 거창군
승강기산업복합관,무인대여소,경상남도 거창군 남상면 승강기단지길 154,경상남도 거창군 남상면 대산리 2421,35.65332826,127.922704,0:00,23:59,연중무휴,유료,1일권 1천원+정기권 1개월 3천원+정기권 1년 2만원,2,13,N,기타,N,055-940-3594,경상남도 거창군청,2025-12-01,5470000,경상남도 거창군
건계정,무인대여소,경상남도 거창군 거창읍 송정리 산 136,경상남도 거창군 거창읍 송정리 산 136,35.68907373,127.884585,0:00,23:59,연중무휴,유료,1일권 1천원+정기권 1개월 3천원+정기권 1년 2만원,4,7,N,기타,N,055-940-3594,경상남도 거창군청,2025-12-01,5470000,경상남도 거창군
거창창포원,무인대여소,경상남도 거창군 남상면 창포원길 21-1,경상남도 거창군 남상면 월평리 2286-1,35.65495682,127.9398302,0:00,23:59,연중무휴,유료,1일권 1천원+정기권 1개월 3천원+정기권 1년 2만원,7,10,Y,기계식,N,055-940-3594,경상남도 거창군청,2025-12-01,5470000,경상남도 거창군
농업기술센터,무인대여소,경상남도 거창군 거창읍 거함대로 3322,경상남도 거창군 거창읍 대평리 1359-19,35.67800721,127.9230338,0:00,23:59,연중무휴,유료,1일권 1천원+정기권 1개월 3천원+정기권 1년 2만원,3,5,N,기타,N,055-940-3594,경상남도 거창군청,2025-12-01,5470000,경상남도 거창군
거창보건소,무인대여소,경상남도 거창군 거창읍 거함대로 3079,경상남도 거창군 거창읍 송정리 1095,35.6809354,127.8987277,0:00,23:59,연중무휴,유료,1일권 1천원+정기권 1개월 3천원+정기권 1년 2만원,10,15,Y,기계식,N,055-940-3594,경상남도 거창군청,2025-12-01,5470000,경상남도 거창군
한국전력,무인대여소,경상남도 거창군 거창읍 강남로 246,경상남도 거창군 거창읍 대평리 1005-40,35.68699881,127.9237166,0:00,23:59,연중무휴,유료,1일권 1천원+정기권 1개월 3천원+정기권 1년 2만원,10,15,Y,기계식,N,055-940-3594,경상남도 거창군청,2025-12-01,5470000,경상남도 거창군
거창스포츠파크,무인대여소,경상남도 거창군 거창읍 심소정길 39-36,경상남도 거창군 거창읍 양평리 1160,35.69513581,127.9263505,0:00,23:59,연중무휴,유료,1일권 1천원+정기권 1개월 3천원+정기권 1년 2만원,10,15,N,기타,N,055-940-3594,경상남도 거창군청,2025-12-01,5470000,경상남도 거창군
소만2지구어린이 공원,무인대여소,경상남도 거창군 거창읍 소만4길 7,경상남도 거창군 거창읍 대동리 993-3,35.69341766,127.9226094,0:00,23:59,연중무휴,유료,1일권 1천원+정기권 1개월 3천원+정기권 1년 2만원,10,15,N,기타,N,055-940-3594,경상남도 거창군청,2025-12-01,5470000,경상남도 거창군
청소년수련원,무인대여소,경상남도 거창군 거창읍 교촌길 100-30,경상남도 거창군 거창읍 가지리 256,35.69278028,127.9064203,0:00,23:59,연중무휴,유료,1일권 1천원+정기권 1개월 3천원+정기권 1년 2만원,10,15,Y,기계식,N,055-940-3594,경상남도 거창군청,2025-12-01,5470000,경상남도 거창군
베어스 타운,무인대여소,경상남도 거창군 거창읍 동동6길 99,경상남도 거창군 거창읍 대동리 13-31,35.69083686,127.9247125,0:00,23:59,연중무휴,유료,1일권 1천원+정기권 1개월 3천원+정기권 1년 2만원,10,15,Y,기계식,N,055-940-3594,경상남도 거창군청,2025-12-01,5470000,경상남도 거창군
화목 아파트,무인대여소,경상남도 거창군 거창읍 거열로 2길 34-9,경상남도 거창군 거창읍 대동리 600-1,35.69275529,127.9149172,0:00,23:59,연중무휴,유료,1일권 1천원+정기권 1개월 3천원+정기권 1년 2만원,5,10,N,기타,N,055-940-3594,경상남도 거창군청,2025-12-01,5470000,경상남도 거창군
승강기 대학,무인대여소,경상남도 거창군 거창읍 운정1길 120,경상남도 거창군 거창읍 송정리 700,35.67570975,127.8959636,0:00,23:59,연중무휴,유료,1일권 1천원+정기권 1개월 3천원+정기권 1년 2만원,9,14,N,기타,N,055-940-3594,경상남도 거창군청,2025-12-01,5470000,경상남도 거창군
도립 거창대학,무인대여소,경상남도 거창군 거창읍 거창대학로 72,경상남도 거창군 거창읍 대평리 1396,35.67320256,127.9124187,0:00,23:59,연중무휴,유료,1일권 1천원+정기권 1개월 3천원+정기권 1년 2만원,9,14,N,기타,N,055-940-3594,경상남도 거창군청,2025-12-01,5470000,경상남도 거창군
창남교회 옆,무인대여소,경상남도 거창군 거창읍 수남로 2274,경상남도 거창군 거창읍 김천리 102-5,35.6818238,127.9125946,0:00,23:59,연중무휴,유료,1일권 1천원+정기권 1개월 3천원+정기권 1년 2만원,5,10,N,기타,N,055-940-3594,경상남도 거창군청,2025-12-01,5470000,경상남도 거창군
농협대동지점 주차장,무인대여소,경상남도 거창군 거창읍 중앙로 185,경상남도 거창군 거창읍 대동리 46-2,35.68845437,127.9183277,0:00,23:59,연중무휴,유료,1일권 1천원+정기권 1개월 3천원+정기권 1년 2만원,6,12,Y,기계식,N,055-940-3594,경상남도 거창군청,2025-12-01,5470000,경상남도 거창군
거창공설시장 주차장,무인대여소,경상남도 거창군 거창읍 시장길 64,경상남도 거창군 거창읍 중앙리 150-3,35.68634654,127.9141707,0:00,23:59,연중무휴,유료,1일권 1천원+정기권 1개월 3천원+정기권 1년 2만원,3,6,N,기타,N,055-940-3594,경상남도 거창군청,2025-12-01,5470000,경상남도 거창군
상림리 책읽는 공원,무인대여소,경상남도 거창군 거창읍 거열로 81,경상남도 거창군 거창읍 상림리 362,35.69032647,127.9040224,0:00,23:59,연중무휴,유료,1일권 1천원+정기권 1개월 3천원+정기권 1년 2만원,19,26,Y,기계식,N,055-940-3594,경상남도 거창군청,2025-12-01,5470000,경상남도 거창군
거창군청,무인대여소,경상남도 거창군 거창읍 중앙로 103,경상남도 거창군 거창읍 상림리 64-1,35.68667584,127.9095332,0:00,23:59,연중무휴,유료,1일권 1천원+정기권 1개월 3천원+정기권 1년 2만원,12,18,Y,기계식,N,055-940-3594,경상남도 거창군청,2025-12-01,5470000,경상남도 거창군
총무공동 공영자전거 무료대여소,유인대여소,경상남도 진주시 남강남쪽자전거길 948,경상남도 진주시 충무공동 44,35.17162148,128.1299288,9:00,17:00,1월 1일+설 당일+설 연휴+추석 당일+추석 연휴,무료,,76,10,Y,수동식,N,055-749-8661,경상남도 진주시청,2025-12-19,5310000,경상남도 진주시
칠암동 공영자전거 무료대여소,유인대여소,경상남도 진주시 강남로 188,경상남도 진주시 칠암동 1,35.18495403,128.0948407,9:00,17:00,1월 1일+설 당일+설 연휴+추석 당일+추석 연휴,무료,,70,10,Y,수동식,N,055-749-8661,경상남도 진주시청,2025-12-19,5310000,경상남도 진주시
평거동 공영자전거무료대여소,유인대여소,경상남도 진주시 남강로373번길 3,경상남도 진주시 평거동 794-2,35.17216664,128.0678765,9:00,17:00,1월 1일+설 당일+설 연휴+추석 당일+추석 연휴,무료,,70,10,Y,수동식,N,055-749-8661,경상남도 진주시청,2025-12-19,5310000,경상남도 진주시
상대동 공영자전거무료대여소,유인대여소,경상남도 진주시 상대로72번길 6,경상남도 진주시 상대동 329-1,35.1840409,128.1196741,9:00,17:00,1월 1일+설 당일+설 연휴+추석 당일+추석 연휴,무료,,70,10,Y,수동식,N,055-749-8661,경상남도 진주시청,2025-12-19,5310000,경상남도 진주시
영신유원지 자전거 무료 대여소,무인대여소,,경상북도 문경시 흥덕동 188-1,36.5951581,128.2089702,10:00,17:00,화+금,무료,무료,50,0,Y,,N,054-550-8841,점촌3동행정복지센터,2025-12-29,5120000,경상북도 문경시
금강하구둑 자전거대여소,유인대여소,충청남도 서천군 마서면 장산로 916,충청남도 서천군 마서면 도삼리 59,36.02280046,126.7426918,9:00,18:00,월,무료,,80,30,Y,수동식,N,041-950-4164,충청남도 서천군청,2025-12-22,4580000,충청남도 서천군
자전거대여소(화성행궁),유인대여소,,경기도 수원시 팔달구 남창동 13-1,37.2813489,127.0152566,10:00,18:00,"하절기, 동절기",유료,1일 1천원,73,,Y,수동식,N,031-5191-2242,경기도 수원시청,2026-01-26,3740000,경기도 수원시
광교산공영자전거대여소(버스종점),유인대여소,,경기도 수원시 장안구 상광교동   42-1,37.33454984,127.0174003,10:00,18:00,"하절기, 동절기",유료,1일 1천원,70,,Y,수동식,N,031-5191-2242,경기도 수원시청,2026-01-26,3740000,경기도 수원시
광교산공영자전거대여소(반딧불이쉼터),유인대여소,경기도 수원시 장안구 광교산로 166,경기도 수원시 장안구 하광교동 산 57-2,37.30183304,127.0323388,10:00,18:00,"하절기, 동절기",유료,1일 1천원,72,,Y,수동식,N,031-5191-2242,경기도 수원시청,2026-01-26,3740000,경기도 수원시
남천동 공영자전거 무료대여소,유인대여소,,부산광역시 수영구 남천동 148-6,35.14598922,129.1166699,10:00,19:00,"명절, 선거일",무료,,49,1,Y,태양광식,N,051-610-4556,부산광역시 수영구,2025-12-18,3380000,부산광역시 수영구
온천천시민공원 자전거대여소,유인대여소,부산광역시 연제구 온천천공원길 74,,35.19288252,129.089627,9:00,17:00,1월 1일+설 당일+추석 당일,무료,없음,45,,Y,수동식,N,051-665-4982,부산광역시 연제구청,2025-11-08,3370000,부산광역시 연제구
서초구(방배역) 무료자전거대여소,유인대여소,,서울특별시 서초구 방배동 984-5,37.48129801,126.9979904,8:00,19:00,법정공휴일(금~일 운영시간은 10-17시),무료,,10,,Y,기계식,Y,02-2155-7186,서울특별시 서초구청,2025-12-23,3210000,서울특별시 서초구
풍덕동 주민센터,무인대여소,,전라남도 순천시 풍덕동 130-3,34.92758653,127.5136187,0:00,23:59,연중무휴,유료,일일이용 : 1000원,6,15,Y,수동식,N,061-749-4883,전라남도 순천시청 교통정책과,2025-09-03,5790000,전남광주통합특별시 순천시
순천대학교 후문,무인대여소,,전라남도 순천시 매곡동 416,34.96551382,127.4835987,0:00,23:59,연중무휴,유료,일일이용 : 1000원,8,15,Y,수동식,N,061-749-4883,전라남도 순천시청 교통정책과,2025-09-03,5790000,전남광주통합특별시 순천시
순천대학교 정문,무인대여소,,전라남도 순천시 매곡동 546,34.96101991,127.4761808,0:00,23:59,연중무휴,유료,일일이용 : 1000원,12,15,Y,수동식,N,061-749-4883,전라남도 순천시청 교통정책과,2025-09-03,5790000,전남광주통합특별시 순천시
연향동 국민은행 앞,무인대여소,,전라남도 순천시 연향동 1329-5,34.95314462,127.5208259,0:00,23:59,연중무휴,유료,일일이용 : 1000원,8,15,Y,수동식,N,061-749-4883,전라남도 순천시청 교통정책과,2025-09-03,5790000,전남광주통합특별시 순천시
연향동 홈플러스,무인대여소,,전라남도 순천시 연향동 1485,34.94749284,127.5237161,0:00,23:59,연중무휴,유료,일일이용 : 1000원,10,15,Y,수동식,N,061-749-4883,전라남도 순천시청 교통정책과,2025-09-03,5790000,전남광주통합특별시 순천시
조례호수공원,무인대여소,,전라남도 순천시 조례동 417,34.95628289,127.5234246,0:00,23:59,연중무휴,유료,일일이용 : 1000원,8,15,Y,수동식,N,061-749-4883,전라남도 순천시청 교통정책과,2025-09-03,5790000,전남광주통합특별시 순천시
순천시청,무인대여소,전라남도 순천시 장천동 장명로 30,,34.95018687,127.4873733,0:00,23:59,연중무휴,유료,일일이용 : 1000원,10,15,Y,수동식,N,061-749-4883,전라남도 순천시청 교통정책과,2025-09-03,5790000,전남광주통합특별시 순천시
순천만생태공원 주차장,무인대여소,,전라남도 순천시 대대동 162-2,34.88579496,127.5092804,0:00,23:59,연중무휴,유료,일일이용 : 1000원,12,15,Y,수동식,N,061-749-4883,전라남도 순천시청 교통정책과,2025-09-03,5790000,전남광주통합특별시 순천시
순천만국가정원 서문,무인대여소,,전라남도 순천시 오천동 195,34.92469945,127.5040805,0:00,23:59,연중무휴,유료,일일이용 : 1000원,15,15,Y,수동식,N,061-749-4883,전라남도 순천시청 교통정책과,2025-09-03,5790000,전남광주통합특별시 순천시
순천만국가정원 동문,무인대여소,,전라남도 순천시 오천동 600,34.92888669,127.4999574,0:00,23:59,연중무휴,유료,일일이용 : 1000원,15,15,Y,수동식,N,061-749-4883,전라남도 순천시청 교통정책과,2025-09-03,5790000,전남광주통합특별시 순천시
시외버스터미널,무인대여소,,전라남도 순천시 연향동 1493,34.94597809,127.5231556,0:00,23:59,연중무휴,유료,일일이용 : 1000원,10,15,Y,수동식,N,061-749-4883,전라남도 순천시청 교통정책과,2025-09-03,5790000,전남광주통합특별시 순천시
순천역(광장),무인대여소,,전라남도 순천시 장천동 18-2,34.94853687,127.4915986,0:00,23:59,연중무휴,유료,일일이용 : 1000원,12,15,Y,수동식,N,061-749-4883,전라남도 순천시청 교통정책과,2025-09-03,5790000,전남광주통합특별시 순천시
국립어린이박물관,무인대여소,,세종특별자치시 세종동 107-112,36.48971455,127.2728448,0:00,23:59,연중무휴,유료,1000원,10,,N,,N,1899-9161,세종특별자치시청,2025-06-25,5690000,세종특별자치시
조치원 국립농산물품질관리원,무인대여소,,세종특별자치시 조치원읍 봉산리 387,36.60195698,127.2829701,0:00,23:59,연중무휴,유료,1000원,10,,N,,N,1899-9161,세종특별자치시청,2025-06-25,5690000,세종특별자치시
반곡동 더건강한약국 앞,무인대여소,,세종특별자치시 반곡동 845 메인타워 1층,36.4913255,127.3036238,0:00,23:59,연중무휴,유료,1000원,10,,N,,N,1899-9161,세종특별자치시청,2025-06-25,5690000,세종특별자치시
반곡동 조세재정연구원 인근,무인대여소,,세종특별자치시 반곡동 834 한국조세재정연구원,36.4928953,127.3020648,0:00,23:59,연중무휴,유료,1000원,10,,N,,N,1899-9161,세종특별자치시청,2025-06-25,5690000,세종특별자치시
"소담동 한누리대로 2016, 타임빌딩 앞",무인대여소,,세종특별자치시 소담동 541,36.48502889,127.2996476,0:00,23:59,연중무휴,유료,1000원,10,,N,,N,1899-9161,세종특별자치시청,2025-06-25,5690000,세종특별자치시
해밀동 라포르테 112동 앞,무인대여소,,세종특별자치시 해밀동 라포르테 112동,36.526104,127.273046,0:00,23:59,연중무휴,유료,1000원,10,,N,,N,1899-9161,세종특별자치시청,2025-06-25,5690000,세종특별자치시
아름동 범지기마을 11단지 인근,무인대여소,,세종특별자치시 아름동 1363,36.51116829,127.2516749,0:00,23:59,연중무휴,유료,1000원,10,,N,,N,1899-9161,세종특별자치시청,2025-06-25,5690000,세종특별자치시
다정동 가온마을 1102단지 인근,무인대여소,,세종특별자치시 다정동 970 1층 메리봉봉,36.4924166,127.2548364,0:00,23:59,연중무휴,유료,1000원,10,,N,,N,1899-9161,세종특별자치시청,2025-06-25,5690000,세종특별자치시
다정동 명품한우타운 인근,무인대여소,,세종특별자치시 다정동 695,36.4987345,127.2356416,0:00,23:59,연중무휴,유료,1000원,10,,N,,N,1899-9161,세종특별자치시청,2025-06-25,5690000,세종특별자치시
새롬동 해피라움W인근,무인대여소,,세종특별자치시 새롬동 579,36.48689599,127.2511737,0:00,23:59,연중무휴,유료,1000원,10,,N,,N,1899-9161,세종특별자치시청,2025-06-25,5690000,세종특별자치시
"보람동 759, 강남제일타워 인근",무인대여소,,세종특별자치시 보람동 759,36.47724156,127.2896956,0:00,23:59,연중무휴,유료,1000원,10,,N,,N,1899-9161,세종특별자치시청,2025-06-25,5690000,세종특별자치시
한솔동 참샘초등학교 인근,무인대여소,,세종특별자치시 한솔동 952,36.47948508,127.2593707,0:00,23:59,연중무휴,유료,1000원,10,,N,,N,1899-9161,세종특별자치시청,2025-06-25,5690000,세종특별자치시
고운동 가락마을 5단지 앞,무인대여소,,세종특별자치시 고운동 가락마을 5단지 앞,36.5060258,127.2384178,0:00,23:59,연중무휴,유료,1000원,10,,N,,N,1899-9161,세종특별자치시청,2025-06-25,5690000,세종특별자치시
아름동 범지기마을3단지 311동 앞,무인대여소,,세종특별자치시 아름동 범지기마을 311동,36.5186154,127.2450965,0:00,23:59,연중무휴,유료,1000원,10,,N,,N,1899-9161,세종특별자치시청,2025-06-25,5690000,세종특별자치시
"다정동 898, 오돈오리불고기 인근",무인대여소,,세종특별자치시 다정동 898 1층,36.4962431,127.2379262,0:00,23:59,연중무휴,유료,1000원,10,,N,,N,1899-9161,세종특별자치시청,2025-06-25,5690000,세종특별자치시
산울동 산울마을 218동 인근,무인대여소,,세종특별자치시 산울동 259,36.53221646,127.2585121,0:00,23:59,연중무휴,유료,1000원,10,,N,,N,1899-9161,세종특별자치시청,2025-06-25,5690000,세종특별자치시
조치원읍 엘리프세종아파트 111동 앞,무인대여소,,세종특별자치시 조치원읍 봉산리 372 엘리프세종아파트,36.602643,127.279915,0:00,23:59,연중무휴,유료,1000원,10,,N,,N,1899-9161,세종특별자치시청,2025-06-25,5690000,세종특별자치시
조치원읍 엘리프세종아파트 104동 앞,무인대여소,,세종특별자치시 조치원읍 봉산리 372 엘리프세종아파트,36.6028354,127.2823574,0:00,23:59,연중무휴,유료,1000원,10,,N,,N,1899-9161,세종특별자치시청,2025-06-25,5690000,세종특별자치시
공동캠퍼스 BRT 옆,무인대여소,,세종특별자치시 집현동 650-2,36.50185023,127.3341575,0:00,23:59,연중무휴,유료,1000원,10,,N,,N,1899-9161,세종특별자치시청,2025-06-25,5690000,세종특별자치시
"해밀동_해밀3로 32, 해밀마을1단지 110동 인근",무인대여소,,세종특별자치시 해밀동 649,36.5251848,127.2626965,0:00,23:59,연중무휴,유료,1000원,10,,N,,N,1899-9161,세종특별자치시청,2025-06-25,5690000,세종특별자치시
"새롬동_새롬북로14,새뜸마을 3단지 309동 앞",무인대여소,,세종특별자치시 새롬동 597,36.48527698,127.2469666,0:00,23:59,연중무휴,유료,1000원,10,,N,,N,1899-9161,세종특별자치시청,2025-06-25,5690000,세종특별자치시
"산울동_산울7로, 706동 앞",무인대여소,,세종특별자치시 산울동 152-1 산울마을7단지,36.5323189,127.2651856,0:00,23:59,연중무휴,유료,1000원,10,,N,,N,1899-9161,세종특별자치시청,2025-06-25,5690000,세종특별자치시
다정동_LH희망상가(청년세종센터),무인대여소,,세종특별자치시 다정동 965 2층 세종시청년센터,36.4932814,127.2494129,0:00,23:59,연중무휴,유료,1000원,10,,N,,N,1899-9161,세종특별자치시청,2025-06-25,5690000,세종특별자치시
도담동_도램마을3단지 305동 앞,무인대여소,,세종특별자치시 도담동 683,36.51457915,127.2560802,0:00,23:59,연중무휴,유료,1000원,10,,N,,N,1899-9161,세종특별자치시청,2025-06-25,5690000,세종특별자치시
소담동_한국전력공사 정문,무인대여소,,세종특별자치시 소담동 585,36.48203057,127.3063595,0:00,23:59,연중무휴,유료,1000원,10,,N,,N,1899-9161,세종특별자치시청,2025-06-25,5690000,세종특별자치시
고운동_가락마을8단지 804동 앞,무인대여소,,세종특별자치시 고운동 1706,36.50569802,127.2407533,0:00,23:59,연중무휴,유료,1000원,10,,N,,N,1899-9161,세종특별자치시청,2025-06-25,5690000,세종특별자치시
"집현동_집현로77, 대왕마트 앞",무인대여소,,세종특별자치시 집현동 1129,36.49103308,127.3252816,0:00,23:59,연중무휴,유료,1000원,10,,N,,N,1899-9161,세종특별자치시청,2025-06-25,5690000,세종특별자치시
세종이음학교 입구,무인대여소,,세종특별자치시 집현동 931-9,36.5001424,127.3354779,0:00,23:59,연중무휴,유료,1000원,10,,N,,N,1899-9161,세종특별자치시청,2025-06-25,5690000,세종특별자치시
"산울동_산울마을 7단지,712동 앞",무인대여소,,세종특별자치시 산울동 152-1 산울마을7단지,36.530347,127.265435,0:00,23:59,연중무휴,유료,1000원,10,,N,,N,1899-9161,세종특별자치시청,2025-06-25,5690000,세종특별자치시
집현동_세종공동캠퍼스 체육관 서측,무인대여소,,세종특별자치시 집현동 산 16,36.50351326,127.3337602,0:00,23:59,연중무휴,유료,1000원,10,,N,,N,1899-9161,세종특별자치시청,2025-06-25,5690000,세종특별자치시
집현동_세종공동캠퍼스 학생회관 북동측,무인대여소,,세종특별자치시 집현동 산 16,36.50351326,127.3337602,0:00,23:59,연중무휴,유료,1000원,10,,N,,N,1899-9161,세종특별자치시청,2025-06-25,5690000,세종특별자치시
집현동_세종공동캠퍼스 학생회관 동측,무인대여소,,세종특별자치시 집현동 산 16,36.50351326,127.3337602,0:00,23:59,연중무휴,유료,1000원,10,,N,,N,1899-9161,세종특별자치시청,2025-06-25,5690000,세종특별자치시
집현동_세종공동캠퍼스 충남대,무인대여소,,세종특별자치시 집현동 산 16,36.50351326,127.3337602,0:00,23:59,연중무휴,유료,1000원,10,,N,,N,1899-9161,세종특별자치시청,2025-06-25,5690000,세종특별자치시
집현동_세종공동캠퍼스 충북대,무인대여소,,세종특별자치시 집현동 산 16,36.50351326,127.3337602,0:00,23:59,연중무휴,유료,1000원,10,,N,,N,1899-9161,세종특별자치시청,2025-06-25,5690000,세종특별자치시
집현동_세종공동캠퍼스 한밭대,무인대여소,,세종특별자치시 집현동 산 16,36.5035892,127.3337602,0:00,23:59,연중무휴,유료,1000원,10,,N,,N,1899-9161,세종특별자치시청,2025-06-25,5690000,세종특별자치시
어진동_ 어진중학교 정문앞,무인대여소,,세종특별자치시 어진동 678,36.49820157,127.2548143,0:00,23:59,연중무휴,유료,1000원,10,,N,,N,1899-9161,세종특별자치시청,2025-06-25,5690000,세종특별자치시
가람동_LH 품질시험인정센터 정문,무인대여소,,세종특별자치시 가람동 964,36.46871,127.240116,0:00,23:59,연중무휴,유료,1000원,10,,N,,N,1899-9161,세종특별자치시청,2025-06-25,5690000,세종특별자치시
나성동_신한은행 앞,무인대여소,,세종특별자치시 나성동 711,36.4836299,127.2594012,0:00,23:59,연중무휴,유료,1000원,10,,N,,N,1899-9161,세종특별자치시청,2025-06-25,5690000,세종특별자치시
산울동_ 세종파밀리에더파크 정문,무인대여소,,세종특별자치시 산울동  308-2,36.53153128,127.2608668,0:00,23:59,연중무휴,유료,1000원,10,,N,,N,1899-9161,세종특별자치시청,2025-06-25,5690000,세종특별자치시
도담동_양지중학교 맞은편,무인대여소,,세종특별자치시 도담동 858 도램마을14단지,36.50886,127.2676608,0:00,23:59,연중무휴,유료,1000원,10,,N,,N,1899-9161,세종특별자치시청,2025-06-25,5690000,세종특별자치시
반곡동_수루배마을 4단지 정문 맞은편,무인대여소,,세종특별자치시 반곡동 59-43,36.5014876,127.313916,0:00,23:59,연중무휴,유료,1000원,10,,N,,N,1899-9161,세종특별자치시청,2025-06-25,5690000,세종특별자치시
집현동 _하나은행 앞,무인대여소,,세종특별자치시 집현동 1162,36.49913477,127.3313897,0:00,23:59,연중무휴,유료,1000원,10,,N,,N,1899-9161,세종특별자치시청,2025-06-25,5690000,세종특별자치시
어진동_어진뜰 근린공원 사거리,무인대여소,,세종특별자치시 어진동 598,36.49793339,127.2621185,0:00,23:59,연중무휴,유료,1000원,10,,N,,N,1899-9161,세종특별자치시청,2025-06-25,5690000,세종특별자치시
정부세종청사 중앙동 건너편 2,무인대여소,,세종특별자치시 어진동 713,36.50237871,127.2662329,0:00,23:59,연중무휴,유료,1000원,10,,N,,N,1899-9161,세종특별자치시청,2025-06-25,5690000,세종특별자치시
산울동 초. 중학교,무인대여소,,세종특별자치시 산울동 291-1,36.52952722,127.2594793,0:00,23:59,연중무휴,유료,1000원,10,,N,,N,1899-9161,세종특별자치시청,2025-06-25,5690000,세종특별자치시
영산강자전거길안내센터,유인대여소,광주광역시 서구 서창둑길 377,광주광역시 서구 벽진동 505-1,35.138446,126.828738,9:00,17:00,설당일+추석당일,무료,,58,40,Y,기계식,N,062-603-5359,광주환경공단,2025-08-04,B552968,광주환경공단
상주자전거박물관,유인대여소,경상북도 상주시 용마로 415,경상북도 상주시 도남동 산 3-19,36.45443803,128.2544541,10:00,17:00,매주 월,유료,"(개인) 어른 1000원 / 청소년·군인 500원(단체) 어른 700원 / 청소년·군인 300원6세이하, 장애인, 65세 이상 무료",80,0,Y,수동식,Y,054-537-5732,경상북도 상주시청,2025-08-31,5110000,경상북도 상주시
상주역 자전거 공영주차장,유인대여소,경상북도 상주시 남문1길 24,경상북도 상주시 성동동 611-6,36.40971054,128.1634401,9:00,18:00,매주 월+법정공휴일,무료,,120,3,Y,기계식,N,054-537-7392,경상북도 상주시청,2025-08-31,5110000,경상북도 상주시
복싱체육관,무인대여소,,충청남도 보령시 죽정동 431-8,36.35635032,126.6053748,0:00,23:59,설연휴+추석연휴,무료,,10,10,Y,기계식,N,041-930-3981,충청남도 보령시청,2025-12-11,4510000,충청남도 보령시
염산면사무소 내,유인대여소,전라남도 영광군 염산면 천년로1길 1-3,,35.21804026,126.37153,9:00,18:00,주말,무료,,25,,N,,N,061-350-4955,전라남도 영광군청,2024-08-16,5890000,전남광주통합특별시 영광군
대저생태공원(맥도생태공원 관리사무소 옆),유인대여소,,부산광역시 강서구 대저1동 2314-11,35.20984892,128.9845561,9:00,18:00,월+화+수 휴무(7월~8월+12월~2월) + 연중영업(3월~6월+9월~11월),유료,1인용 : 1시간 3천원 + 2인용자전거 : 1시간 6천원 + 티-에스보드 : 1시간 5천원 + 뱅키 : 1시간 7천원 + 4륜용 : 1시간 1만5천원,139,,Y,수동식,N,070-4219-1477,부산광역시 낙동강관리본부,2024-08-20,6260000,부산광역시
맥도생태공원(구포대교 밑 대저생태공원 관리사무소 앞),유인대여소,,부산광역시 강서구 대저2동 1200-22,35.15327534,128.954976,9:00,18:00,월+화 휴무(7월~8월+12월~2월) + 연중영업(3월~6월+9월~11월),유료,1인용 : 1시간 3천원 + 2인용자전거 : 1시간 6천원 + 티-에스보드 : 1시간 5천원 + 뱅키 : 1시간 7천원 + 4륜용 : 1시간 1만5천원,179,,Y,수동식,N,070-4218-1662,부산광역시 낙동강관리본부,2024-08-20,6260000,부산광역시
화명생태공원(화명운동장 내),유인대여소,,부산광역시 북구 화명동 1718-10,35.23997654,129.0060603,9:00,18:00,월+화 휴무(7월~8월+12월~2월) + 연중영업(3월~6월+9월~11월),유료,1인용 : 1시간 3천원 + 2인용자전거 : 1시간 6천원 + 티-에스보드 : 1시간 5천원 + 뱅키 : 1시간 7천원 + 4륜용 : 1시간 1만5천원,113,,Y,수동식,N,070-4219-1716,부산광역시 낙동강관리본부,2024-08-20,6260000,부산광역시
삼락생태공원(삼락 4번 주차장 옆 인라인스케이트장 내),유인대여소,,부산광역시 사상구 삼락동 29-28,35.17176879,128.9738343,9:00,18:00,월+화 휴무(7월~8월+12월~2월) + 연중영업(3월~6월+9월~11월),유료,1인용 : 1시간 3천원 + 2인용자전거 : 1시간 6천원 + 티-에스보드 : 1시간 5천원 + 뱅키 : 1시간 7천원 + 4륜용 : 1시간 1만5천원,338,,Y,수동식,N,070-4217-1866,부산광역시 낙동강관리본부,2024-08-20,6260000,부산광역시
군산시 공영자전거 무인대여소,무인대여소,,전북특별자치도 군산시 수송동891,35.96440275,126.7156373,8:00,20:00,연중무휴,유료,1일 3시간 1천원+초과시 1시간 당 500원,11,10,N,,N,063-454-3593,전북특별자치도 군산시청,2024-10-14,4671000,전북특별자치도 군산시
군산시 공영자전거 무인대여소,무인대여소,,전북특별자치도 군산시 나운동 191-34,35.95214965,126.7032849,8:00,20:00,연중무휴,유료,1일 3시간 1천원+초과시 1시간 당 500원,8,10,N,,N,063-454-3593,전북특별자치도 군산시청,2024-10-14,4671000,전북특별자치도 군산시
군산시 공영자전거 무인대여소,무인대여소,,전북특별자치도 군산시 경암동 579-20,35.98164536,126.7333969,8:00,20:00,연중무휴,유료,1일 3시간 1천원+초과시 1시간 당 500원,4,10,N,,N,063-454-3593,전북특별자치도 군산시청,2024-10-14,4671000,전북특별자치도 군산시
군산시 공영자전거 무인대여소,무인대여소,"전라북도 군산시 중앙로185, (중앙로1가)",전북특별자치도 군산시 중앙로1가 10-1,35.987571,126.710503,8:00,20:00,연중무휴,유료,1일 3시간 1천원+초과시 1시간 당 500원,5,10,N,,N,063-454-3593,전북특별자치도 군산시청,2024-10-14,4671000,전북특별자치도 군산시
군산시 공영자전거 무인대여소,무인대여소,전라북도 군산시 해망로 10,전북특별자치도 군산시 경장동 462-2,35.976347,126.724468,8:00,20:00,연중무휴,유료,1일 3시간 1천원+초과시 1시간 당 500원,12,30,N,,N,063-454-3593,전북특별자치도 군산시청,2024-10-14,4671000,전북특별자치도 군산시
군산시 공영자전거 무인대여소,무인대여소,"전라북도 군산시 옥도면 선유북길125-1, (선유도리)",전북특별자치도 군산시 옥도면 선유도리 213-3,35.813964,126.4101201,8:00,20:00,연중무휴,유료,1일 3시간 1천원+초과시 1시간 당 500원,12,25,N,,N,063-454-3593,전북특별자치도 군산시청,2024-10-14,4671000,전북특별자치도 군산시
군산시 공영자전거 무인대여소,무인대여소,"전라북도 군산시 옥도면 선유도3길33-4, (선유도리)",전북특별자치도 군산시 옥도면 선유도리 474,35.8258554,126.4160054,8:00,20:00,연중무휴,유료,1일 3시간 1천원+초과시 1시간 당 500원,4,25,N,,N,063-454-3593,전북특별자치도 군산시청,2024-10-14,4671000,전북특별자치도 군산시
군산시 공영자전거 무인대여소,무인대여소,전라북도 군산시 은파순환길 9,전북특별자치도 군산시 나운동 1223-5,35.955363,126.689078,8:00,20:00,연중무휴,유료,1일 3시간 1천원+초과시 1시간 당 500원,20,45,Y,기계식,N,063-454-3593,전북특별자치도 군산시청,2024-10-14,4671000,전북특별자치도 군산시
군산시 공영자전거 무인대여소,무인대여소,,전북특별자치도 군산시 장미동 13-2,35.98967926,126.7138318,8:00,20:00,연중무휴,유료,1일 3시간 1천원+초과시 1시간 당 500원,8,15,Y,기계식,N,063-454-3593,전북특별자치도 군산시청,2024-10-14,4671000,전북특별자치도 군산시
군산시 공영자전거 무인대여소,무인대여소,,전북특별자치도 군산시 성산면 성덕리 421-22,36.02084575,126.7647094,8:00,20:00,연중무휴,유료,1일 3시간 1천원+초과시 1시간 당 500원,15,40,Y,기계식,N,063-454-3593,전북특별자치도 군산시청,2024-10-14,4671000,전북특별자치도 군산시
동림동 산동교 하부,유인대여소,,광주광역시 북구 동림동 126-7,35.18828121,126.8609652,9:00,18:00,12~3월+7~8월,무료,,55,8,Y,수동식,Y,062-410-6774,광주광역시북구청,2025-11-01,5820000,전남광주통합특별시 북구
구의공원 옆(하절기 5월 1일 ~ 10월31일),유인대여소,서울특별시 광진구 구의강변로 84,서울특별시 광진구 구의3동 658,37.53734087,127.0938665,9:00,19:30,매월 마지막주 수요일 14:00 이후+1월1일+설날+추석 연휴+성탄절 휴무,무료,무료,30,0,Y,기계식,N,02-450-7924,서울특별시 광진구청,2025-11-05,3040000,서울특별시 광진구
구의공원 옆(동절기 11월 1일 ~ 4월30일),유인대여소,서울특별시 광진구 구의강변로 84,서울특별시 광진구 구의3동 658,37.53734087,127.0938665,9:00,18:00,매월 마지막주 수요일 14:00 이후+1월1일+설날+추석 연휴+성탄절 휴무,무료,무료,30,0,Y,기계식,N,02-450-7924,서울특별시 광진구청,2025-11-05,3040000,서울특별시 광진구
복하천 자전거대여소,유인대여소,,경기도 이천시 진리동 140,37.26812068,127.4605276,10:00,18:00,"매주 월요일~화요일, 명절 연휴",유료,(1인용) 30분 2000원 60분 3000원 추가 10분당 1000원+(2인용) 30분 3000원 60분 4000원 추가 10분당 1000원+(5인승) 30분 10000원 60분 20000원 추가 10분당 3000원+(8인승) 30분 15000원 60분 25000원 추가 10분당 3000원+(1인승전기자전거) 30분 7000원 60분 13000원 추가 10분당 3000원+(2인승 전기자전거) 30분 13000원 60분 20000원 추가 10분,141,,Y,수동식,Y,031-631-7879,이천시장애인자립생활센터,2025-11-01,4070000,경기도 이천시
신둔천 자전거대여소,유인대여소,,경기도 이천시 송정동 427,37.30259965,127.4391636,10:00,18:00,"매주 월요일~화요일, 명절 연휴",유료,(1인용) 30분 2000원 60분 3000원 추가 10분당 1000원+(2인용) 30분 3000원 60분 4000원 추가 10분당 1000원+(5인승) 30분 10000원 60분 20000원 추가 10분당 3000원+(8인승) 30분 15000원 60분 25000원 추가 10분당 3000원+(1인승전기자전거) 30분 7000원 60분 13000원 추가 10분당 3000원+(2인승 전기자전거) 30분 13000원 60분 20000원 추가 10분,119,,Y,수동식,Y,031-631-7875,이천시장애인자립생활센터,2025-11-01,4070000,경기도 이천시
월곶역 공공자전거대여소,유인대여소,경기도 시흥시 월곶중앙로 14번길 56,경기도 시흥시 월곶동 992-8,37.391814,126.742708,8:30,20:30,월+화+기타공휴일/동절기 휴관 2025.12.01. ~ 2026.03.02.,무료,무료,89,,Y,기계식,N,031-310-3146,경기도 시흥시청,2025-11-07,4010000,경기도 시흥시
정왕역 공공자전거대여소,유인대여소,경기도 시흥시 마유로 418번길 15,경기도 시흥시 정왕동 2325-12,37.351777,126.7430094,7:00,20:00,토+일+기타공휴일/동절기 휴관 2025.12.01. ~ 2026.03.02.,무료,무료,80,,Y,기계식,N,031-310-3146,경기도 시흥시청,2025-11-07,4010000,경기도 시흥시
인천대공원 내 정문 호수정원 맞은편,유인대여소,인천광역시 남동구 무네미로 238(장수동),인천광역시 남동구 장수동 산78,37.45859383,126.7519671,10:00,17:00,우천 시+동절기(11월 중순~2월),유료,다인용자전거 1만원/1시간,69,69,Y,기계식,N,032-465-1526,인천시설공단,2025-06-26,B553906,인천시설공단
자전거터미널,유인대여소,전라남도 목포시 남악로 58번길 20,전라남도 목포시 옥암동 1376,34.80222488,126.4456865,9:30,18:30,수요일+목요일,유료,1시간 2000+3시간 5000,15,,Y,,Y,061-270-3485,전라남도 목포시,2025-06-26,5780000,전남광주통합특별시 목포시
동래구 자전거무료대여소,유인대여소,,부산광역시 동래구 온천동 527,35.2022357,129.0783527,10:00,16:00,공휴일,무료,,83,47,Y,수동식,Y,051-550-4531,부산광역시 동래구,2025-06-27,3300000,부산광역시 동래구
첨단교(거점터미널),유인대여소,,광주광역시 광산구 산월동 19-1,35.20647361,126.8536204,9:00,18:00,월+화+수+목+금,무료,,31,,N,,Y,062-960-4107,광주광역시 광산구청,2025-07-03,5825000,전남광주통합특별시 광산구
어등대교(거점터미널),유인대여소,,광주광역시 광산구 우산동 526,35.16125144,126.8223265,9:00,18:00,월+화+수+목+금,무료,,5,,N,,Y,062-960-4107,광주광역시 광산구청,2025-07-03,5825000,전남광주통합특별시 광산구
어룡동 행정복지센터,무인·유인대여소,광주광역시 광산구 선운중앙로67번길 6,광주광역시 광산구 선암동 516,35.14841258,126.7798951,9:00,18:00,토+일,무료,,8,1,Y,수동식,N,062-960-4107,광주광역시 광산구청,2025-07-03,5825000,전남광주통합특별시 광산구
송정1동 행정복지센터,무인·유인대여소,광주광역시 광산구 광산로 92,광주광역시 광산구 송정동 653,35.14187324,126.800854,9:00,18:00,토+일,무료,,4,1,N,,N,062-960-4107,광주광역시 광산구청,2025-07-03,5825000,전남광주통합특별시 광산구
운남동 행정복지센터,무인·유인대여소,광주광역시 광산구 목련로217번길 10,광주광역시 광산구 운남동 387-25,35.1732666,126.8218974,9:00,18:00,토+일,무료,,3,1,Y,수동식,N,062-960-4107,광주광역시 광산구청,2025-07-03,5825000,전남광주통합특별시 광산구
수완동 행정복지센터,무인·유인대여소,광주광역시 광산구 장덕로 158,광주광역시 광산구 수완동 936,35.19707398,126.8257309,9:00,18:00,토+일,무료,,6,1,N,,N,062-960-4107,광주광역시 광산구청,2025-07-03,5825000,전남광주통합특별시 광산구
월곡1동 행정복지센터,무인·유인대여소,광주광역시 광산구 사암로 306,광주광역시 광산구 월곡동 687-1,35.1717952,126.8097249,9:00,18:00,토+일,무료,,6,1,Y,수동식,N,062-960-4107,광주광역시 광산구청,2025-07-03,5825000,전남광주통합특별시 광산구
첨단2동 행정복지센터,무인·유인대여소,광주광역시 광산구 첨단중앙로 124번길 24,광주광역시 광산구 월계동 875-5,35.21624335,126.8433211,9:00,18:00,토+일,무료,,2,1,Y,수동식,N,062-960-4107,광주광역시 광산구청,2025-07-03,5825000,전남광주통합특별시 광산구
첨단1동 행정복지센터,무인·유인대여소,광주광역시 광산구 첨단중앙로 160,광주광역시 광산구 쌍암동 656-2,35.21952708,126.8423636,9:00,18:00,토+일,무료,,1,1,Y,태양광식,N,062-960-4107,광주광역시 광산구청,2025-07-03,5825000,전남광주통합특별시 광산구
봉동 자전거 대여소,유인대여소,,전북특별자치도 완주군 봉동읍 장기리 1118-4,35.93803318,127.1688144,10:00,18:00,월요일,유료,2000,13,0,Y,기계식,Y,063-290-2884,전북특별자치도 완주군청,2024-01-30,4721000,전북특별자치도 완주군
오목대대여소,유인대여소,,전북특별자치도 전주시 완산구 풍남동3가7-9,35.816582,127.1553679,9:00,18:00,월+추석당일+1~2월,유료,1천원/1일,25,1,Y,기계식,N,063-281-2568,전북특별자치도 전주시청,2025-02-06,4641000,전북특별자치도 전주시
치명자산대여소,유인대여소,전북특별자치도 전주시 완산구 바람쐬는길92,전북특별자치도 전주시 완산구 대성동 320-2,35.80320531,127.1676666,9:00,18:00,월+추석당일+1~2월,유료,1천원/1일,144,1,Y,기계식,Y,063-281-2568,전북특별자치도 전주시청,2025-02-06,4641000,전북특별자치도 전주시
자연생태관 대여소,유인대여소,전북특별자치도 전주시 완산구 바람쐬는길21,전북특별자치도 전주시 완산구 교동951-1,35.81159258,127.1625872,9:00,18:00,월+추석당일+1~2월,유료,1천원/1일,30,,Y,기계식,N,063-281-2568,전북특별자치도 전주시청,2025-02-06,4641000,전북특별자치도 전주시
자전거종합서비스센터,유인대여소,,서울특별시 금천구 독산동 767-4,37.45745015,126.8926472,9:00,17:00,월+법정공휴일,무료,무료,148,130,Y,기계식,Y,02-2627-1697,서울특별시 금천구청,2025-11-12,3170000,서울특별시 금천구
장미공원자전거대여소,유인대여소,강원특별자치도 삼척시 삼척항1길 4-10,강원특별자치도 삼척시 정상동 440,37.4320086,129.1843851,10:00,19:00,연중무휴,유료,1시간 5000원,72,2,Y,기계식,N,033-570-3551,강원특별자치도 삼척시청,2025-11-13,4241000,강원특별자치도 삼척시
무심천 체육공원 내,유인대여소,,충청북도 청주시 서원구 사직동 79번지,36.640344,127.483185,10:00,18:00,매주 월요일+동절기(1월~2월)+강우ㆍ강설+명절연휴,무료,무료,30,5,Y,수동식,N,043-201-2704,충청북도 청주시청,2025-11-12,5710000,충청북도 청주시
무심천 청남교 옆 하천둔치,유인대여소,,충청북도 청주시 서원구 모충동 170-2번지,36.624534,127.489418,10:00,18:00,매주 월요일+동절기(1월~2월)+강우ㆍ강설+명절연휴,무료,무료,40,5,Y,수동식,N,043-201-2704,충청북도 청주시청,2025-11-12,5710000,충청북도 청주시
나주시청 자전거 대여소,유인대여소,,전라남도 나주시 삼영동 117-6,35.003033,126.708297,10:00,17:00,월+화,무료,,71,20,Y,기계식,Y,061-339-4512,전라남도 나주시청,2025-11-18,5795000,전남광주통합특별시 나주시
동면금산휴먼시아 옆,무인대여소,경상남도 양산시 동면 금산2길 12,경상남도 양산시 동면 금산리 855,35.30318894,129.0255218,0:00,23:59,연중무휴,유료,1000,8,10,N,,N,055-392-2744,경상남도 양산시청 도로정비과,2025-11-18,5380000,경상남도 양산시
쌍용아파트 옆,무인대여소,경상남도 양산시 양주로 97,경상남도 양산시 남부동 601-1,35.33376253,129.0302051,0:00,23:59,연중무휴,유료,1000,9,20,N,,N,055-392-2744,경상남도 양산시청 도로정비과,2025-11-18,5380000,경상남도 양산시
우남아파트 옆,무인대여소,경상남도 양산시 물금읍 신주로 40,경상남도 양산시 물금읍 범어리 2676-6,35.3323109,129.0158415,0:00,23:59,연중무휴,유료,1000,9,15,N,,N,055-392-2744,경상남도 양산시청 도로정비과,2025-11-18,5380000,경상남도 양산시
경민아파트 옆,무인대여소,경상남도 양산시 물금읍 황산로 707,경상남도 양산시 물금읍 범어리 682-3,35.333167,129.0091957,0:00,23:59,연중무휴,유료,1000,10,20,N,,N,055-392-2744,경상남도 양산시청 도로정비과,2025-11-18,5380000,경상남도 양산시
호포마을,무인대여소,,경상남도 양산시 동면 가산리 1095-2,35.28386886,129.0144439,0:00,23:59,연중무휴,유료,1000,8,10,N,,N,055-392-2744,경상남도 양산시청 도로정비과,2025-11-18,5380000,경상남도 양산시
물금역,무인대여소,경상남도 양산시 물금읍 황산로 347,경상남도 양산시 물금읍 물금리 372-3,35.30665511,128.9862569,0:00,23:59,연중무휴,유료,1000,9,15,Y,수동식,N,055-392-2744,경상남도 양산시청 도로정비과,2025-11-18,5380000,경상남도 양산시
원동역,무인대여소,경상남도 양산시 원동면 원동마을길 13,경상남도 양산시 원동면 원리 1154-1,35.36172042,128.9210985,0:00,23:59,연중무휴,유료,1000,10,10,N,,N,055-392-2744,경상남도 양산시청 도로정비과,2025-11-18,5380000,경상남도 양산시
양산역,무인대여소,경상남도 양산시 강변로 441,경상남도 양산시 중부동 721,35.34105833,129.0281202,0:00,23:59,연중무휴,유료,1000,10,20,Y,수동식,N,055-392-2744,경상남도 양산시청 도로정비과,2025-11-18,5380000,경상남도 양산시
남양산역,무인대여소,경상남도 양산시 물금읍 메기로 380,경상남도 양산시 물금읍 범어리 2826,35.325456,129.0194214,0:00,23:59,연중무휴,유료,1000,10,20,Y,수동식,N,055-392-2744,경상남도 양산시청 도로정비과,2025-11-18,5380000,경상남도 양산시
부산대양산캠퍼스역,무인대여소,경상남도 양산시 물금읍 메기로 270,경상남도 양산시 물금읍 범어리 2804,35.316879,129.013941,0:00,23:59,연중무휴,유료,1000,9,20,Y,수동식,N,055-392-2744,경상남도 양산시청 도로정비과,2025-11-18,5380000,경상남도 양산시
증산역,무인대여소,경상남도 양산시 물금읍 메기로 168,경상남도 양산시 물금읍 증산리 1818,35.30824626,129.0102779,0:00,23:59,연중무휴,유료,1000,10,20,N,,N,055-392-2744,경상남도 양산시청 도로정비과,2025-11-18,5380000,경상남도 양산시
온천장역북측주차장내,유인대여소,부산광역시 금정구 오시게로54번길 1,부산광역시 금정구 부곡동 389-3,35.2221896,129.088057,9:00,18:00,국공휴일 휴무(11월 중순~2월중순 주말 미운영),무료,,43,72,Y,수동식,N,051-519-4553,부산광역시 금정구청,2025-11-16,3350000,부산광역시 금정구
용정교 북단 아래,유인대여소,경상북도 안동시 반변천로 162-4,경상북도 안동시 용상동 산72-16,36.55037617,128.7552808,9:00,18:00,월요일,무료,,17,1,Y,태양광식,N,054-840-5419,경상북도 안동시청,2025-11-25,5070000,경상북도 안동시
영가대교 북단 아래,유인대여소,경상북도 안동시 육사로 152-8,경상북도 안동시 옥야동 424,36.55766248,128.7213272,9:00,18:00,월요일,무료,,23,2,Y,태양광식,N,054-840-5419,경상북도 안동시청,2025-11-25,5070000,경상북도 안동시
영호대교 북단 아래,유인대여소,경상북도 안동시 육사로 218-12,경상북도 안동시 운흥동 300,36.55867597,128.7296916,9:00,18:00,월요일,무료,,23,2,Y,태양광식,N,054-840-5419,경상북도 안동시청,2025-11-25,5070000,경상북도 안동시
어가골 다목적광장2 내,유인대여소,경상북도 안동시 육사로 24-10,경상북도 안동시 태화동 541,36.55699728,128.7070896,9:00,18:00,월요일,무료,,35,0,Y,태양광식,N,054-840-5419,경상북도 안동시청,2025-11-25,5070000,경상북도 안동시
분천산타마을 자전거셰어링,유인대여소,경상북도 봉화군 소천면 분천길 49,경상북도 봉화군 소천면 분천리 935-1,36.93259939,129.058671,9:00,18:00,법정공휴일,유료,1시간+4천원,25,2,Y,수동식,N,054-673-6354,경상북도 봉화군청,2025-11-26,5240000,경상북도 봉화군
동천동 행정복지센터,유인대여소,광주광역시 서구 유림로98번길 8,광주광역시 서구 동천동 611,35.1708669,126.864704,9:00,18:00,토+일+공휴일,무료,,4,10,Y,수동식,N,062-350-4618,광주광역시 서구청,2025-11-24,5810000,전남광주통합특별시 서구
풍암동 행정복지센터,유인대여소,광주광역시 서구 풍암1로 27,광주광역시 서구 풍암동 1125,35.124785,126.878693,9:00,18:00,토+일+공휴일,무료,,3,10,Y,수동식,N,062-350-4532,광주광역시 서구청,2025-11-24,5810000,전남광주통합특별시 서구
금호2동 행정복지센터,유인대여소,광주광역시 서구 풍금로 135,광주광역시 서구 금호동 811-1,35.12899284,126.8571913,9:00,18:00,토+일+공휴일,무료,,2,10,Y,수동식,N,062-350-4511,광주광역시 서구청,2025-11-24,5810000,전남광주통합특별시 서구
금호1동 행정복지센터,유인대여소,광주광역시 서구 운천로31번길 17,광주광역시 서구 금호동 747-8,35.1351612,126.8571889,9:00,18:00,토+일+공휴일,무료,,4,5,Y,수동식,N,062-350-4494,광주광역시 서구청,2025-11-24,5810000,전남광주통합특별시 서구
지산1동행정복지센터,유인대여소,광주광역시 동구 지산로 57,광주광역시 동구 지산동 448-49,35.149043,126.9327183,9:00,18:00,토+일,무료,,3,4,N,,N,062-608-3701,광주광역시 동구 지산1동주민센터,2025-06-23,5805000,전남광주통합특별시 동구
산수2동행정복지센터,유인대여소,광주광역시 동구 필문대로191번길 43-24,광주광역시 동구 산수동 512-3,35.15457421,126.936149,9:00,18:00,토+일,무료,,1,4,N,,N,062-608-3660,광주광역시 동구 산수2동주민센터,2025-06-23,5805000,전남광주통합특별시 동구
산수1동행정복지센터,유인대여소,광주광역시 동구 무등로449번길 12,광주광역시 동구 산수동 541-10,35.15729145,126.930749,9:00,18:00,토+일,무료,,3,0,N,,N,062-608-3632,광주광역시 동구 산수1동주민센터,2025-06-23,5805000,전남광주통합특별시 동구
충장동주민센터,유인대여소,광주광역시 동구 충장로58번길 16,광주광역시 동구 충장로4가 32-2,35.149182,126.912847,9:00,18:00,토+일,무료,,2,0,N,,N,062-608-3505,광주광역시 동구 충장동주민센터,2025-06-23,5805000,전남광주통합특별시 동구
신정호국민관광지 대여소,유인대여소,충청남도 아산시 신정로 616(방축동),충청남도 아산시 방축동 5,36.7731311,126.9858804,9:00,18:00,추석당일+설날 및 그전일,유료,"일반용(+아동용포함,+2인용): 기본2시간 1000원 / 초과30분 500원+2인승 : 기본2시간 2000원 / 초과30분 500원",194,250,Y,수동식,Y,041-540-2883,충청남도 아산시청,2025-05-16,4520000,충청남도 아산시
은행나무길 대여소,유인대여소,충청남도 아산시 염치읍 송곡길21번길 11-9,충청남도 아산시 염치읍 백암리 502-3,36.796251,127.108722,9:00,18:00,추석당일+설날 및 그전일,유료,"일반용(+아동용포함,+2인용): 기본2시간 1000원 / 초과30분 500원+2인승: 기본2시간 2000원 / 초과30분 500원",200,210,Y,기계식,Y,041-540-2883,충청남도 아산시청,2025-05-16,4520000,충청남도 아산시
돌산공원 입구,무인대여소,,전라남도 여수시 돌산읍 우두리 산368-7,34.728214,127.743052,0:01,23:59,연중무휴,유료,정기권 1년 3만원+정기권6개월 1만8천원+정기권 1개월 5천원+일일권 1천원,20,20,N,,N,061-659-4567,전라남도 여수시청,2025-06-12,5785000,전남광주통합특별시 여수시
구봉중 입구,무인대여소,,전라남도 여수시 국동 433,34.73087291,127.7171566,0:01,23:59,연중무휴,유료,정기권 1년 3만원+정기권6개월 1만8천원+정기권 1개월 5천원+일일권 1천원,12,12,N,,N,061-659-4567,전라남도 여수시청,2025-06-12,5785000,전남광주통합특별시 여수시
여서문화의거리,무인대여소,,전라남도 여수시 여서동 214-5,34.753076,127.7038282,0:01,23:59,연중무휴,유료,정기권 1년 3만원+정기권6개월 1만8천원+정기권 1개월 5천원+일일권 1천원,20,20,N,,N,061-659-4567,전라남도 여수시청,2025-06-12,5785000,전남광주통합특별시 여수시
웅천청소년공원,무인대여소,,전라남도 여수시 웅천동 1684,34.74744791,127.6743325,0:01,23:59,연중무휴,유료,정기권 1년 3만원+정기권6개월 1만8천원+정기권 1개월 5천원+일일권 1천원,25,25,N,,N,061-659-4567,전라남도 여수시청,2025-06-12,5785000,전남광주통합특별시 여수시
성산공원,무인대여소,,전라남도 여수시 화장동 949,34.77438325,127.647573,0:01,23:59,연중무휴,유료,정기권 1년 3만원+정기권6개월 1만8천원+정기권 1개월 5천원+일일권 1천원,20,20,N,,N,061-659-4567,전라남도 여수시청,2025-06-12,5785000,전남광주통합특별시 여수시
오동도,무인대여소,전라남도 여수시 오동도로 242,전라남도 여수시 수정동 1,34.74523417,127.7660038,0:01,23:59,연중무휴,유료,정기권 1년 3만원+정기권6개월 1만8천원+정기권 1개월 5천원+일일권 1천원,20,20,N,,N,061-659-4567,전라남도 여수시청,2025-06-12,5785000,전남광주통합특별시 여수시
여수엑스포역,무인대여소,전라남도 여수시 망양로 2,전라남도 여수시 덕충동 61-7,34.75310731,127.7488566,0:01,23:59,연중무휴,유료,정기권 1년 3만원+정기권6개월 1만8천원+정기권 1개월 5천원+일일권 1천원,37,37,N,,N,061-659-4567,전라남도 여수시청,2025-06-12,5785000,전남광주통합특별시 여수시
엑스포홍보관,무인대여소,,전라남도 여수시 수정동 777-3,34.74331782,127.7509941,0:01,23:59,연중무휴,유료,정기권 1년 3만원+정기권6개월 1만8천원+정기권 1개월 5천원+일일권 1천원,20,20,N,,N,061-659-4567,전라남도 여수시청,2025-06-12,5785000,전남광주통합특별시 여수시
해양공원 공연장,무인대여소,,전라남도 여수시 종화동 526-7,34.7379571,127.7441697,0:01,23:59,연중무휴,유료,정기권 1년 3만원+정기권6개월 1만8천원+정기권 1개월 5천원+일일권 1천원,20,20,N,,N,061-659-4567,전라남도 여수시청,2025-06-12,5785000,전남광주통합특별시 여수시
이순신공원,무인대여소,,전라남도 여수시 중앙동 385-19,34.7387476,127.7364153,0:01,23:59,연중무휴,유료,정기권 1년 3만원+정기권6개월 1만8천원+정기권 1개월 5천원+일일권 1천원,25,25,N,,N,061-659-4567,전라남도 여수시청,2025-06-12,5785000,전남광주통합특별시 여수시
소호회센터,무인대여소,,전라남도 여수시 소호동 358-1,34.745808,127.653821,0:01,23:59,연중무휴,유료,정기권 1년 3만원+정기권6개월 1만8천원+정기권 1개월 5천원+일일권 1천원,12,12,N,,N,061-659-4567,전라남도 여수시청,2025-06-12,5785000,전남광주통합특별시 여수시
장성삼거리,무인대여소,,전라남도 여수시 학동 201,34.75590207,127.6572796,0:01,23:59,연중무휴,유료,정기권 1년 3만원+정기권6개월 1만8천원+정기권 1개월 5천원+일일권 1천원,15,15,N,,N,061-659-4567,전라남도 여수시청,2025-06-12,5785000,전남광주통합특별시 여수시
선소체육공원,무인대여소,,전라남도 여수시 학동 183,34.75644084,127.6639126,0:01,23:59,연중무휴,유료,정기권 1년 3만원+정기권6개월 1만8천원+정기권 1개월 5천원+일일권 1천원,15,15,N,,N,061-659-4567,전라남도 여수시청,2025-06-12,5785000,전남광주통합특별시 여수시
망마경기장,무인대여소,전라남도 여수시 여천체육공원길 49,전라남도 여수시 시전동 109,34.75881242,127.6782512,0:01,23:59,연중무휴,유료,정기권 1년 3만원+정기권6개월 1만8천원+정기권 1개월 5천원+일일권 1천원,12,12,N,,N,061-659-4567,전라남도 여수시청,2025-06-12,5785000,전남광주통합특별시 여수시
거북선공원,무인대여소,,전라남도 여수시 학동 163,34.75994757,127.6673942,0:01,23:59,연중무휴,유료,정기권 1년 3만원+정기권6개월 1만8천원+정기권 1개월 5천원+일일권 1천원,15,15,N,,N,061-659-4567,전라남도 여수시청,2025-06-12,5785000,전남광주통합특별시 여수시
여수시청,무인대여소,전라남도 여수시 시청로 1,전라남도 여수시 학동 100,34.76014841,127.661568,0:01,23:59,연중무휴,유료,정기권 1년 3만원+정기권6개월 1만8천원+정기권 1개월 5천원+일일권 1천원,12,12,N,,N,061-659-4567,전라남도 여수시청,2025-06-12,5785000,전남광주통합특별시 여수시
도원사거리,무인대여소,,전라남도 여수시 학동 111-2,34.76073231,127.6562419,0:01,23:59,연중무휴,유료,정기권 1년 3만원+정기권6개월 1만8천원+정기권 1개월 5천원+일일권 1천원,12,12,N,,N,061-659-4567,전라남도 여수시청,2025-06-12,5785000,전남광주통합특별시 여수시
학동 신동아파트,무인대여소,,전라남도 여수시 학동 54,34.76612808,127.6594107,0:01,23:59,연중무휴,유료,정기권 1년 3만원+정기권6개월 1만8천원+정기권 1개월 5천원+일일권 1천원,12,12,N,,N,061-659-4567,전라남도 여수시청,2025-06-12,5785000,전남광주통합특별시 여수시
응봉자전거대여소,유인대여소,서울특별시 성동구 고산자로 125-18,서울특별시 성동구 응봉동 3-11,37.55077304,127.0345984,8:00,20:00,법정공휴일,무료,무료,89,2,Y,기계식,N,02-2298-8111,서울특별시 성동구청,2025-06-18,3030000,서울특별시 성동구
옥수자전거대여소,유인대여소,서울특별시 성동구 동호로 21,서울특별시 성동구 옥수동 168-1,37.54104689,127.01833,8:00,20:00,법정공휴일,무료,무료,124,2,Y,기계식,Y,02-2298-8003,서울특별시 성동구청,2025-06-18,3030000,서울특별시 성동구
지원2동행정복지센터,유인대여소,광주광역시 동구 화산로 361,광주광역시 동구 용산동 269-1,35.120466,126.932873,9:00,18:00,토+일,무료,,4,0,N,,N,062-608-3874,광주광역시 동구 지원2동주민센터,2025-06-23,5805000,전남광주통합특별시 동구
지원1동행정복지센터,유인대여소,광주광역시 동구 지원로 31-9,광주광역시 동구 소태동 486-1,35.1253006,126.9351767,9:00,18:00,토+일,무료,,1,0,N,,N,062-608-3851,광주광역시 동구 지원1동주민센터,2025-06-23,5805000,전남광주통합특별시 동구
서남동행정복지센터,유인대여소,광주광역시 동구 서남로 14,광주광역시 동구 서석동 29,35.144962,126.923163,9:00,18:00,토+일,무료,,2,0,N,,N,062-608-3751,광주광역시 동구 서남동주민센터,2025-06-23,5805000,전남광주통합특별시 동구
지산2동행정복지센터,유인대여소,광주광역시 동구 지호로 51,광주광역시 동구 지산동 232-46,35.147975,126.9344925,9:00,18:00,토+일,무료,,1,5,N,,N,062-608-3735,광주광역시 동구 지산2동주민센터,2025-06-23,5805000,전남광주통합특별시 동구
오산천 자전거대여소,유인대여소,경기도 오산시 오산천로 265,경기도 오산시 오산동 345-2,37.15558142,127.0706641,9:00,18:00,매주 월요일 휴무,무료,무료,92,92,Y,기계식,N,031-8036-7704,경기도 오산시청,2025-06-26,4000000,경기도 오산시
돌산 노블호텔,무인대여소,,전라남도 여수시 돌산읍 우두리 산403-1,34.71740244,127.7469759,0:01,23:59,연중무휴,유료,정기권 1년 3만원+정기권6개월 1만8천원+정기권 1개월 5천원+일일권 1천원,10,10,N,수동식,N,061-659-4567,전라남도 여수시청,2025-06-12,5785000,전남광주통합특별시 여수시
웅천 부영1차,무인대여소,,전라남도 여수시 웅천동 1852,34.74088087,127.6833496,0:01,23:59,연중무휴,유료,정기권 1년 3만원+정기권6개월 1만8천원+정기권 1개월 5천원+일일권 1천원,15,15,Y,수동식,N,061-659-4567,전라남도 여수시청,2025-06-12,5785000,전남광주통합특별시 여수시
엑스포로터리,무인대여소,,전라남도 여수시 공화동 568-1,34.747621,127.744873,0:01,23:59,연중무휴,유료,정기권 1년 3만원+정기권6개월 1만8천원+정기권 1개월 5천원+일일권 1천원,8,8,N,수동식,N,061-659-4567,전라남도 여수시청,2025-06-12,5785000,전남광주통합특별시 여수시
여천역,무인대여소,,전라남도 여수시 여천동 694-5,34.77944516,127.6627778,0:01,23:59,연중무휴,유료,정기권 1년 3만원+정기권6개월 1만8천원+정기권 1개월 5천원+일일권 1천원,10,10,N,수동식,N,061-659-4567,전라남도 여수시청,2025-06-12,5785000,전남광주통합특별시 여수시
여서동 문화의 거리,무인대여소,,전라남도 여수시 여서동 458-1,34.749449,127.7002785,0:01,23:59,연중무휴,유료,정기권 1년 3만원+정기권6개월 1만8천원+정기권 1개월 5천원+일일권 1천원,15,15,N,수동식,N,061-659-4567,전라남도 여수시청,2025-06-12,5785000,전남광주통합특별시 여수시
쌍봉동 주민센터,무인대여소,전라남도 여수시 흥국로 25,전라남도 여수시 학동 33,34.76356338,127.665242,0:01,23:59,연중무휴,유료,정기권 1년 3만원+정기권6개월 1만8천원+정기권 1개월 5천원+일일권 1천원,10,10,N,수동식,N,061-659-4567,전라남도 여수시청,2025-06-12,5785000,전남광주통합특별시 여수시
웅천 부영2차,무인대여소,,전라남도 여수시 웅천동 1862-1,34.74481514,127.6857932,0:01,23:59,연중무휴,유료,정기권 1년 3만원+정기권6개월 1만8천원+정기권 1개월 5천원+일일권 1천원,15,15,N,수동식,N,061-659-4567,전라남도 여수시청,2025-06-12,5785000,전남광주통합특별시 여수시
돌산 진모축구장,무인대여소,,전라남도 여수시 돌산읍 우두리 1136-4,34.715063,127.7542369,0:01,23:59,연중무휴,유료,정기권 1년 3만원+정기권6개월 1만8천원+정기권 1개월 5천원+일일권 1천원,10,10,N,수동식,N,061-659-4567,전라남도 여수시청,2025-06-12,5785000,전남광주통합특별시 여수시
돌산KT 우두분기국,무인대여소,전라남도 여수시 돌산읍 강남로 67,전라남도 여수시 돌산읍 우두리 1027,34.72179919,127.7517045,0:01,23:59,연중무휴,유료,정기권 1년 3만원+정기권6개월 1만8천원+정기권 1개월 5천원+일일권 1천원,10,10,N,수동식,N,061-659-4567,전라남도 여수시청,2025-06-12,5785000,전남광주통합특별시 여수시
소담동_새샘308동앞BRT,무인대여소,,세종특별자치시 소담동 32-123,36.48315,127.297934,0:00,23:59,연중무휴,유료,1000원,10,,N,,N,1899-9161,세종특별자치시청,2025-06-25,5690000,세종특별자치시
소담동_새샘217동앞BRT,무인대여소,,세종특별자치시 소담동 32-127,36.483134,127.298771,0:00,23:59,연중무휴,유료,1000원,10,,N,,N,1899-9161,세종특별자치시청,2025-06-25,5690000,세종특별자치시
소담동_새샘216동앞BRT,무인대여소,,세종특별자치시 소담동 32-123,36.482487,127.297858,0:00,23:59,연중무휴,유료,1000원,10,,N,,N,1899-9161,세종특별자치시청,2025-06-25,5690000,세종특별자치시
소담동_새샘512동 건너편BRT 1,무인대여소,,세종특별자치시 소담동 617,36.48341935,127.3063812,0:00,23:59,연중무휴,유료,1000원,10,,N,,N,1899-9161,세종특별자치시청,2025-06-25,5690000,세종특별자치시
보람동_호려울810동,무인대여소,,세종특별자치시 보람동 635-8,36.479951,127.297308,0:00,23:59,연중무휴,유료,1000원,10,,N,,N,1899-9161,세종특별자치시청,2025-06-25,5690000,세종특별자치시
보람동_호려울8단지 정문,무인대여소,,세종특별자치시 보람동 686,36.478263,127.295439,0:00,23:59,연중무휴,유료,1000원,10,,N,,N,1899-9161,세종특별자치시청,2025-06-25,5690000,세종특별자치시
보람동_새샘315동앞,무인대여소,,세종특별자치시 보람동 617-5,36.483899,127.294376,0:00,23:59,연중무휴,유료,1000원,10,,N,,N,1899-9161,세종특별자치시청,2025-06-25,5690000,세종특별자치시
보람동_세종남부경찰서 건너편,무인대여소,,세종특별자치시 보람동 623-5,36.482037,127.291883,0:00,23:59,연중무휴,유료,1000원,10,,N,,N,1899-9161,세종특별자치시청,2025-06-25,5690000,세종특별자치시
고운동_두루중학교,무인대여소,,세종특별자치시 고운동 1385,36.51807167,127.2386496,0:00,23:59,연중무휴,유료,1000원,10,,N,,N,1899-9161,세종특별자치시청,2025-06-25,5690000,세종특별자치시
고운동_가락1506동앞,무인대여소,,세종특별자치시 고운동 1393,36.5157578,127.2371901,0:00,23:59,연중무휴,유료,1000원,10,,N,,N,1899-9161,세종특별자치시청,2025-06-25,5690000,세종특별자치시
한솔동_첫마을402동 건너편,무인대여소,,세종특별자치시 한솔동 963,36.47981778,127.2518438,0:00,23:59,연중무휴,유료,1000원,10,,N,,N,1899-9161,세종특별자치시청,2025-06-25,5690000,세종특별자치시
고운동_가락1809동앞,무인대여소,,세종특별자치시 고운동 2057,36.51114178,127.2296487,0:00,23:59,연중무휴,유료,1000원,10,,N,,N,1899-9161,세종특별자치시청,2025-06-25,5690000,세종특별자치시
고운동_복합커뮤니티센터,무인대여소,,세종특별자치시 고운동 1382,36.51972434,127.2365898,0:00,23:59,연중무휴,유료,1000원,10,,N,,N,1899-9161,세종특별자치시청,2025-06-25,5690000,세종특별자치시
고운동_한빛교회 건너편,무인대여소,,세종특별자치시 고운동 2058,36.51165147,127.2337567,0:00,23:59,연중무휴,유료,1000원,10,,N,,N,1899-9161,세종특별자치시청,2025-06-25,5690000,세종특별자치시
고운동_고운빌딩 건너편,무인대여소,,세종특별자치시 고운동 2057,36.51114178,127.2296487,0:00,23:59,연중무휴,유료,1000원,10,,N,,N,1899-9161,세종특별자치시청,2025-06-25,5690000,세종특별자치시
고운동_고운빌딩앞,무인대여소,,세종특별자치시 고운동 1152,36.518381,127.232672,0:00,23:59,연중무휴,유료,1000원,10,,N,,N,1899-9161,세종특별자치시청,2025-06-25,5690000,세종특별자치시
고운동_ 침례교회앞,무인대여소,,세종특별자치시 고운동 2057,36.51114178,127.2296487,0:00,23:59,연중무휴,유료,1000원,10,,N,,N,1899-9161,세종특별자치시청,2025-06-25,5690000,세종특별자치시
고운동_고운동(마음로),무인대여소,,세종특별자치시 고운동 2057,36.51114178,127.2296487,0:00,23:59,연중무휴,유료,1000원,10,,N,,N,1899-9161,세종특별자치시청,2025-06-25,5690000,세종특별자치시
고운동_고운동(마음안로)2,무인대여소,,세종특별자치시 고운동 1355,36.515171,127.23313,0:00,23:59,연중무휴,유료,1000원,10,,N,,N,1899-9161,세종특별자치시청,2025-06-25,5690000,세종특별자치시
고운동_고운동성당 건너편,무인대여소,,세종특별자치시 고운동 1403,36.51445418,127.2319267,0:00,23:59,연중무휴,유료,1000원,10,,N,,N,1899-9161,세종특별자치시청,2025-06-25,5690000,세종특별자치시
고운동_고운고등학교앞 로터리,무인대여소,,세종특별자치시 고운동 1412,36.51000641,127.2305687,0:00,23:59,연중무휴,유료,1000원,10,,N,,N,1899-9161,세종특별자치시청,2025-06-25,5690000,세종특별자치시
고운동_고운고등학교 건너편,무인대여소,,세종특별자치시 고운동 2058,36.51165147,127.2337567,0:00,23:59,연중무휴,유료,1000원,10,,N,,N,1899-9161,세종특별자치시청,2025-06-25,5690000,세종특별자치시
고운동_가락1004동앞,무인대여소,,세종특별자치시 고운동 1400,36.51484708,127.2280006,0:00,23:59,연중무휴,유료,1000원,10,,N,,N,1899-9161,세종특별자치시청,2025-06-25,5690000,세종특별자치시
고운동_가락1307동앞,무인대여소,,세종특별자치시 고운동 1401,36.51457618,127.2301233,0:00,23:59,연중무휴,유료,1000원,10,,N,,N,1899-9161,세종특별자치시청,2025-06-25,5690000,세종특별자치시
고운동_가락1302동앞,무인대여소,,세종특별자치시 고운동 1401,36.51457618,127.2301233,0:00,23:59,연중무휴,유료,1000원,10,,N,,N,1899-9161,세종특별자치시청,2025-06-25,5690000,세종특별자치시
고운동_가락1103동앞,무인대여소,,세종특별자치시 고운동 2057,36.51114178,127.2296487,0:00,23:59,연중무휴,유료,1000원,10,,N,,N,1899-9161,세종특별자치시청,2025-06-25,5690000,세종특별자치시
고운동_으뜸초등학교건너편,무인대여소,,세종특별자치시 고운동 1466,36.50766558,127.2309769,0:00,23:59,연중무휴,유료,1000원,10,,N,,N,1899-9161,세종특별자치시청,2025-06-25,5690000,세종특별자치시
고운동_마음로 버스정류장,무인대여소,,세종특별자치시 고운동 2057,36.51114178,127.2296487,0:00,23:59,연중무휴,유료,1000원,10,,N,,N,1899-9161,세종특별자치시청,2025-06-25,5690000,세종특별자치시
고운동_참샘빌딩건너편,무인대여소,,세종특별자치시 고운동 2058,36.51165147,127.2337567,0:00,23:59,연중무휴,유료,1000원,10,,N,,N,1899-9161,세종특별자치시청,2025-06-25,5690000,세종특별자치시
고운동_가락801동앞,무인대여소,,세종특별자치시 고운동 2058,36.51165147,127.2337567,0:00,23:59,연중무휴,유료,1000원,10,,N,,N,1899-9161,세종특별자치시청,2025-06-25,5690000,세종특별자치시
고운동_고운중 버스정류장,무인대여소,,세종특별자치시 고운동 1709,36.50527368,127.2364918,0:00,23:59,연중무휴,유료,1000원,10,,N,,N,1899-9161,세종특별자치시청,2025-06-25,5690000,세종특별자치시
고운동_고운중학교,무인대여소,,세종특별자치시 고운동 1709,36.50527368,127.2364918,0:00,23:59,연중무휴,유료,1000원,10,,N,,N,1899-9161,세종특별자치시청,2025-06-25,5690000,세종특별자치시
고운동_가락303동앞,무인대여소,,세종특별자치시 고운동 1708,36.50562541,127.2361879,0:00,23:59,연중무휴,유료,1000원,10,,N,,N,1899-9161,세종특별자치시청,2025-06-25,5690000,세종특별자치시
고운동_그랜드프라자앞,무인대여소,,세종특별자치시 고운동 2057,36.51114178,127.2296487,0:00,23:59,연중무휴,유료,1000원,10,,N,,N,1899-9161,세종특별자치시청,2025-06-25,5690000,세종특별자치시
고운동_가락704동앞,무인대여소,,세종특별자치시 고운동 1724,36.50509973,127.2393723,0:00,23:59,연중무휴,유료,1000원,10,,N,,N,1899-9161,세종특별자치시청,2025-06-25,5690000,세종특별자치시
고운동_가락612동건너편,무인대여소,,세종특별자치시 고운동 1740,36.50247762,127.2382869,0:00,23:59,연중무휴,유료,1000원,10,,N,,N,1899-9161,세종특별자치시청,2025-06-25,5690000,세종특별자치시
다정동_가온414동,무인대여소,,세종특별자치시 다정동 363-257,36.490763,127.249472,0:00,23:59,연중무휴,유료,1000원,10,,N,,N,1899-9161,세종특별자치시청,2025-06-25,5690000,세종특별자치시
다정동_가온403동건너편 공원,무인대여소,,세종특별자치시 다정동 9-3,36.493878,127.248148,0:00,23:59,연중무휴,유료,1000원,10,,N,,N,1899-9161,세종특별자치시청,2025-06-25,5690000,세종특별자치시
다정동_the다정빌딩옆,무인대여소,,세종특별자치시 다정동 7-3,36.494859,127.24858,0:00,23:59,연중무휴,유료,1000원,10,,N,,N,1899-9161,세종특별자치시청,2025-06-25,5690000,세종특별자치시
다정동_가온511동앞,무인대여소,,세종특별자치시 다정동 334,36.4946096,127.2447827,0:00,23:59,연중무휴,유료,1000원,10,,N,,N,1899-9161,세종특별자치시청,2025-06-25,5690000,세종특별자치시
다정동_다정초 봄빛문화공원,무인대여소,,세종특별자치시 다정동 22-6,36.493183,127.243401,0:00,23:59,연중무휴,유료,1000원,10,,N,,N,1899-9161,세종특별자치시청,2025-06-25,5690000,세종특별자치시
나성동_명동프라자옆BRT,무인대여소,,세종특별자치시 나성동 726,36.48682368,127.2577791,0:00,23:59,연중무휴,유료,1000원,10,,N,,N,1899-9161,세종특별자치시청,2025-06-25,5690000,세종특별자치시
새롬동_새롬종합복지센터좌,무인대여소,,세종특별자치시 새롬동 66-5,36.485805,127.256033,0:00,23:59,연중무휴,유료,1000원,10,,N,,N,1899-9161,세종특별자치시청,2025-06-25,5690000,세종특별자치시
새롬동_새뜸705동앞,무인대여소,,세종특별자치시 새롬동 266,36.4893226,127.2500531,0:00,23:59,연중무휴,유료,1000원,10,,N,,N,1899-9161,세종특별자치시청,2025-06-25,5690000,세종특별자치시
새롬동_새뜸703동앞,무인대여소,,세종특별자치시 새롬동 302-1,36.4880271,127.2503098,0:00,23:59,연중무휴,유료,1000원,10,,N,,N,1899-9161,세종특별자치시청,2025-06-25,5690000,세종특별자치시
새롬동_새뜸402동앞로터리,무인대여소,,세종특별자치시 새롬동 454-4,36.48678,127.247663,0:00,23:59,연중무휴,유료,1000원,10,,N,,N,1899-9161,세종특별자치시청,2025-06-25,5690000,세종특별자치시
새롬동_새뜸1003동건너편,무인대여소,,세종특별자치시 새롬동 산5,36.487309,127.251418,0:00,23:59,연중무휴,유료,1000원,10,,N,,N,1899-9161,세종특별자치시청,2025-06-25,5690000,세종특별자치시
새롬동_해피라움W앞,무인대여소,,세종특별자치시 새롬동 산6,36.486754,127.250668,0:00,23:59,연중무휴,유료,1000원,10,,N,,N,1899-9161,세종특별자치시청,2025-06-25,5690000,세종특별자치시
새롬동_오렌지빌딩,무인대여소,,세종특별자치시 새롬동 산6,36.486842,127.250476,0:00,23:59,연중무휴,유료,1000원,10,,N,,N,1899-9161,세종특별자치시청,2025-06-25,5690000,세종특별자치시
새롬동_행운빌딩,무인대여소,,세종특별자치시 새롬동 산26,36.48579,127.250624,0:00,23:59,연중무휴,유료,1000원,10,,N,,N,1899-9161,세종특별자치시청,2025-06-25,5690000,세종특별자치시
새롬동_세움빌딩앞,무인대여소,,세종특별자치시 새롬동 산75,36.485164,127.250956,0:00,23:59,연중무휴,유료,1000원,10,,N,,N,1899-9161,세종특별자치시청,2025-06-25,5690000,세종특별자치시
새롬동_복합커뮤니티센터 옆,무인대여소,,세종특별자치시 새롬동 산75,36.485046,127.251332,0:00,23:59,연중무휴,유료,1000원,10,,N,,N,1899-9161,세종특별자치시청,2025-06-25,5690000,세종특별자치시
새롬동_새뜸프라자앞,무인대여소,,세종특별자치시 새롬동 341-106,36.4842,127.251999,0:00,23:59,연중무휴,유료,1000원,10,,N,,N,1899-9161,세종특별자치시청,2025-06-25,5690000,세종특별자치시
새롬동_새뜸8단지건너편,무인대여소,,세종특별자치시 새롬동 341-77,36.484625,127.253073,0:00,23:59,연중무휴,유료,1000원,10,,N,,N,1899-9161,세종특별자치시청,2025-06-25,5690000,세종특별자치시
새롬동_새뜸5단지,무인대여소,,세종특별자치시 새롬동 341-114,36.483064,127.2505161,0:00,23:59,연중무휴,유료,1000원,10,,N,,N,1899-9161,세종특별자치시청,2025-06-25,5690000,세종특별자치시
새롬동_새뜸정문 102동앞,무인대여소,,세종특별자치시 새롬동 산77,36.4827356,127.2485116,0:00,23:59,연중무휴,유료,1000원,10,,N,,N,1899-9161,세종특별자치시청,2025-06-25,5690000,세종특별자치시
나성동_한솔동금강프라자2,무인대여소,,세종특별자치시 나성동 723,36.47932537,127.2624714,0:00,23:59,연중무휴,유료,1000원,10,,N,,N,1899-9161,세종특별자치시청,2025-06-25,5690000,세종특별자치시
나성동_한솔동금강프라자1,무인대여소,,세종특별자치시 나성동 724,36.48137667,127.2606046,0:00,23:59,연중무휴,유료,1000원,10,,N,,N,1899-9161,세종특별자치시청,2025-06-25,5690000,세종특별자치시
한솔동_첫마을3단지,무인대여소,,세종특별자치시 한솔동 1232,36.4800527,127.2607264,0:00,23:59,연중무휴,유료,1000원,10,,N,,N,1899-9161,세종특별자치시청,2025-06-25,5690000,세종특별자치시
한솔동_첫마을1단지,무인대여소,,세종특별자치시 한솔동 1231,36.48038171,127.2587303,0:00,23:59,연중무휴,유료,1000원,10,,N,,N,1899-9161,세종특별자치시청,2025-06-25,5690000,세종특별자치시
한솔동_첫마을 402동앞,무인대여소,,세종특별자치시 한솔동 1229,36.47792518,127.2496697,0:00,23:59,연중무휴,유료,1000원,10,,N,,N,1899-9161,세종특별자치시청,2025-06-25,5690000,세종특별자치시
한솔동_첫마을 404동앞,무인대여소,,세종특별자치시 한솔동 1229,36.47792518,127.2496697,0:00,23:59,연중무휴,유료,1000원,10,,N,,N,1899-9161,세종특별자치시청,2025-06-25,5690000,세종특별자치시
맑음터공원 자전거대여소,유인대여소,경기도 오산시 오산천로 52,경기도 오산시 오산동 750-1,37.13821264,127.064528,9:00,18:00,매주 월요일 휴무,무료,무료,153,153,Y,기계식,N,031-8036-7704,경기도 오산시청,2025-06-26,4000000,경기도 오산시
고인돌공원,유인대여소,전북특별자치도 고창군 고창읍 송암길 170-65,전북특별자치도 고창군 고창읍 죽림리 746,35.44698681,126.6482193,9:00,18:00,월,무료,,25,25,Y,기계식,Y,063-560-8665,전북특별자치도 고창군청,2024-07-24,4781000,전북특별자치도 고창군
고운동_가락602동앞,무인대여소,,세종특별자치시 고운동 2057,36.51114178,127.2296487,0:00,23:59,연중무휴,유료,1000원,10,,N,,N,1899-9161,세종특별자치시청,2025-06-25,5690000,세종특별자치시
고운동_고운동(만남로),무인대여소,,세종특별자치시 고운동 1816,36.50095664,127.236016,0:00,23:59,연중무휴,유료,1000원,10,,N,,N,1899-9161,세종특별자치시청,2025-06-25,5690000,세종특별자치시
다정동_가온904동앞 공원,무인대여소,,세종특별자치시 다정동 95,36.498332,127.251723,0:00,23:59,연중무휴,유료,1000원,10,,N,,N,1899-9161,세종특별자치시청,2025-06-25,5690000,세종특별자치시
다정동_가온906동앞,무인대여소,,세종특별자치시 다정동 93,36.498909,127.249656,0:00,23:59,연중무휴,유료,1000원,10,,N,,N,1899-9161,세종특별자치시청,2025-06-25,5690000,세종특별자치시
다정동_가온603동앞,무인대여소,,세종특별자치시 다정동 85-2,36.498653,127.248864,0:00,23:59,연중무휴,유료,1000원,10,,N,,N,1899-9161,세종특별자치시청,2025-06-25,5690000,세종특별자치시
다정동_가온603동앞 공원,무인대여소,,세종특별자치시 다정동 85-1,36.498982,127.248717,0:00,23:59,연중무휴,유료,1000원,10,,N,,N,1899-9161,세종특별자치시청,2025-06-25,5690000,세종특별자치시
다정동_가온607동앞,무인대여소,,세종특별자치시 다정동 1-1,36.498814,127.245067,0:00,23:59,연중무휴,유료,1000원,10,,N,,N,1899-9161,세종특별자치시청,2025-06-25,5690000,세종특별자치시
다정동_가온315동앞,무인대여소,,세종특별자치시 다정동 273-4,36.499254,127.244546,0:00,23:59,연중무휴,유료,1000원,10,,N,,N,1899-9161,세종특별자치시청,2025-06-25,5690000,세종특별자치시
다정동_가온314동앞,무인대여소,,세종특별자치시 종촌동 710,36.499395,127.246093,0:00,23:59,연중무휴,유료,1000원,10,,N,,N,1899-9161,세종특별자치시청,2025-06-25,5690000,세종특별자치시
다정동_가온312동앞,무인대여소,,세종특별자치시 다정동 308-5,36.499051,127.240739,0:00,23:59,연중무휴,유료,1000원,10,,N,,N,1899-9161,세종특별자치시청,2025-06-25,5690000,세종특별자치시
다정동_가온807동앞,무인대여소,,세종특별자치시 다정동 13,36.495453,127.252129,0:00,23:59,연중무휴,유료,1000원,10,,N,,N,1899-9161,세종특별자치시청,2025-06-25,5690000,세종특별자치시
나성동_모닝시티오피스텔,무인대여소,,세종특별자치시 나성동 734,36.49169784,127.2561064,0:00,23:59,연중무휴,유료,1000원,10,,N,,N,1899-9161,세종특별자치시청,2025-06-25,5690000,세종특별자치시
다정동_가온8단지앞상가(페스티발2),무인대여소,,세종특별자치시 다정동 7-4,36.494827,127.249278,0:00,23:59,연중무휴,유료,1000원,10,,N,,N,1899-9161,세종특별자치시청,2025-06-25,5690000,세종특별자치시
다정동_가온1215옆,무인대여소,,세종특별자치시 다정동 363-153,36.493288,127.252411,0:00,23:59,연중무휴,유료,1000원,10,,N,,N,1899-9161,세종특별자치시청,2025-06-25,5690000,세종특별자치시
다정동_가온703동 옆,무인대여소,,세종특별자치시 다정동 967,36.49193627,127.2522688,0:00,23:59,연중무휴,유료,1000원,10,,N,,N,1899-9161,세종특별자치시청,2025-06-25,5690000,세종특별자치시
다정동_가온1006동앞,무인대여소,,세종특별자치시 다정동 363-38,36.490872,127.25243,0:00,23:59,연중무휴,유료,1000원,10,,N,,N,1899-9161,세종특별자치시청,2025-06-25,5690000,세종특별자치시
반곡동_수루배마을 901동앞,무인대여소,,세종특별자치시 반곡동 875,36.49910856,127.306572,0:00,23:59,연중무휴,유료,1000원,10,,N,,N,1899-9161,세종특별자치시청,2025-06-25,5690000,세종특별자치시
금남면_호탄리,무인대여소,,세종특별자치시 금남면 호탄리 573-2,36.47307861,127.2970456,0:00,23:59,연중무휴,유료,1000원,10,,N,,N,1899-9161,세종특별자치시청,2025-06-25,5690000,세종특별자치시
산울동-해밀동 BRT,무인대여소,,세종특별자치시 산울동 614 (산울동- 해밀동 BRT),36.53328536,127.2673003,0:00,23:59,연중무휴,유료,1000원,10,,N,,N,1899-9161,세종특별자치시청,2025-06-25,5690000,세종특별자치시
산울동 세종자이더시티 206동 앞,무인대여소,,세종특별자치시 산울동 308-1,36.53159024,127.2603527,0:00,23:59,연중무휴,유료,1000원,10,,N,,N,1899-9161,세종특별자치시청,2025-06-25,5690000,세종특별자치시
어진동_어진교차로,무인대여소,,세종특별자치시 어진동 588,36.49847552,127.2591015,0:00,23:59,연중무휴,유료,1000원,10,,N,,N,1899-9161,세종특별자치시청,2025-06-25,5690000,세종특별자치시
소담동_복합커뮤니티센터,무인대여소,,세종특별자치시 소담동 9-174,36.483993,127.300812,0:00,23:59,연중무휴,유료,1000원,10,,N,,N,1899-9161,세종특별자치시청,2025-06-25,5690000,세종특별자치시
대평동_복합커뮤티센터,무인대여소,,세종특별자치시 대평동 90-1,36.47092,127.27964,0:00,23:59,연중무휴,유료,1000원,10,,N,,N,1899-9161,세종특별자치시청,2025-06-25,5690000,세종특별자치시
종촌동_가재마을 108동 앞,무인대여소,,세종특별자치시 종촌동 688,36.50103295,127.240899,0:00,23:59,연중무휴,유료,1000원,10,,N,,N,1899-9161,세종특별자치시청,2025-06-25,5690000,세종특별자치시
새롬동_새뜸마을 1002동 앞,무인대여소,,세종특별자치시 새롬동 617,36.48609085,127.2506681,0:00,23:59,연중무휴,유료,1000원,10,,N,,N,1899-9161,세종특별자치시청,2025-06-25,5690000,세종특별자치시
나성동_소방청 남문,무인대여소,,세종특별자치시 나성동 787,36.48221836,127.2624241,0:00,23:59,연중무휴,유료,1000원,10,,N,,N,1899-9161,세종특별자치시청,2025-06-25,5690000,세종특별자치시
반곡동_수루배마을 8단지 커뮤니티센터 앞,무인대여소,,세종특별자치시 반곡동 831,36.4941511,127.3058547,0:00,23:59,연중무휴,유료,1000원,10,,N,,N,1899-9161,세종특별자치시청,2025-06-25,5690000,세종특별자치시
어진동_행정안전부 중앙동 동편입구,무인대여소,,세종특별자치시 어진동 572,36.50262475,127.2644014,0:00,23:59,연중무휴,유료,1000원,10,,N,,N,1899-9161,세종특별자치시청,2025-06-25,5690000,세종특별자치시
대평동_시드니힐,무인대여소,,세종특별자치시 대평동 666,36.47584308,127.2769775,0:00,23:59,연중무휴,유료,1000원,10,,N,,N,1899-9161,세종특별자치시청,2025-06-25,5690000,세종특별자치시
둔산 하이마트,무인대여소,"대전광역시 서구 대덕대로255, (둔산동)",대전광역시 서구 둔산동 962,36.35554155,127.3790196,5:00,23:59,"연중무휴(설, 추석 당일 2일 제외)",유료,1시간 500원,20,20,N,,N,042-610-1824,대전광역시 시설관리공단,2020-11-20,6300000,대전광역시
삼천중학교(정문 맞은편),무인대여소,"대전광역시 서구 문정로271, (둔산동)",대전광역시 서구 둔산동 911,36.35833868,127.3937277,5:00,23:59,"연중무휴(설, 추석 당일 2일 제외)",유료,1시간 500원,12,12,N,,N,042-610-1824,대전광역시 시설관리공단,2020-11-20,6300000,대전광역시
정부청사역 4번출구,무인대여소,,대전광역시 서구 둔산동 949-1,36.35797017,127.3815854,5:00,23:59,"연중무휴(설, 추석 당일 2일 제외)",유료,1시간 500원,13,13,N,,N,042-610-1824,대전광역시 시설관리공단,2020-11-20,6300000,대전광역시
누리아파트(후문 버스정류장),무인대여소,"대전광역시 서구 청사로70, (월평동, 누리아파트)",대전광역시 서구 월평동 301,36.35962264,127.3735274,5:00,23:59,"연중무휴(설, 추석 당일 2일 제외)",유료,1시간 500원,12,12,N,,N,042-610-1824,대전광역시 시설관리공단,2020-11-20,6300000,대전광역시
만년동 KBS 부근(기업은행),무인대여소,"대전광역시 서구 둔산대로117번길128, (만년동)",대전광역시 서구 만년동 300,36.3704456,127.380261,5:00,23:59,"연중무휴(설, 추석 당일 2일 제외)",유료,1시간 500원,12,12,N,,N,042-610-1824,대전광역시 시설관리공단,2020-11-20,6300000,대전광역시
황실아파트(성룡초등학교),무인대여소,"대전광역시 서구 갈마역로125, (월평동)",대전광역시 서구 월평동 304,36.36184898,127.3735765,5:00,0:00,"연중무휴(설, 추석 당일 2일 제외)",유료,1시간 500원,12,12,N,,N,042-610-1824,대전광역시 시설관리공단,2020-11-20,6300000,대전광역시
정부청사 입구(샘머리),무인대여소,,대전광역시 서구 둔산동 1518,36.36129532,127.390284,5:00,23:59,"연중무휴(설, 추석 당일 2일 제외)",유료,1시간 500원,12,12,N,,N,042-610-1824,대전광역시 시설관리공단,2020-11-20,6300000,대전광역시
정부청사 입구(대덕대로),무인대여소,,대전광역시 서구 둔산동 920-2,36.36216071,127.3797917,5:00,23:59,"연중무휴(설, 추석 당일 2일 제외)",유료,1시간 500원,13,13,N,,N,042-610-1824,대전광역시 시설관리공단,2020-11-20,6300000,대전광역시
백합네거리(농협),무인대여소,"대전광역시 서구 청사서로41, (월평동, 백합아파트)",대전광역시 서구 월평동 266,36.36110493,127.3760673,5:00,23:59,"연중무휴(설, 추석 당일 2일 제외)",유료,1시간 500원,12,12,N,,N,042-610-1824,대전광역시 시설관리공단,2020-11-20,6300000,대전광역시
둔산대공원 입구(버스정류장),무인대여소,,대전광역시 서구 둔산동 1521-10,36.36453315,127.3889773,5:00,23:59,"연중무휴(설, 추석 당일 2일 제외)",유료,1시간 500원,13,13,N,,N,042-610-1824,대전광역시 시설관리공단,2020-11-20,6300000,대전광역시
초원아파트(104동 버스정류장),무인대여소,,대전광역시 서구 만년동 401,36.36797231,127.3795117,5:00,23:59,"연중무휴(설, 추석 당일 2일 제외)",유료,1시간 500원,12,12,N,,N,042-610-1824,대전광역시 시설관리공단,2020-11-20,6300000,대전광역시
한밭수목원1,무인대여소,"대전광역시 서구 둔산대로135, (만년동)",대전광역시 서구 만년동 396,36.36661532,127.383757,5:00,23:59,"연중무휴(설, 추석 당일 2일 제외)",유료,1시간 500원,19,19,N,,N,042-610-1824,대전광역시 시설관리공단,2020-11-20,6300000,대전광역시
대전컨벤션센터,무인대여소,"대전광역시 유성구 엑스포로107, (도룡동)",대전광역시 유성구 도룡동 4-19,36.37498341,127.3916931,5:00,23:59,"연중무휴(설, 추석 당일 2일 제외)",유료,1시간 500원,20,20,N,,N,042-610-1824,대전광역시 시설관리공단,2020-11-20,6300000,대전광역시
무역전시관입구(택시승강장),무인대여소,"대전광역시 유성구 엑스포로85, (도룡동)",대전광역시 유성구 도룡동 3-8,36.37442884,127.3889781,5:00,23:59,"연중무휴(설, 추석 당일 2일 제외)",유료,1시간 500원,14,14,N,,N,042-610-1824,대전광역시 시설관리공단,2020-11-20,6300000,대전광역시
엑스포과학공원,무인대여소,"대전광역시 유성구 대덕대로480, (도룡동)",대전광역시 유성구 도룡동 3-1,36.37662781,127.3871992,5:00,23:59,"연중무휴(설, 추석 당일 2일 제외)",유료,1시간 500원,13,13,N,,N,042-610-1824,대전광역시 시설관리공단,2020-11-20,6300000,대전광역시
엑스포과학공원 주차장,무인대여소,,대전광역시 유성구 가정동 9,36.37687168,127.3785607,5:00,23:59,"연중무휴(설, 추석 당일 2일 제외)",유료,1시간 500원,13,13,N,,N,042-610-1824,대전광역시 시설관리공단,2020-11-20,6300000,대전광역시
카이스트 후문,무인대여소,"대전광역시 유성구 과학로62, (구성동)",대전광역시 유성구 구성동 19,36.37483608,127.3684574,5:00,23:59,"연중무휴(설, 추석 당일 2일 제외)",유료,1시간 500원,13,13,N,,N,042-610-1824,대전광역시 시설관리공단,2020-11-20,6300000,대전광역시
화폐박물관,무인대여소,"대전광역시 유성구 과학로80-67, (가정동)",대전광역시 유성구 가정동 35,36.37847002,127.3705346,5:00,23:59,"연중무휴(설, 추석 당일 2일 제외)",유료,1시간 500원,12,12,N,,N,042-610-1824,대전광역시 시설관리공단,2020-11-20,6300000,대전광역시
카이스트 정문,무인대여소,"대전광역시 유성구 대학로291, (구성동)",대전광역시 유성구 구성동 23,36.36817871,127.3571333,5:00,23:59,"연중무휴(설, 추석 당일 2일 제외)",유료,1시간 500원,14,14,N,,N,042-610-1824,대전광역시 시설관리공단,2020-11-20,6300000,대전광역시
카이스트 창의학습관,무인대여소,"대전광역시 유성구 대학로291, (구성동)",대전광역시 유성구 구성동 23,36.36817871,127.3571333,5:00,23:59,"연중무휴(설, 추석 당일 2일 제외)",유료,1시간 500원,28,28,N,,N,042-610-1824,대전광역시 시설관리공단,2020-11-20,6300000,대전광역시
카이스트 학사식당,무인대여소,"대전광역시 유성구 대학로291, (어은동)",대전광역시 유성구 어은동 44,36.36817871,127.3571333,5:00,23:59,"연중무휴(설, 추석 당일 2일 제외)",유료,1시간 500원,28,28,N,,N,042-610-1824,대전광역시 시설관리공단,2020-11-20,6300000,대전광역시
크로바아파트(정문 맞은편),무인대여소,,대전광역시 서구 둔산동 1554-1,36.35127325,127.392022,5:00,23:59,"연중무휴(설, 추석 당일 2일 제외)",유료,1시간 500원,12,12,N,,N,042-610-1824,대전광역시 시설관리공단,2020-11-20,6300000,대전광역시
현대아이텔(시청역 6번출구),무인대여소,"대전광역시 서구 둔산로133, (둔산동)",대전광역시 서구 둔산동 1457,36.3515902,127.3887774,5:00,23:59,"연중무휴(설, 추석 당일 2일 제외)",유료,1시간 500원,13,13,N,,N,042-610-1824,대전광역시 시설관리공단,2020-11-20,6300000,대전광역시
대전시청,무인대여소,"대전광역시 서구 둔산로100, (둔산동)",대전광역시 서구 둔산동 1420,36.35046956,127.3846527,5:00,23:59,"연중무휴(설, 추석 당일 2일 제외)",유료,1시간 500원,17,17,N,,N,042-610-1824,대전광역시 시설관리공단,2020-11-20,6300000,대전광역시
타임월드,무인대여소,"대전광역시 서구 대덕대로211, (둔산동)",대전광역시 서구 둔산동 1036,36.35186906,127.3781685,5:00,23:59,"연중무휴(설, 추석 당일 2일 제외)",유료,1시간 500원,20,20,N,,N,042-610-1824,대전광역시 시설관리공단,2020-11-20,6300000,대전광역시
국화아파트(501동),무인대여소,"대전광역시 서구 문정로221, (둔산동)",대전광역시 서구 둔산동 1386,36.35446555,127.3941699,5:00,23:59,"연중무휴(설, 추석 당일 2일 제외)",유료,1시간 500원,12,12,N,,N,042-610-1824,대전광역시 시설관리공단,2020-11-20,6300000,대전광역시
둔산 홈플러스(법원 버스정류장),무인대여소,,대전광역시 서구 둔산동 1380-5,36.35630559,127.3891417,5:00,23:59,"연중무휴(설, 추석 당일 2일 제외)",유료,1시간 500원,13,13,N,,N,042-610-1824,대전광역시 시설관리공단,2020-11-20,6300000,대전광역시
조곡동 주민센터,무인대여소,,전라남도 순천시 조곡동 205-3,34.94876434,127.4964474,0:00,23:59,연중무휴,유료,일일이용 : 1000원,6,15,Y,수동식,N,061-749-4883,전라남도 순천시청 교통정책과,2025-09-03,5790000,전남광주통합특별시 순천시
순천문화건강센터,무인대여소,,전라남도 순천시 저전동 138,34.9523195,127.4822031,0:00,23:59,연중무휴,유료,일일이용 : 1000원,6,15,Y,수동식,N,061-749-4883,전라남도 순천시청 교통정책과,2025-09-03,5790000,전남광주통합특별시 순천시
순천의료원,무인대여소,,전라남도 순천시 조곡동 158-4,34.94538491,127.501088,0:00,23:59,연중무휴,유료,일일이용 : 1000원,8,15,Y,수동식,N,061-749-4883,전라남도 순천시청 교통정책과,2025-09-03,5790000,전남광주통합특별시 순천시
팔마체육관,무인대여소,,전라남도 순천시 연향동 1476,34.94688486,127.526829,0:00,23:59,연중무휴,유료,일일이용 : 1000원,8,15,Y,수동식,N,061-749-4883,전라남도 순천시청 교통정책과,2025-09-03,5790000,전남광주통합특별시 순천시
신대지구 분수광장,무인대여소,전라남도 순천시 해룡면 신대2길 10,,34.93524602,127.5479679,0:00,23:59,연중무휴,유료,일일이용 : 1000원,10,15,Y,수동식,N,061-749-4883,전라남도 순천시청 교통정책과,2025-09-03,5790000,전남광주통합특별시 순천시
왕지동 주민센터,무인대여소,,전라남도 순천시 왕지동 1323-1,34.9746214,127.5334492,0:00,23:59,연중무휴,유료,일일이용 : 1000원,6,15,Y,수동식,N,061-749-4883,전라남도 순천시청 교통정책과,2025-09-03,5790000,전남광주통합특별시 순천시
덕연동 주민센터,무인대여소,,전라남도 순천시 덕암동 83-2,34.94472643,127.5121165,0:00,23:59,연중무휴,유료,일일이용 : 1000원,6,15,Y,수동식,N,061-749-4883,전라남도 순천시청 교통정책과,2025-09-03,5790000,전남광주통합특별시 순천시
장평동 주민센터,무인대여소,,전라남도 순천시 장평동 590-1,34.97657276,127.4042147,0:00,23:59,연중무휴,유료,일일이용 : 1000원,6,15,Y,수동식,N,061-749-4883,전라남도 순천시청 교통정책과,2025-09-03,5790000,전남광주통합특별시 순천시
세종동_세종전통문화체험관 햇무리교방향(임시버스정류장),무인대여소,,세종특별자치시 세종동 735-486,36.5038572,127.2817794,0:00,23:59,연중무휴,유료,1000원,10,,N,,N,1899-9161,세종특별자치시청,2025-06-25,5690000,세종특별자치시
세종동_세종전통문화체험관 정부세종청사방향(임시버스정류장),무인대여소,,세종특별자치시 세종동 794-1,36.50366359,127.285504,0:00,23:59,연중무휴,유료,1000원,10,,N,,N,1899-9161,세종특별자치시청,2025-06-25,5690000,세종특별자치시
고운동_가락마을1209동앞 로터리,무인대여소,,세종특별자치시 고운동 2058,36.51165147,127.2337567,0:00,23:59,연중무휴,유료,1000원,10,,N,,N,1899-9161,세종특별자치시청,2025-06-25,5690000,세종특별자치시
아름동 대법원등기정보센터 앞,무인대여소,,세종특별자치시 아름동 1325,36.51129261,127.2419825,0:00,23:59,연중무휴,유료,1000원,10,,N,,N,1899-9161,세종특별자치시청,2025-06-25,5690000,세종특별자치시
어진동_정부청사인근(6동-1),무인대여소,,세종특별자치시 어진동 560,36.50491252,127.2624411,0:00,23:59,연중무휴,유료,1000원,10,,N,,N,1899-9161,세종특별자치시청,2025-06-25,5690000,세종특별자치시
보람동 호려울마을 8단지,무인대여소,,세종특별자치시 보람동 777,36.4787323,127.2970083,0:00,23:59,연중무휴,유료,1000원,10,,N,,N,1899-9161,세종특별자치시청,2025-06-25,5690000,세종특별자치시
반곡동_한국개발연구원 앞,무인대여소,,세종특별자치시 반곡동 1042,36.48167281,127.3112168,0:00,23:59,연중무휴,유료,1000원,10,,N,,N,1899-9161,세종특별자치시청,2025-06-25,5690000,세종특별자치시
집현동_세종이음학교 앞,무인대여소,,세종특별자치시 집현동 757-2,36.49910654,127.3362824,0:00,23:59,연중무휴,유료,1000원,10,,N,,N,1899-9161,세종특별자치시청,2025-06-25,5690000,세종특별자치시
소담동_한국전력공사 앞,무인대여소,,세종특별자치시 소담동 567,36.48513866,127.3050807,0:00,23:59,연중무휴,유료,1000원,10,,N,,N,1899-9161,세종특별자치시청,2025-06-25,5690000,세종특별자치시
보람동_세종세무서 맞은편,무인대여소,,세종특별자치시 보람동 788,36.48028384,127.2880693,0:00,23:59,연중무휴,유료,1000원,10,,N,,N,1899-9161,세종특별자치시청,2025-06-25,5690000,세종특별자치시
보람동_세종시교육청진로교육원 맞은편,무인대여소,,세종특별자치시 보람동 788,36.48028384,127.2880693,0:00,23:59,연중무휴,유료,1000원,10,,N,,N,1899-9161,세종특별자치시청,2025-06-25,5690000,세종특별자치시
조치원_세종특별자치시교육청교육원입구,무인대여소,,세종특별자치시 서창리 307,36.6046533,127.2862603,0:00,23:59,연중무휴,유료,1000원,10,,N,,N,1899-9161,세종특별자치시청,2025-06-25,5690000,세종특별자치시
반곡동_반곡동 복합커뮤니티센터 앞,무인대여소,,세종특별자치시 반곡동 855,36.49867988,127.3106457,0:00,23:59,연중무휴,유료,1000원,10,,N,,N,1899-9161,세종특별자치시청,2025-06-25,5690000,세종특별자치시
어진동_세종비지니스센터,무인대여소,,세종특별자치시 어진동 657,36.49562724,127.2649076,0:00,23:59,연중무휴,유료,1000원,10,,N,,N,1899-9161,세종특별자치시청,2025-06-25,5690000,세종특별자치시
보람동_보람중학교,무인대여소,,세종특별자치시 보람동 779,36.47718316,127.2947799,0:00,23:59,연중무휴,유료,1000원,10,,N,,N,1899-9161,세종특별자치시청,2025-06-25,5690000,세종특별자치시
다정동_가온마을 614동 입구,무인대여소,,세종특별자치시 다정동 981,36.49483765,127.2542363,0:00,23:59,연중무휴,유료,1000원,10,,N,,N,1899-9161,세종특별자치시청,2025-06-25,5690000,세종특별자치시
삼도1동 오라지구대 뒤,무인대여소,,제주특별자치도 제주시 삼도이동 560-2,33.49915844,126.5161719,6:00,21:00,연중무휴,무료,,3,,Y,수동식,N,064-728-3555,제주특별자치도 제주시청,2023-11-29,6510000,제주특별자치도 제주시
담양읍사무소,유인대여소,전라남도 담양군 담양읍 중앙로 83,전라남도 담양군 담양읍 담주리 87-5,35.32042492,126.9818337,9:00,18:00,주중,무료,,10,1,N,,N,061-380-3706,전라남도 담양읍사무소,2023-11-29,5830000,전남광주통합특별시 담양군
담양군청,유인대여소,전라남도 담양군 담양읍 추성로 1371,전라남도 담양군 담양읍 객사리 99-1,35.32065,126.9885732,9:00,18:00,연중무휴,무료,,14,4,N,,N,061-380-3297,전라남도 담양군청,2023-11-29,5830000,전남광주통합특별시 담양군
보람동_세종교육청,무인대여소,,세종특별자치시 보람동 664-17,36.477736,127.286182,0:00,23:59,연중무휴,유료,1000원,10,,N,,N,1899-9161,세종특별자치시청,2025-06-25,5690000,세종특별자치시
보람동_호려울302동 건너편,무인대여소,,세종특별자치시 보람동 664-47,36.477518,127.281104,0:00,23:59,연중무휴,유료,1000원,10,,N,,N,1899-9161,세종특별자치시청,2025-06-25,5690000,세종특별자치시
보람동_세종시청후문 잔디광장,무인대여소,,세종특별자치시 보람동 626-2,36.480842,127.28909,0:00,23:59,연중무휴,유료,1000원,10,,N,,N,1899-9161,세종특별자치시청,2025-06-25,5690000,세종특별자치시
보람동_세종시청 후문,무인대여소,,세종특별자치시 보람동 663,36.480258,127.288405,0:00,23:59,연중무휴,유료,1000원,10,,N,,N,1899-9161,세종특별자치시청,2025-06-25,5690000,세종특별자치시
보람동_시드니하트,무인대여소,,세종특별자치시 보람동 616-1,36.484045,127.29411,0:00,23:59,연중무휴,유료,1000원,10,,N,,N,1899-9161,세종특별자치시청,2025-06-25,5690000,세종특별자치시
보람동_세종시청 정문1,무인대여소,,세종특별자치시 보람동 702,36.47867668,127.2889558,0:00,23:59,연중무휴,유료,1000원,10,,N,,N,1899-9161,세종특별자치시청,2025-06-25,5690000,세종특별자치시
달서천 자전거대여소,유인대여소,대구광역시 서구 달서천로 199,,35.882441,128.5561898,9:00,18:00,법정공휴일,유료,1인용 1000원 / 2인용 2000원,62,,Y,,N,053-663-3564,대구광역시 서구청,2025-07-18,3430000,대구광역시 서구
아라뱃길시천자전거대여소,유인대여소,,인천광역시 서구 시천동 162-265,37.57065481,126.6752999,10:00,19:00,월,유료,1인승 5000원+1인승 하이브리드 6000원+2인승 8000원+헬멧 1000원,40,,Y,기계식,Y,032-999-7878,㈜워터웨이플러스,2025-07-21,3561000,인천광역시 서해구
종합터미널,무인대여소,,충청남도 공주시 신관동 633,36.46820198,127.1350091,7:00,20:00,연중무휴,무료,무료,5,11,Y,기계식,N,041-840-8507,공주시장,2022-11-23,4500000,충청남도 공주시
가오고등학교,무인대여소,,대전광역시 동구 가오동 465,36.3104549,127.4556332,5:00,23:59,"연중무휴(설, 추석 당일 2일 제외)",유료,1시간 500원,11,11,N,,N,042-610-1824,대전광역시 시설관리공단,2020-11-20,6300000,대전광역시
판암역 4번출구,무인대여소,,대전광역시 동구 판암동 302,36.31755465,127.4591365,5:00,23:59,"연중무휴(설, 추석 당일 2일 제외)",유료,1시간 500원,12,12,N,,N,042-610-1824,대전광역시 시설관리공단,2020-11-20,6300000,대전광역시
판암역 2번출구,무인대여소,,대전광역시 동구 판암동 323-2,36.31690557,127.4590965,5:00,23:59,"연중무휴(설, 추석 당일 2일 제외)",유료,1시간 500원,12,12,N,,N,042-610-1824,대전광역시 시설관리공단,2020-11-20,6300000,대전광역시
미리내아파트,무인대여소,,대전광역시 동구 판암동 454,36.31699201,127.4543071,5:00,23:59,"연중무휴(설, 추석 당일 2일 제외)",유료,1시간 500원,12,12,N,,N,042-610-1824,대전광역시 시설관리공단,2020-11-20,6300000,대전광역시
서대전육교,무인대여소,"대전광역시 중구 계백로1626, (유천동)",대전광역시 중구 유천동 186-20,36.31883486,127.4005035,5:00,23:59,"연중무휴(설, 추석 당일 2일 제외)",유료,1시간 500원,12,12,N,,N,042-610-1824,대전광역시 시설관리공단,2020-11-20,6300000,대전광역시
서대전농협,무인대여소,"대전광역시 중구 계백로1571, (유천동)",대전광역시 중구 유천동 308-7,36.31795821,127.3946412,5:00,23:59,"연중무휴(설, 추석 당일 2일 제외)",유료,1시간 500원,12,12,N,,N,042-610-1824,대전광역시 시설관리공단,2020-11-20,6300000,대전광역시
버드내네거리,무인대여소,"대전광역시 중구 계백로1550, (유천동)",대전광역시 중구 유천동 306-18,36.31688423,127.392567,5:00,23:59,"연중무휴(설, 추석 당일 2일 제외)",유료,1시간 500원,10,10,N,,N,042-610-1824,대전광역시 시설관리공단,2020-11-20,6300000,대전광역시
유등교,무인대여소,"대전광역시 중구 계백로1506, (유천동)",대전광역시 중구 유천동 338-13,36.31571537,127.3877985,5:00,23:59,"연중무휴(설, 추석 당일 2일 제외)",유료,1시간 500원,12,12,N,,N,042-610-1824,대전광역시 시설관리공단,2020-11-20,6300000,대전광역시
버드내초등학교,무인대여소,"대전광역시 중구 태평로29, (태평동)",대전광역시 중구 태평동 422-33,36.31945079,127.3921685,5:00,23:59,"연중무휴(설, 추석 당일 2일 제외)",유료,1시간 500원,12,12,N,,N,042-610-1824,대전광역시 시설관리공단,2020-11-20,6300000,대전광역시
태평초등학교,무인대여소,"대전광역시 중구 태평로44번길53, (유천동, 유진하나아파트)",대전광역시 중구 유천동 319-1,36.32164819,127.3954035,5:00,23:59,"연중무휴(설, 추석 당일 2일 제외)",유료,1시간 500원,12,12,N,,N,042-610-1824,대전광역시 시설관리공단,2020-11-20,6300000,대전광역시
쌍용예가아파트,무인대여소,"대전광역시 중구 평촌로104-1, (유천동)",대전광역시 중구 유천동 198-15,36.32254685,127.3984705,5:00,23:59,"연중무휴(설, 추석 당일 2일 제외)",유료,1시간 500원,14,14,N,,N,042-610-1824,대전광역시 시설관리공단,2020-11-20,6300000,대전광역시
해밀동-해밀마을 203동 앞,무인대여소,,세종특별자치시 해밀동 산1-2,36.5313831,127.2675497,0:00,23:59,연중무휴,유료,1000원,10,,N,,N,1899-9161,세종특별자치시청,2025-06-25,5690000,세종특별자치시
산울동 복합커뮤니티센터,무인대여소,,세종특별자치시 산울동 256-2,36.53204,127.2617258,0:00,23:59,연중무휴,유료,1000원,10,,N,,N,1899-9161,세종특별자치시청,2025-06-25,5690000,세종특별자치시
행정안전부 중앙동 동측 2,무인대여소,,세종특별자치시 어진동 572,36.50262475,127.2644014,0:00,23:59,연중무휴,유료,1000원,10,,N,,N,1899-9161,세종특별자치시청,2025-06-25,5690000,세종특별자치시
보람중학교 옆,무인대여소,,세종특별자치시 보람동 782,36.47608771,127.2926124,0:00,23:59,연중무휴,유료,1000원,10,,N,,N,1899-9161,세종특별자치시청,2025-06-25,5690000,세종특별자치시
어진동 세종마치 앞,무인대여소,,세종특별자치시 어진동 610,36.50419419,127.2715927,0:00,23:59,연중무휴,유료,1000원,10,,N,,N,1899-9161,세종특별자치시청,2025-06-25,5690000,세종특별자치시
제이빌딩 앞 버스정류장,무인대여소,,세종특별자치시 나성동 801,36.4912108,127.258191,0:00,23:59,연중무휴,유료,1000원,10,,N,,N,1899-9161,세종특별자치시청,2025-06-25,5690000,세종특별자치시
새샘마을 1단지 정류장,무인대여소,,세종특별자치시 소담동 597-1,36.48063643,127.2992782,0:00,23:59,연중무휴,유료,1000원,10,,N,,N,1899-9161,세종특별자치시청,2025-06-25,5690000,세종특별자치시
해들마을 603동 앞,무인대여소,,세종특별자치시 대평동 668,36.47492721,127.2781144,0:00,23:59,연중무휴,유료,1000원,10,,N,,N,1899-9161,세종특별자치시청,2025-06-25,5690000,세종특별자치시
도램마을 15단지 1509동 앞,무인대여소,,세종특별자치시 도담동 859,36.51278595,127.263811,0:00,23:59,연중무휴,유료,1000원,10,,N,,N,1899-9161,세종특별자치시청,2025-06-25,5690000,세종특별자치시
광역복지지원센터 앞,무인대여소,,세종특별자치시 반곡동 1037,36.49538315,127.3188085,0:00,23:59,연중무휴,유료,1000원,10,,N,,N,1899-9161,세종특별자치시청,2025-06-25,5690000,세종특별자치시
세종동_중앙공원 장남평야 인근,무인대여소,,세종특별자치시 세종동 1204,36.49514774,127.276019,0:00,23:59,연중무휴,유료,1000원,10,,N,,N,1899-9161,세종특별자치시청,2025-06-25,5690000,세종특별자치시
세종동_중앙공원 야구장 축구장 사이,무인대여소,,세종특별자치시 세종동 1204,36.49514774,127.276019,0:00,23:59,연중무휴,유료,1000원,10,,N,,N,1899-9161,세종특별자치시청,2025-06-25,5690000,세종특별자치시
조치원_세종시보건환경연구원,무인대여소,,세종특별자치시 봉산리 383,36.6029263,127.283015,0:00,23:59,연중무휴,유료,1000원,10,,N,,N,1899-9161,세종특별자치시청,2025-06-25,5690000,세종특별자치시
나성동_도시상징광장,무인대여소,,세종특별자치시 나성동 836,36.48612492,127.2640225,0:00,23:59,연중무휴,유료,1000원,10,,N,,N,1899-9161,세종특별자치시청,2025-06-25,5690000,세종특별자치시
어진동_한뜰마을 5단지 대로변,무인대여소,,세종특별자치시 어진동 682,36.4975344,127.2565252,0:00,23:59,연중무휴,유료,1000원,10,,N,,N,1899-9161,세종특별자치시청,2025-06-25,5690000,세종특별자치시
오라2동 제주아트센터 주차장 내,무인대여소,제주특별자치도 제주시 오남로 231,제주특별자치도 제주시 오라이동 898-8,33.4751044,126.5155186,6:00,21:00,연중무휴,무료,,3,,Y,수동식,N,064-728-3555,제주특별자치도 제주시청,2023-11-29,6510000,제주특별자치도 제주시
연동 대림아파트 동측 주차장내,무인대여소,,제주특별자치도 제주시 연동 1499,33.47867251,126.490582,6:00,21:00,연중무휴,무료,,3,,Y,수동식,N,064-728-3555,제주특별자치도 제주시청,2023-11-29,6510000,제주특별자치도 제주시
노형동 탐라도서관 주차장 내,무인대여소,,제주특별자치도 제주시 노형동 3812-2,33.47779743,126.4767007,6:00,21:00,연중무휴,무료,,3,,Y,수동식,N,064-728-3555,제주특별자치도 제주시청,2023-11-29,6510000,제주특별자치도 제주시
전막교차로,무인대여소,,충청남도 공주시 신관동 620,36.4701637,127.128545,7:00,20:00,연중무휴,무료,무료,5,15,Y,기계식,N,041-840-8507,공주시장,2022-11-23,4500000,충청남도 공주시
금강신관공원 2,무인대여소,,충청남도 공주시 신관동 553,36.47835102,127.1204236,7:00,20:00,연중무휴,무료,무료,10,20,Y,기계식,N,041-840-8507,공주시장,2022-11-23,4500000,충청남도 공주시
검찰청,무인대여소,,충청남도 공주시 신관동 671-1,36.47711144,127.1407288,7:00,20:00,연중무휴,무료,무료,5,10,Y,기계식,N,041-840-8507,공주시장,2022-11-23,4500000,충청남도 공주시
신관동주민센터,무인대여소,,충청남도 공주시 신관동 585-4,36.47234533,127.132644,7:00,20:00,연중무휴,무료,무료,5,10,Y,기계식,N,041-840-8507,공주시장,2022-11-23,4500000,충청남도 공주시
신관초교차로,무인대여소,,충청남도 공주시 신관동 540-16,36.47544,127.13969,7:00,20:00,연중무휴,무료,무료,5,10,Y,기계식,N,041-840-8507,공주시장,2022-11-23,4500000,충청남도 공주시
신월초등학교,무인대여소,,충청남도 공주시 신관동 661,36.47297194,127.1487443,7:00,20:00,연중무휴,무료,무료,4,9,Y,기계식,N,041-840-8507,공주시장,2022-11-23,4500000,충청남도 공주시
성남둔치,유인대여소,울산광역시 중구 성남동 216번지,,35.552714,129.319324,9:00,17:00,연중무휴,유료,"남성, 여성, 주니어, 2인승, 어린이용 1,000원연인형, 4인승 2,000원",32,0,Y,기계식,N,052-290-7667,울산광역시중구도시관리공단,2020-09-14,B553013,울산광역시중구도시관리공단
자전거문화센터,유인대여소,울산광역시 중구 외솔큰길 196,,35.56714679,129.3514428,9:00,17:00,연중무휴,유료,"남성, 여성, 주니어, 2인승, 어린이용 1,000원연인형, 4인승 2,000원",156,0,Y,기계식,N,052-290-7667,울산광역시중구도시관리공단,2020-09-14,B553013,울산광역시중구도시관리공단
태화강국가정원,유인대여소,울산광역시 중구 신기길 77,,35.5497221,129.2958364,9:00,17:00,연중무휴,유료,"남성, 여성, 주니어, 2인승, 어린이용 1,000원연인형, 4인승 2,000원",268,0,Y,기계식,N,052-290-7667,울산광역시중구도시관리공단,2020-09-14,B553013,울산광역시중구도시관리공단
노은3동주민센터,무인대여소,"대전광역시 유성구 지족동로145, (지족동)",대전광역시 유성구 지족동 1024-2,36.38680328,127.3079026,5:00,23:59,"연중무휴(설, 추석 당일 2일 제외)",유료,1시간 500원,13,13,N,,N,042-610-1824,대전광역시 시설관리공단,2020-11-20,6300000,대전광역시
솔브릿지 국제대학,무인대여소,"대전광역시 동구 우암로128, (삼성동)",대전광역시 동구 삼성동 151-13,36.33843001,127.4323467,5:00,23:59,"연중무휴(설, 추석 당일 2일 제외)",유료,1시간 500원,14,14,N,,N,042-610-1824,대전광역시 시설관리공단,2020-11-20,6300000,대전광역시
서대전역,무인대여소,"대전광역시 중구 오류로19, (오류동)",대전광역시 중구 오류동 170-1,36.32216327,127.4046769,5:00,23:59,"연중무휴(설, 추석 당일 2일 제외)",유료,1시간 500원,12,12,N,,N,042-610-1824,대전광역시 시설관리공단,2020-11-20,6300000,대전광역시
사정동 웰빙24시 사우나,무인대여소,"대전광역시 중구 대둔산로306, (사정동)",대전광역시 중구 사정동 401,36.29655789,127.3849084,5:00,23:59,"연중무휴(설, 추석 당일 2일 제외)",유료,1시간 500원,14,14,N,,N,042-610-1824,대전광역시 시설관리공단,2020-11-20,6300000,대전광역시
서부경찰서,무인대여소,"대전광역시 서구 복수서로47, (복수동)",대전광역시 서구 복수동 292-14,36.30904409,127.3734636,5:00,23:59,"연중무휴(설, 추석 당일 2일 제외)",유료,1시간 500원,14,14,N,,N,042-610-1824,대전광역시 시설관리공단,2020-11-20,6300000,대전광역시
느리울중네거리,무인대여소,"대전광역시 서구 관저동로42, (관저동, 느리울마을1차13단지)",대전광역시 서구 관저동 1394,36.29651487,127.342846,5:00,23:59,"연중무휴(설, 추석 당일 2일 제외)",유료,1시간 500원,14,14,N,,N,042-610-1824,대전광역시 시설관리공단,2020-11-20,6300000,대전광역시
내동네거리(컨벤션웨딩홀),무인대여소,"대전광역시 서구 동서대로1040, (변동)",대전광역시 서구 변동 70-9,36.33083542,127.3767314,5:00,23:59,"연중무휴(설, 추석 당일 2일 제외)",유료,1시간 500원,14,14,N,,N,042-610-1824,대전광역시 시설관리공단,2020-11-20,6300000,대전광역시
변동네거리(복음천하교회),무인대여소,"대전광역시 서구 도산로179, (변동)",대전광역시 서구 변동 60-2,36.32445303,127.3781743,5:00,23:59,"연중무휴(설, 추석 당일 2일 제외)",유료,1시간 500원,13,13,N,,N,042-610-1824,대전광역시 시설관리공단,2020-11-20,6300000,대전광역시
가양2동주민센터(건너편 한산아파트),무인대여소,"대전광역시 동구 흥룡로40, (가양동, 한산아파트)",대전광역시 동구 가양동 55-3,36.34887745,127.4481917,5:00,23:59,"연중무휴(설, 추석 당일 2일 제외)",유료,1시간 500원,12,12,N,,N,042-610-1824,대전광역시 시설관리공단,2020-11-20,6300000,대전광역시
비래동 금성백조(102동),무인대여소,"대전광역시 대덕구 우암로463, 102동 (비래동, 금성백조빌라)",대전광역시 대덕구 비래동 130-7,36.35785732,127.4508918,5:00,23:59,"연중무휴(설, 추석 당일 2일 제외)",유료,1시간 500원,14,14,N,,N,042-610-1824,대전광역시 시설관리공단,2020-11-20,6300000,대전광역시
와동 현대아파트(대덕의원),무인대여소,"대전광역시 대덕구 신탄진로230, (와동)",대전광역시 대덕구 와동 372-7,36.40083333,127.4230981,5:00,23:59,"연중무휴(설, 추석 당일 2일 제외)",유료,1시간 500원,14,14,N,,N,042-610-1824,대전광역시 시설관리공단,2020-11-20,6300000,대전광역시
대덕산업단지 BRT정류장,무인대여소,,대전광역시 대덕구 문평동 92-1,36.43865469,127.3949677,5:00,23:59,"연중무휴(설, 추석 당일 2일 제외)",유료,1시간 500원,14,14,N,,N,042-610-1824,대전광역시 시설관리공단,2020-11-20,6300000,대전광역시
온천2동주민센터,무인대여소,"대전광역시 유성구 장대로120, (장대동)",대전광역시 유성구 장대동 40-2,36.36541741,127.3334205,5:00,23:59,"연중무휴(설, 추석 당일 2일 제외)",유료,1시간 500원,12,12,N,,N,042-610-1824,대전광역시 시설관리공단,2020-11-20,6300000,대전광역시
덕명동 하우스토리(101동),무인대여소,"대전광역시 유성구 동서대로49, (덕명동)",대전광역시 유성구 덕명동 525,36.35640617,127.3035473,5:00,23:59,"연중무휴(설, 추석 당일 2일 제외)",유료,1시간 500원,14,14,N,,N,042-610-1824,대전광역시 시설관리공단,2020-11-20,6300000,대전광역시
노은3지구 꿈에그린(201동),무인대여소,"대전광역시 유성구 지족북로60, (지족동, 한화꿈에그린2단지)",대전광역시 유성구 지족동 1093,36.38896167,127.3055538,5:00,23:59,"연중무휴(설, 추석 당일 2일 제외)",유료,1시간 500원,14,14,N,,N,042-610-1824,대전광역시 시설관리공단,2020-11-20,6300000,대전광역시
송림마을5단지(502동),무인대여소,"대전광역시 유성구 노은로416, (하기동, 송림마을E그린운5단지)",대전광역시 유성구 하기동 545,36.39072151,127.3296937,5:00,23:59,"연중무휴(설, 추석 당일 2일 제외)",유료,1시간 500원,14,14,N,,N,042-610-1824,대전광역시 시설관리공단,2020-11-20,6300000,대전광역시
노은3지구 트리풀시티포레(105동),무인대여소,"대전광역시 유성구 지족로190번길36, (지족동, 트리풀시티포레아파트)",대전광역시 유성구 지족동 1043,36.38105335,127.3047881,5:00,23:59,"연중무휴(설, 추석 당일 2일 제외)",유료,1시간 500원,13,13,N,,N,042-610-1824,대전광역시 시설관리공단,2020-11-20,6300000,대전광역시
죽동 대원칸타빌,무인대여소,"대전광역시 유성구 죽동로39, (죽동, 죽동대원칸타빌)",대전광역시 유성구 죽동 683,36.37106465,127.3327818,5:00,23:59,"연중무휴(설, 추석 당일 2일 제외)",유료,1시간 500원,13,13,N,,N,042-610-1824,대전광역시 시설관리공단,2020-11-20,6300000,대전광역시
지족역 2번출구(건너편),무인대여소,"대전광역시 유성구 지족로364번길91, (지족동, 경남아너스빌1차아파트)",대전광역시 유성구 지족동 840-2,36.38313632,127.3190921,5:00,23:59,"연중무휴(설, 추석 당일 2일 제외)",유료,1시간 500원,13,13,N,,N,042-610-1824,대전광역시 시설관리공단,2020-11-20,6300000,대전광역시
노은1동주민센터,무인대여소,"대전광역시 유성구 노은동로87번길89, (노은동)",대전광역시 유성구 노은동 546,36.36826212,127.3184414,5:00,23:59,"연중무휴(설, 추석 당일 2일 제외)",유료,1시간 500원,12,12,N,,N,042-610-1824,대전광역시 시설관리공단,2020-11-20,6300000,대전광역시
도마네거리,무인대여소,"대전광역시 서구 도산로61, (도마동)",대전광역시 서구 도마동 172-13,36.31395056,127.3793576,5:00,23:59,"연중무휴(설, 추석 당일 2일 제외)",유료,1시간 500원,12,12,N,,N,042-610-1824,대전광역시 시설관리공단,2020-11-20,6300000,대전광역시
한옥마을,무인대여소,,충청남도 공주시 웅진동 325-11,36.46468562,127.1075916,7:00,20:00,연중무휴,무료,무료,5,5,Y,기계식,N,041-840-8507,공주시장,2022-11-23,4500000,충청남도 공주시
경찰서앞교차로,무인대여소,,충청남도 공주시 웅진동 739,36.45491195,127.1132487,7:00,20:00,연중무휴,무료,무료,5,10,Y,기계식,N,041-840-8507,공주시장,2022-11-23,4500000,충청남도 공주시
시내버스터미널,무인대여소,,충청남도 공주시 산성동 170-27 외,36.46040001,127.1243721,7:00,20:00,연중무휴,무료,무료,4,10,Y,기계식,N,041-840-8507,공주시장,2022-11-23,4500000,충청남도 공주시
옥룡주공아파트,무인대여소,,충청남도 공주시 옥룡동 94-4,36.44844648,127.1358834,7:00,20:00,연중무휴,무료,무료,3,5,Y,기계식,N,041-840-8507,공주시장,2022-11-23,4500000,충청남도 공주시
금학지구대,무인대여소,,충청남도 공주시 금학동 250-23,36.44201074,127.1200744,7:00,20:00,연중무휴,무료,무료,5,10,Y,기계식,N,041-840-8507,공주시장,2022-11-23,4500000,충청남도 공주시
구)공주의료원,무인대여소,,충청남도 공주시 중동 330-5,36.45180798,127.1241311,7:00,20:00,연중무휴,무료,무료,5,10,Y,기계식,N,041-840-8507,공주시장,2022-11-23,4500000,충청남도 공주시
중동공영주차장,무인대여소,,충청남도 공주시 중동 63,36.45486202,127.1256781,7:00,20:00,연중무휴,무료,무료,4,10,Y,기계식,N,041-840-8507,공주시장,2022-11-23,4500000,충청남도 공주시
월송동주민센터,무인대여소,,충청남도 공주시 월송동 513,36.47316021,127.1526501,7:00,20:00,연중무휴,무료,무료,5,10,Y,기계식,N,041-840-8507,공주시장,2022-11-23,4500000,충청남도 공주시
월송흥화하브,무인대여소,,충청남도 공주시 금흥동 264-2,36.47755001,127.1509501,7:00,20:00,연중무휴,무료,무료,7,10,Y,기계식,N,041-840-8507,공주시장,2022-11-23,4500000,충청남도 공주시
청솔아파트(9동),무인대여소,,대전광역시 서구 둔산동 2161,36.35126059,127.3984396,5:00,23:59,"연중무휴(설, 추석 당일 2일 제외)",유료,1시간 500원,13,13,N,,N,042-610-1824,대전광역시 시설관리공단,2020-11-20,6300000,대전광역시
을지대학병원,무인대여소,,대전광역시 서구 둔산동 1542,36.35448043,127.3829611,5:00,23:59,"연중무휴(설, 추석 당일 2일 제외)",유료,1시간 500원,13,13,N,,N,042-610-1824,대전광역시 시설관리공단,2020-11-20,6300000,대전광역시
둔산여고,무인대여소,,대전광역시 서구 둔산동 1526,36.35409096,127.3739059,5:00,23:59,"연중무휴(설, 추석 당일 2일 제외)",유료,1시간 500원,13,13,N,,N,042-610-1824,대전광역시 시설관리공단,2020-11-20,6300000,대전광역시
갈마네거리,무인대여소,,대전광역시 서구 갈마동 292-20,36.35353548,127.367671,5:00,23:59,"연중무휴(설, 추석 당일 2일 제외)",유료,1시간 500원,12,12,N,,N,042-610-1824,대전광역시 시설관리공단,2020-11-20,6300000,대전광역시
대전일보,무인대여소,,대전광역시 서구 월평동 41-3,36.35371013,127.3632129,5:00,23:59,"연중무휴(설, 추석 당일 2일 제외)",유료,1시간 500원,13,13,N,,N,042-610-1824,대전광역시 시설관리공단,2020-11-20,6300000,대전광역시
월평타운,무인대여소,,대전광역시 서구 월평동 1543,36.35382446,127.3593012,5:00,23:59,"연중무휴(설, 추석 당일 2일 제외)",유료,1시간 500원,13,13,N,,N,042-610-1824,대전광역시 시설관리공단,2020-11-20,6300000,대전광역시
패션월드,무인대여소,"대전광역시 서구 계룡로199, (월평동)",대전광역시 서구 월평동 1498,36.35146873,127.351956,5:00,23:59,"연중무휴(설, 추석 당일 2일 제외)",유료,1시간 500원,13,13,N,,N,042-610-1824,대전광역시 시설관리공단,2020-11-20,6300000,대전광역시
갑천역 1번출구,무인대여소,,대전광역시 서구 월평동 1534,36.354385,127.3545947,5:00,23:59,"연중무휴(설, 추석 당일 2일 제외)",유료,1시간 500원,13,13,N,,N,042-610-1824,대전광역시 시설관리공단,2020-11-20,6300000,대전광역시
수정타운아파트(13동),무인대여소,,대전광역시 서구 둔산동 1515,36.35762199,127.3981568,5:00,23:59,"연중무휴(설, 추석 당일 2일 제외)",유료,1시간 500원,13,13,N,,N,042-610-1824,대전광역시 시설관리공단,2020-11-20,6300000,대전광역시
가람아파트(3동),무인대여소,,대전광역시 서구 둔산동 2156,36.35577657,127.3985832,5:00,23:59,"연중무휴(설, 추석 당일 2일 제외)",유료,1시간 500원,13,13,N,,N,042-610-1824,대전광역시 시설관리공단,2020-11-20,6300000,대전광역시
갈마역 2번출구,무인대여소,,대전광역시 서구 둔산동 1515-2,36.35761371,127.3754154,5:00,23:59,"연중무휴(설, 추석 당일 2일 제외)",유료,1시간 500원,13,13,N,,N,042-610-1824,대전광역시 시설관리공단,2020-11-20,6300000,대전광역시
진달래아파트(107동),무인대여소,"대전광역시 서구 한밭대로602번길1, (월평동)",대전광역시 서구 월평동 604,36.35766266,127.365866,5:00,23:59,"연중무휴(설, 추석 당일 2일 제외)",유료,1시간 500원,13,13,N,,N,042-610-1824,대전광역시 시설관리공단,2020-11-20,6300000,대전광역시
월평역 2번출구(육교밑),무인대여소,"대전광역시 서구 한밭대로570번길2, (월평동)",대전광역시 서구 월평동 428,36.35819097,127.3618282,5:00,23:59,"연중무휴(설, 추석 당일 2일 제외)",유료,1시간 500원,20,20,N,,N,042-610-1824,대전광역시 시설관리공단,2020-11-20,6300000,대전광역시
홈플러스(유성점),무인대여소,"대전광역시 유성구 한밭대로502, (봉명동)",대전광역시 유성구 봉명동 669,36.35840228,127.3541717,5:00,23:59,"연중무휴(설, 추석 당일 2일 제외)",유료,1시간 500원,20,20,N,,N,042-610-1824,대전광역시 시설관리공단,2020-11-20,6300000,대전광역시
유성구청,무인대여소,,대전광역시 유성구 어은동 59-12,36.36178981,127.3573083,5:00,23:59,"연중무휴(설, 추석 당일 2일 제외)",유료,1시간 500원,20,20,N,,N,042-610-1824,대전광역시 시설관리공단,2020-11-20,6300000,대전광역시
선사유적지공용주차장,무인대여소,"대전광역시 서구 대덕대로325, (월평동)",대전광역시 서구 월평동 243,36.36191288,127.3789245,5:00,23:59,"연중무휴(설, 추석 당일 2일 제외)",유료,1시간 500원,12,12,N,,N,042-610-1824,대전광역시 시설관리공단,2020-11-20,6300000,대전광역시
만년동주민센터,무인대여소,"대전광역시 서구 만년남로3번길137, (만년동)",대전광역시 서구 만년동 13,36.36684252,127.3719764,5:00,23:59,"연중무휴(설, 추석 당일 2일 제외)",유료,1시간 500원,16,16,N,,N,042-610-1824,대전광역시 시설관리공단,2020-11-20,6300000,대전광역시
스마트시티(201동),무인대여소,,대전광역시 유성구 도룡동 4-32,36.37761523,127.3917284,5:00,23:59,"연중무휴(설, 추석 당일 2일 제외)",유료,1시간 500원,14,14,N,,N,042-610-1824,대전광역시 시설관리공단,2020-11-20,6300000,대전광역시
대전지방국세청,무인대여소,"대전광역시 대덕구 계족로682, (법동)",대전광역시 대덕구 법동 186,36.37238237,127.4290249,5:00,23:59,"연중무휴(설, 추석 당일 2일 제외)",유료,1시간 500원,12,12,N,,N,042-610-1824,대전광역시 시설관리공단,2020-11-20,6300000,대전광역시
도안 휴먼시아10단지,무인대여소,,대전광역시 유성구 원신흥동 588,36.33801347,127.3388335,5:00,23:59,"연중무휴(설, 추석 당일 2일 제외)",유료,1시간 500원,14,14,N,,N,042-610-1824,대전광역시 시설관리공단,2020-11-20,6300000,대전광역시
도안 트리풀시티9단지(504동 맞은편),무인대여소,,대전광역시 유성구 상대동 500,36.34224095,127.3373162,5:00,23:59,"연중무휴(설, 추석 당일 2일 제외)",유료,1시간 500원,13,13,N,,N,042-610-1824,대전광역시 시설관리공단,2020-11-20,6300000,대전광역시
도안 신안인스빌리베라,무인대여소,,대전광역시 유성구 원신흥동 582,36.34193055,127.3447826,5:00,23:59,"연중무휴(설, 추석 당일 2일 제외)",유료,1시간 500원,13,13,N,,N,042-610-1824,대전광역시 시설관리공단,2020-11-20,6300000,대전광역시
도안 한라비발디,무인대여소,"대전광역시 유성구 상대로17, (상대동, 도안신도시한라비발디아파트)",대전광역시 유성구 상대동 461-1,36.34472584,127.3336077,5:00,23:59,"연중무휴(설, 추석 당일 2일 제외)",유료,1시간 500원,15,15,N,,N,042-610-1824,대전광역시 시설관리공단,2020-11-20,6300000,대전광역시
도안 휴먼시아6단지,무인대여소,"대전광역시 유성구 도안대로512-12, (봉명동)",대전광역시 유성구 봉명동 1056-1,36.34564021,127.3408636,5:00,23:59,"연중무휴(설, 추석 당일 2일 제외)",유료,1시간 500원,11,11,N,,N,042-610-1824,대전광역시 시설관리공단,2020-11-20,6300000,대전광역시
도안 센트롤시티,무인대여소,"대전광역시 유성구 계룡로132번길71, (봉명동)",대전광역시 유성구 봉명동 1020-2,36.34943096,127.3451544,5:00,23:59,"연중무휴(설, 추석 당일 2일 제외)",유료,1시간 500원,15,15,N,,N,042-610-1824,대전광역시 시설관리공단,2020-11-20,6300000,대전광역시
유성생명과학고등학교,무인대여소,"대전광역시 유성구 월드컵대로270, (구암동)",대전광역시 유성구 구암동 25,36.34823876,127.3284196,5:00,23:59,"연중무휴(설, 추석 당일 2일 제외)",유료,1시간 500원,13,13,N,,N,042-610-1824,대전광역시 시설관리공단,2020-11-20,6300000,대전광역시
상대초등학교,무인대여소,"대전광역시 유성구 월드컵대로322, (상대동)",대전광역시 유성구 상대동 467-2,36.34730203,127.336605,5:00,23:59,"연중무휴(설, 추석 당일 2일 제외)",유료,1시간 500원,13,13,N,,N,042-610-1824,대전광역시 시설관리공단,2020-11-20,6300000,대전광역시
도안휴먼시아1단지,무인대여소,"대전광역시 유성구 도안대로560, (봉명동, 도안휴먼시아1단지)",대전광역시 유성구 봉명동 1024,36.35090892,127.3434932,5:00,23:59,"연중무휴(설, 추석 당일 2일 제외)",유료,1시간 500원,10,10,N,,N,042-610-1824,대전광역시 시설관리공단,2020-11-20,6300000,대전광역시
만년교(코젤병원),무인대여소,,대전광역시 유성구 봉명동 1017-2,36.35199599,127.346158,5:00,23:59,"연중무휴(설, 추석 당일 2일 제외)",유료,1시간 500원,16,16,N,,N,042-610-1824,대전광역시 시설관리공단,2020-11-20,6300000,대전광역시
유성온천역 3번출구,무인대여소,"대전광역시 유성구 계룡로지하 97, (봉명동)",대전광역시 유성구 봉명동 326-95,36.35366523,127.341576,5:00,23:59,"연중무휴(설, 추석 당일 2일 제외)",유료,1시간 500원,13,13,N,,N,042-610-1824,대전광역시 시설관리공단,2020-11-20,6300000,대전광역시
유성온천역 6번출구,무인대여소,"대전광역시 유성구 대학로3, (봉명동)",대전광역시 유성구 봉명동 552-5,36.3542854,127.3412735,5:00,23:59,"연중무휴(설, 추석 당일 2일 제외)",유료,1시간 500원,10,10,N,,N,042-610-1824,대전광역시 시설관리공단,2020-11-20,6300000,대전광역시
구암역 3번출구,무인대여소,"대전광역시 유성구 유성대로703, (구암동)",대전광역시 유성구 구암동 96-9,36.35660601,127.3306877,5:00,23:59,"연중무휴(설, 추석 당일 2일 제외)",유료,1시간 500원,13,13,N,,N,042-610-1824,대전광역시 시설관리공단,2020-11-20,6300000,대전광역시
한진오피스텔,무인대여소,"대전광역시 유성구 대학로31, (봉명동)",대전광역시 유성구 봉명동 535-5,36.3565961,127.3419079,5:00,23:59,"연중무휴(설, 추석 당일 2일 제외)",유료,1시간 500원,13,13,N,,N,042-610-1824,대전광역시 시설관리공단,2020-11-20,6300000,대전광역시
충대정문오거리2(건너편),무인대여소,,대전광역시 유성구 궁동 376-1,36.36182254,127.3450509,5:00,23:59,"연중무휴(설, 추석 당일 2일 제외)",유료,1시간 500원,18,18,N,,N,042-610-1824,대전광역시 시설관리공단,2020-11-20,6300000,대전광역시
충대정문오거리1(정문),무인대여소,"대전광역시 유성구 대학로99, (궁동)",대전광역시 유성구 궁동 258-8,36.36814071,127.3418443,5:00,23:59,"연중무휴(설, 추석 당일 2일 제외)",유료,1시간 500원,20,20,N,,N,042-610-1824,대전광역시 시설관리공단,2020-11-20,6300000,대전광역시
궁동네거리,무인대여소,,대전광역시 유성구 장대동 312-3,36.36480691,127.3387188,5:00,23:59,"연중무휴(설, 추석 당일 2일 제외)",유료,1시간 500원,13,13,N,,N,042-610-1824,대전광역시 시설관리공단,2020-11-20,6300000,대전광역시
탄방지하차도,무인대여소,,대전광역시 서구 탄방동 1452,36.34341514,127.3833601,5:00,23:59,"연중무휴(설, 추석 당일 2일 제외)",유료,1시간 500원,12,12,N,,N,042-610-1824,대전광역시 시설관리공단,2020-11-20,6300000,대전광역시
유승기업사,무인대여소,,대전광역시 서구 탄방동 521-2,36.34349406,127.3811872,5:00,23:59,"연중무휴(설, 추석 당일 2일 제외)",유료,1시간 500원,12,12,N,,N,042-610-1824,대전광역시 시설관리공단,2020-11-20,6300000,대전광역시
남선공원종합체육관,무인대여소,,대전광역시 서구 탄방동 1458,36.34890025,127.3986248,5:00,23:59,"연중무휴(설, 추석 당일 2일 제외)",유료,1시간 500원,10,10,N,,N,042-610-1824,대전광역시 시설관리공단,2020-11-20,6300000,대전광역시
한가람아파트,무인대여소,,대전광역시 서구 탄방동 1447,36.34768085,127.3927295,5:00,23:59,"연중무휴(설, 추석 당일 2일 제외)",유료,1시간 500원,12,12,N,,N,042-610-1824,대전광역시 시설관리공단,2020-11-20,6300000,대전광역시
한국농어촌공사,무인대여소,"대전광역시 서구 문예로7, (탄방동)",대전광역시 서구 탄방동 735,36.34743193,127.3898571,5:00,23:59,"연중무휴(설, 추석 당일 2일 제외)",유료,1시간 500원,12,12,N,,N,042-610-1824,대전광역시 시설관리공단,2020-11-20,6300000,대전광역시
대전종합고용지원센터(탄방역 4번출구),무인대여소,,대전광역시 서구 탄방동 1453-1,36.34636071,127.3848187,5:00,23:59,"연중무휴(설, 추석 당일 2일 제외)",유료,1시간 500원,12,12,N,,N,042-610-1824,대전광역시 시설관리공단,2020-11-20,6300000,대전광역시
오페라웨딩홀,무인대여소,"대전광역시 서구 둔산남로46, (둔산동)",대전광역시 서구 둔산동 1257,36.3487195,127.3825831,5:00,23:59,"연중무휴(설, 추석 당일 2일 제외)",유료,1시간 500원,12,12,N,,N,042-610-1824,대전광역시 시설관리공단,2020-11-20,6300000,대전광역시
경성큰마을,무인대여소,"대전광역시 서구 대덕대로168번길26, (갈마동)",대전광역시 서구 갈마동 1438,36.34706044,127.3772152,5:00,23:59,"연중무휴(설, 추석 당일 2일 제외)",유료,1시간 500원,13,13,N,,N,042-610-1824,대전광역시 시설관리공단,2020-11-20,6300000,대전광역시
웅포 곰개나루,유인대여소,,전북특별자치도 익산시 웅포면 웅포리 713,36.06623672,126.876158,9:00,19:00,평일,무료,,50,,Y,기계식,N,063-859-5610,전북특별자치도 익산시청,2025-06-10,4681000,전북특별자치도 익산시
만경강 사수정,유인대여소,전북특별자치도 익산시 오산면 만경강1길 58,전북특별자치도 익산시 오산면 목천리 1177-12,35.91027274,126.9187976,9:00,19:00,평일,무료,,50,,Y,기계식,N,063-859-5610,전북특별자치도 익산시청,2025-06-10,4681000,전북특별자치도 익산시
신월동자전거대여소,무인대여소,전라남도 여수시 신월1길 38-8,전라남도 여수시 신월동 94-2,34.724479,127.7094603,0:01,23:59,연중무휴,유료,정기권 1년 3만원+정기권6개월 1만8천원+정기권 1개월 5천원+일일권 1천원,6,6,N,수동식,N,061-659-4567,전라남도 여수시청,2025-06-12,5785000,전남광주통합특별시 여수시
둔덕삼거리,무인대여소,"전라남도 여수시 상암로16(둔덕동,라온유아파트)",전라남도 여수시 둔덕동 266,34.78441966,127.6966622,0:01,23:59,연중무휴,유료,정기권 1년 3만원+정기권6개월 1만8천원+정기권 1개월 5천원+일일권 1천원,10,10,N,수동식,N,061-659-4567,전라남도 여수시청,2025-06-12,5785000,전남광주통합특별시 여수시
서창동 행정복지센터,유인대여소,광주광역시 서구 눌재로 412,광주광역시 서구 세하동 553-1,35.11445067,126.8302885,9:00,18:00,토+일+공휴일,무료,,4,7,Y,수동식,N,062-350-4468,광주광역시 서구청,2025-11-24,5810000,전남광주통합특별시 서구
화정4동 행정복지센터,유인대여소,광주광역시 서구 염화로83번길 3,광주광역시 서구 화정동 919-1,35.141804,126.873788,9:00,18:00,토+일+공휴일,무료,,6,10,Y,수동식,N,062-350-4459,광주광역시 서구청,2025-11-24,5810000,전남광주통합특별시 서구
화정3동 행정복지센터,유인대여소,광주광역시 서구 월드컵4강로68번길 17,광주광역시 서구 화정동 891,35.1433475,126.876456,9:00,18:00,토+일+공휴일,무료,,3,10,Y,수동식,N,062-350-4424,광주광역시 서구청,2025-11-24,5810000,전남광주통합특별시 서구
화정2동 행정복지센터,유인대여소,광주광역시 서구 화운로 94,광주광역시 서구 화정동 1611,35.148339,126.880646,9:00,18:00,토+일+공휴일,무료,,4,10,Y,수동식,N,062-350-4415,광주광역시 서구청,2025-11-24,5810000,전남광주통합특별시 서구
화정1동 행정복지센터,유인대여소,광주광역시 서구 내방로338번길 11,광주광역시 서구 화정동 71-81,35.156352,126.877797,9:00,18:00,토+일+공휴일,무료,,4,0,Y,수동식,N,062-350-4393,광주광역시 서구청,2025-11-24,5810000,전남광주통합특별시 서구
상무2동 행정복지센터,유인대여소,광주광역시 서구 화정로85번길 17,광주광역시 서구 쌍촌동 1227-6,35.1465687,126.866449,9:00,18:00,토+일+공휴일,무료,,3,5,Y,수동식,N,062-350-4373,광주광역시 서구청,2025-11-24,5810000,전남광주통합특별시 서구
상무1동 행정복지센터,유인대여소,광주광역시 서구 월드컵4강로197번길 20,광주광역시 서구 쌍촌동 333-7,35.1537511,126.867425,9:00,18:00,토+일+공휴일,무료,,4,10,Y,수동식,N,062-350-4359,광주광역시 서구청,2025-11-24,5810000,전남광주통합특별시 서구
치평동 행정복지센터,유인대여소,광주광역시 서구 상무공원로 62,광주광역시 서구 치평동 1171-11,35.149964,126.8433332,9:00,18:00,토+일+공휴일,무료,,6,15,Y,수동식,N,062-350-4321,광주광역시 서구청,2025-11-24,5810000,전남광주통합특별시 서구
유덕동 행정복지센터,유인대여소,광주광역시 서구 유덕로 24,광주광역시 서구 유촌동 497-1,35.1651326,126.8518138,9:00,18:00,토+일+공휴일,무료,,5,7,Y,수동식,N,062-350-4306,광주광역시 서구청,2025-11-24,5810000,전남광주통합특별시 서구
광천동 행정복지센터,유인대여소,광주광역시 서구 광천2길 9,광주광역시 서구 광천동 206-14,35.1644001,126.880162,9:00,18:00,토+일+공휴일,무료,,7,7,Y,수동식,N,062-350-4281,광주광역시 서구청,2025-11-24,5810000,전남광주통합특별시 서구
농성2동 행정복지센터,유인대여소,광주광역시 서구 화정로 314,광주광역시 서구 농성동 630-11,35.150327,126.8902463,9:00,18:00,토+일+공휴일,무료,,3,5,Y,수동식,N,062-350-4264,광주광역시 서구청,2025-11-24,5810000,전남광주통합특별시 서구
농성1동 행정복지센터,유인대여소,광주광역시 서구 상무대로1189번길 23,광주광역시 서구 농성동 329-1,35.1566513,126.8897411,9:00,18:00,토+일+공휴일,무료,,5,10,Y,수동식,N,062-350-4258,광주광역시 서구청,2025-11-24,5810000,전남광주통합특별시 서구
서구청,유인대여소,광주광역시 서구 경열로 33,광주광역시 서구 농성동 299,35.15203177,126.8901112,9:00,18:00,토+일+공휴일,무료,,50,54,Y,수동식,N,062-360-7894,광주광역시 서구청,2025-11-24,5810000,전남광주통합특별시 서구
양3동 행정복지센터,유인대여소,광주광역시 서구 상무대로1223번길 16,광주광역시 서구 양동 461,35.15752068,126.8940007,9:00,18:00,토+일+공휴일,무료,,5,10,Y,수동식,N,062-350-4224,광주광역시 서구청,2025-11-24,5810000,전남광주통합특별시 서구
양동 행정복지센터,유인대여소,광주광역시 서구 천변좌로222번길 3-2,광주광역시 서구 양동 307-36,35.15488799,126.9008722,9:00,18:00,토+일+공휴일,무료,,9,10,Y,수동식,N,062-350-4216,광주광역시 서구청,2025-11-24,5810000,전남광주통합특별시 서구
원문동(정보과학도서관 앞),유인대여소,경기도 과천시 중앙로 24,경기도 과천시 갈현동 677,37.41874398,126.9897173,9:00,18:00,월요일+화요일+국경일,무료,무료,20,20,Y,수동식,N,02-3677-2289,경기도 과천시청,2025-11-28,3970000,경기도 과천시
과천동(뒷골 공영주차장),유인대여소,,경기도 과천시 과천동 367-4,37.45366937,127.0012644,9:00,18:00,월요일+화요일+국경일,무료,무료,20,20,Y,수동식,N,02-3677-2289,경기도 과천시청,2025-11-28,3970000,경기도 과천시
문원동(2단지 문천사 앞),유인대여소,,경기도 과천시 문원동 106-2,37.4255253,127.0066602,9:00,18:00,월요일+화요일+국경일,무료,무료,20,20,Y,수동식,N,02-3677-2289,경기도 과천시청,2025-11-28,3970000,경기도 과천시
부림동(과천역 1번출구),유인대여소,경기도 과천시 도서관길 36,경기도 과천시 별양동 2,37.4323292,126.9966062,9:00,22:00,월요일+화요일+국경일,무료,무료,20,30,Y,수동식,N,02-3677-2289,경기도 과천시청,2025-11-28,3970000,경기도 과천시
중앙공원,유인대여소,경기도 과천시 도서관길 36,경기도 과천시 별양동 2,37.4323292,126.9966062,9:00,22:00,월요일+화요일+국경일,무료,무료,30,30,Y,수동식,N,02-3677-2289,경기도 과천시청,2025-11-28,3970000,경기도 과천시
코오롱 앞(정부과천청사역 4번출구),유인대여소,경기도 과천시 중앙로 100,경기도 과천시 별양동 1,37.42599694,126.9901861,9:00,18:00,월요일+화요일+국경일,무료,무료,20,30,Y,수동식,N,02-3677-2289,경기도 과천시청,2025-11-28,3970000,경기도 과천시
아라뱃길자전거대여소,유인대여소,경기도 김포시 고촌읍 아라육로270번길 74,경기도 김포시 고촌읍 전호리 778,37.59765925,126.7869752,0:00,0:00,미운영,유료,0,0,0,N,수동식,N,031-999-7878,㈜워터웨이플러스,2025-11-24,4090000,경기도 김포시
관악구 자전거 스테이션,유인대여소,,서울특별시 관악구 신림동 1433-158,37.48406774,126.9264784,9:00,18:00,연중무휴,무료,,70,74,Y,,Y,02-879-6862,서울특별시 관악구 교통행정과,2025-11-20,3200000,서울특별시 관악구
공영자전거대여소,유인대여소,인천광역시 남동구 소래로 154길 62,인천광역시 남동구 논현동 66-2,37.40505291,126.7427552,9:00,18:00,월+화,유료,성인용 2000원+어린이용 1000원+2인용 4000원,119,0,Y,기계식,N,032-453-2724,인천광역시 남동구청,2025-11-28,3530000,인천광역시 남동구
부소산성 전기자전거 대여소,무인대여소,,충청남도 부여군 부여읍 관북리 114-2,36.28341088,126.914436,9:00,18:00,12~02월,무료,무료,12,12,N,,N,041-830-2388,충청남도 부여군청,2025-12-10,4570000,충청남도 부여군
정림사지 전기자전거 대여소,무인대여소,,충청남도 부여군 부여읍 동남리 401,36.278401,126.915889,9:00,18:00,12~02월,무료,무료,12,12,N,,N,041-830-2388,충청남도 부여군청,2025-12-10,4570000,충청남도 부여군
궁남지 전기자전거 대여소,무인대여소,,충청남도 부여군 부여읍 동남리 137-4,36.27246492,126.913334,9:00,18:00,12~02월,무료,무료,12,12,N,,N,041-830-2388,충청남도 부여군청,2025-12-10,4570000,충청남도 부여군
한솔동_주민센터,무인대여소,,세종특별자치시 한솔동 1230,36.47940405,127.2548076,0:00,23:59,연중무휴,유료,1000원,10,,N,,N,1899-9161,세종특별자치시청,2025-06-25,5690000,세종특별자치시
한솔동_첫마을5단지525동옆,무인대여소,,세종특별자치시 한솔동 1229,36.47792518,127.2496697,0:00,23:59,연중무휴,유료,1000원,10,,N,,N,1899-9161,세종특별자치시청,2025-06-25,5690000,세종특별자치시
한솔동_한솔고등학교,무인대여소,,세종특별자치시 한솔동 971,36.47614127,127.2519512,0:00,23:59,연중무휴,유료,1000원,10,,N,,N,1899-9161,세종특별자치시청,2025-06-25,5690000,세종특별자치시
한솔동_첫마을6단지617동옆,무인대여소,,세종특별자치시 한솔동 984,36.47575837,127.2515222,0:00,23:59,연중무휴,유료,1000원,10,,N,,N,1899-9161,세종특별자치시청,2025-06-25,5690000,세종특별자치시
한솔동_첫마을7단지702동앞,무인대여소,,세종특별자치시 한솔동 1234,36.47533855,127.2559085,0:00,23:59,연중무휴,유료,1000원,10,,N,,N,1899-9161,세종특별자치시청,2025-06-25,5690000,세종특별자치시
한솔동_한솔중학교 버스정류장,무인대여소,,세종특별자치시 한솔동 976,36.47604401,127.2557359,0:00,23:59,연중무휴,유료,1000원,10,,N,,N,1899-9161,세종특별자치시청,2025-06-25,5690000,세종특별자치시
한솔동_세종보 입구,무인대여소,,세종특별자치시 한솔동 1250,36.47688061,127.2600037,0:00,23:59,연중무휴,유료,1000원,10,,N,,N,1899-9161,세종특별자치시청,2025-06-25,5690000,세종특별자치시
보람동_세종시청 서문,무인대여소,,세종특별자치시 보람동 627-2,36.479836,127.288415,0:00,23:59,연중무휴,유료,1000원,10,,N,,N,1899-9161,세종특별자치시청,2025-06-25,5690000,세종특별자치시
대평동_세종고속시외버스터미널 건너편,무인대여소,,세종특별자치시 대평동 499,36.469017,127.274299,0:00,23:59,연중무휴,유료,1000원,10,,N,,N,1899-9161,세종특별자치시청,2025-06-25,5690000,세종특별자치시
대평동_세종고속시외버스터미널BRT,무인대여소,,세종특별자치시 대평동 643,36.46940665,127.2748595,0:00,23:59,연중무휴,유료,1000원,10,,N,,N,1899-9161,세종특별자치시청,2025-06-25,5690000,세종특별자치시
왕피천공원 자전거대여소,유인대여소,경상북도 울진군 근남면 엑스포로25,,36.96870242,129.4010878,10:00,17:00,설 당일+추석 당일,유료,아동용 3000원+일반 4000원+마차형 6000원+울진 군민 50프로 할인,61,,Y,기계식,N,054-789-5500,울진군 왕피천공원사업소,2024-07-30,5250000,경상북도 울진군
금산자전거대여소,유인대여소,전라남도 고흥군 금산면 거금로 720,전라남도 고흥군 금산면 신촌리 352,34.4884599,127.121565,10:00,17:00,연중무휴,무료,무료,21,5,N,,N,061-830-5451,전라남도 고흥군,2023-12-07,5845000,전남광주통합특별시 고흥군
소담동 _농림수산식품교육문화정보원,무인대여소,,세종특별자치시 반곡동 772-3,36.492846,127.305279,0:00,23:59,연중무휴,유료,1000원,10,,N,,N,1899-9161,세종특별자치시청,2025-06-25,5690000,세종특별자치시
집현동_새나루마을2단지 입구,무인대여소,,세종특별자치시 집현동 883-82,36.48863584,127.3221614,0:00,23:59,연중무휴,유료,1000원,10,,N,,N,1899-9161,세종특별자치시청,2025-06-25,5690000,세종특별자치시
집현동_새나루마을 401동 앞 로터리,무인대여소,,세종특별자치시 집현동 785-57,36.493163,127.3225052,0:00,23:59,연중무휴,유료,1000원,10,,N,,N,1899-9161,세종특별자치시청,2025-06-25,5690000,세종특별자치시
집현동_새나루마을 402동 앞,무인대여소,,세종특별자치시 집현동 883-270,36.49317287,127.3218768,0:00,23:59,연중무휴,유료,1000원,10,,N,,N,1899-9161,세종특별자치시청,2025-06-25,5690000,세종특별자치시
집현동_새나루마을 309동 앞 로터리,무인대여소,,세종특별자치시 집현동 883-56,36.49102686,127.3218875,0:00,23:59,연중무휴,유료,1000원,10,,N,,N,1899-9161,세종특별자치시청,2025-06-25,5690000,세종특별자치시
고운동_가락2005동 앞,무인대여소,,세종특별자치시 고운동 1397,36.51620859,127.24139,0:00,23:59,연중무휴,유료,1000원,10,,N,,N,1899-9161,세종특별자치시청,2025-06-25,5690000,세종특별자치시
고운동_고운프라자,무인대여소,,세종특별자치시 고운동 1370,36.5193378,127.23453,0:00,23:59,연중무휴,유료,1000원,10,,N,,N,1899-9161,세종특별자치시청,2025-06-25,5690000,세종특별자치시
고운동_세종중앙타워,무인대여소,,세종특별자치시 고운동 2094,36.51164,127.2410368,0:00,23:59,연중무휴,유료,1000원,10,,N,,N,1899-9161,세종특별자치시청,2025-06-25,5690000,세종특별자치시
대평동_세종고속시외버스터미널,무인대여소,,세종특별자치시 대평동 269-52,36.469257,127.2736619,0:00,23:59,연중무휴,유료,1000원,10,,N,,N,1899-9161,세종특별자치시청,2025-06-25,5690000,세종특별자치시
집현동_새나루마을1단지 정문앞 로터리,무인대여소,,세종특별자치시 집현동 883-148,36.48546011,127.3201523,0:00,23:59,연중무휴,유료,1000원,10,,N,,N,1899-9161,세종특별자치시청,2025-06-25,5690000,세종특별자치시
집현동_새나루마을 1207동,무인대여소,,세종특별자치시 집현동 418-1,36.50226455,127.3262976,0:00,23:59,연중무휴,유료,1000원,10,,N,,N,1899-9161,세종특별자치시청,2025-06-25,5690000,세종특별자치시
보람동_호려울 911동 앞,무인대여소,,세종특별자치시 보람동 774,36.48049062,127.2958288,0:00,23:59,연중무휴,유료,1000원,10,,N,,N,1899-9161,세종특별자치시청,2025-06-25,5690000,세종특별자치시
보람동_호려울 1010동 앞,무인대여소,,세종특별자치시 보람동 702,36.47867668,127.2889558,0:00,23:59,연중무휴,유료,1000원,10,,N,,N,1899-9161,세종특별자치시청,2025-06-25,5690000,세종특별자치시
소담동_한국보건사회연구원 대로변쪽,무인대여소,,세종특별자치시 소담동 831,36.495141,127.306277,0:00,23:59,연중무휴,유료,1000원,10,,N,,N,1899-9161,세종특별자치시청,2025-06-25,5690000,세종특별자치시
조치원_홈플러스 정문,무인대여소,,세종특별자치시 조치원읍 번암리 53-2,36.58672833,127.2973174,0:00,23:59,연중무휴,유료,1000원,10,,N,,N,1899-9161,세종특별자치시청,2025-06-25,5690000,세종특별자치시
세종동_국립수목원연구동 앞 정류장,무인대여소,,세종특별자치시 세종동 1205,36.49793389,127.2893314,0:00,23:59,연중무휴,유료,1000원,10,,N,,N,1899-9161,세종특별자치시청,2025-06-25,5690000,세종특별자치시
어진동_해양수산부_농림축산식품부(5동-1) 로터리,무인대여소,,세종특별자치시 어진동 715,36.5048052,127.2644356,0:00,23:59,연중무휴,유료,1000원,10,,N,,N,1899-9161,세종특별자치시청,2025-06-25,5690000,세종특별자치시
어진동_한뜰마을604동앞,무인대여소,,세종특별자치시 어진동 755,36.49477981,127.2605171,0:00,23:59,연중무휴,유료,1000원,10,,N,,N,1899-9161,세종특별자치시청,2025-06-25,5690000,세종특별자치시
어진동_한뜰마을601동 앞,무인대여소,,세종특별자치시 어진동 673,36.49519035,127.258921,0:00,23:59,연중무휴,유료,1000원,10,,N,,N,1899-9161,세종특별자치시청,2025-06-25,5690000,세종특별자치시
나성동_리치먼드시티 앞,무인대여소,,세종특별자치시 나성동 756,36.49284323,127.2567789,0:00,23:59,연중무휴,유료,1000원,10,,N,,N,1899-9161,세종특별자치시청,2025-06-25,5690000,세종특별자치시
나성동_나릿재303동 앞,무인대여소,,세종특별자치시 나성동 372-2,36.488689,127.261328,0:00,23:59,연중무휴,유료,1000원,10,,N,,N,1899-9161,세종특별자치시청,2025-06-25,5690000,세종특별자치시
대전남부여성가족원,무인대여소,"대전광역시 동구 동구청로60, (가오동)",대전광역시 동구 가오동 559-1,36.30417213,127.4593957,5:00,23:59,"연중무휴(설, 추석 당일 2일 제외)",유료,1시간 500원,15,15,N,,N,042-610-1824,대전광역시 시설관리공단,2020-11-20,6300000,대전광역시
은어송마을2단지,무인대여소,,대전광역시 동구 대성동 130-1,36.30375017,127.4577618,5:00,23:59,"연중무휴(설, 추석 당일 2일 제외)",유료,1시간 500원,9,9,N,,N,042-610-1824,대전광역시 시설관리공단,2020-11-20,6300000,대전광역시
은어송마을4단지,무인대여소,"대전광역시 동구 은어송로116, (가오동, 은어송마을4단지)",대전광역시 동구 가오동 555,36.31027658,127.4620485,5:00,23:59,"연중무휴(설, 추석 당일 2일 제외)",유료,1시간 500원,12,12,N,,N,042-610-1824,대전광역시 시설관리공단,2020-11-20,6300000,대전광역시
홈플러스 가오점,무인대여소,"대전광역시 동구 은어송로75, (가오동)",대전광역시 동구 가오동 552,36.30739713,127.4570685,5:00,23:59,"연중무휴(설, 추석 당일 2일 제외)",유료,1시간 500원,12,12,N,,N,042-610-1824,대전광역시 시설관리공단,2020-11-20,6300000,대전광역시
홈플러스 가오점(건너편),무인대여소,"대전광역시 동구 동구청로89-2, (가오동)",대전광역시 동구 가오동 644,36.30627014,127.4569761,5:00,23:59,"연중무휴(설, 추석 당일 2일 제외)",유료,1시간 500원,13,13,N,,N,042-610-1824,대전광역시 시설관리공단,2020-11-20,6300000,대전광역시
은어송마을입구,무인대여소,"대전광역시 동구 은어송로43, (가오동)",대전광역시 동구 가오동 619,36.30553753,127.4544202,5:00,23:59,"연중무휴(설, 추석 당일 2일 제외)",유료,1시간 500원,12,12,N,,N,042-610-1824,대전광역시 시설관리공단,2020-11-20,6300000,대전광역시
신탄진동주민센터,무인대여소,"대전광역시 대덕구 신탄진로830, (신탄진동)",대전광역시 대덕구 신탄진동 120-1,36.4515492,127.4293837,5:00,23:59,"연중무휴(설, 추석 당일 2일 제외)",유료,1시간 500원,10,10,N,,N,042-610-1824,대전광역시 시설관리공단,2020-11-20,6300000,대전광역시
엑슬루타워,무인대여소,"대전광역시 대덕구 대덕대로1555, (석봉동, 금강엑슬루타워)",대전광역시 대덕구 석봉동 770,36.45028014,127.420357,5:00,23:59,"연중무휴(설, 추석 당일 2일 제외)",유료,1시간 500원,10,10,N,,N,042-610-1824,대전광역시 시설관리공단,2020-11-20,6300000,대전광역시
목상동주민센터,무인대여소,"대전광역시 대덕구 대덕대로1470번길27, (목상동, 상록수아파트)",대전광역시 대덕구 목상동 185-1,36.44806956,127.412442,5:00,23:59,"연중무휴(설, 추석 당일 2일 제외)",유료,1시간 500원,12,12,N,,N,042-610-1824,대전광역시 시설관리공단,2020-11-20,6300000,대전광역시
구)대덕경찰서(문평동),무인대여소,"대전광역시 대덕구 대덕대로1417번길11, (문평동)",대전광역시 대덕구 문평동 83-2,36.44669748,127.4065179,5:00,23:59,"연중무휴(설, 추석 당일 2일 제외)",유료,1시간 500원,12,12,N,,N,042-610-1824,대전광역시 시설관리공단,2020-11-20,6300000,대전광역시
한남대후문 입구,무인대여소,"대전광역시 대덕구 한밭대로1128, (중리동)",대전광역시 대덕구 중리동 231-5,36.35850472,127.4237108,5:00,23:59,"연중무휴(설, 추석 당일 2일 제외)",유료,1시간 500원,13,13,N,,N,042-610-1824,대전광역시 시설관리공단,2020-11-20,6300000,대전광역시
용전네거리(하나은행),무인대여소,"대전광역시 동구 계족로516, (용전동)",대전광역시 동구 용전동 44-2,36.35782002,127.4332091,5:00,23:59,"연중무휴(설, 추석 당일 2일 제외)",유료,1시간 500원,12,12,N,,N,042-610-1824,대전광역시 시설관리공단,2020-11-20,6300000,대전광역시
한국통신 용전지점,무인대여소,"대전광역시 동구 계족로461, (용전동)",대전광역시 동구 용전동 167-20,36.35297572,127.4322414,5:00,23:59,"연중무휴(설, 추석 당일 2일 제외)",유료,1시간 500원,13,13,N,,N,042-610-1824,대전광역시 시설관리공단,2020-11-20,6300000,대전광역시
용전동 천주교회,무인대여소,"대전광역시 동구 계족로424번길4, (용전동)",대전광역시 동구 용전동 144-1,36.34941827,127.4327685,5:00,23:59,"연중무휴(설, 추석 당일 2일 제외)",유료,1시간 500원,13,13,N,,N,042-610-1824,대전광역시 시설관리공단,2020-11-20,6300000,대전광역시
복합터미널,무인대여소,,대전광역시 동구 용전동 143-16,36.34884217,127.4348226,5:00,23:59,"연중무휴(설, 추석 당일 2일 제외)",유료,1시간 500원,13,13,N,,N,042-610-1824,대전광역시 시설관리공단,2020-11-20,6300000,대전광역시
동부네거리,무인대여소,,대전광역시 동구 용전동 111-23,36.3508969,127.4405567,5:00,23:59,"연중무휴(설, 추석 당일 2일 제외)",유료,1시간 500원,13,13,N,,N,042-610-1824,대전광역시 시설관리공단,2020-11-20,6300000,대전광역시
홈플러스(동대전점),무인대여소,"대전광역시 동구 한밭대로1262, (용전동)",대전광역시 동구 용전동 51-17,36.35518604,127.4365373,5:00,23:59,"연중무휴(설, 추석 당일 2일 제외)",유료,1시간 500원,13,13,N,,N,042-610-1824,대전광역시 시설관리공단,2020-11-20,6300000,대전광역시
한전 대전세종충남지역본부(건너편),무인대여소,"대전광역시 동구 한밭대로1230, (용전동)",대전광역시 동구 용전동 45-1,36.35725657,127.4341268,5:00,23:59,"연중무휴(설, 추석 당일 2일 제외)",유료,1시간 500원,13,13,N,,N,042-610-1824,대전광역시 시설관리공단,2020-11-20,6300000,대전광역시
태평동성당,무인대여소,"대전광역시 중구 태평로152번길4, (태평동)",대전광역시 중구 태평동 346-1,36.32966766,127.3968565,5:00,23:59,"연중무휴(설, 추석 당일 2일 제외)",유료,1시간 500원,13,13,N,,N,042-610-1824,대전광역시 시설관리공단,2020-11-20,6300000,대전광역시
가장교(성은사),무인대여소,"대전광역시 서구 갈마로331, (가장동)",대전광역시 서구 가장동 31-7,36.32865007,127.388132,5:00,23:59,"연중무휴(설, 추석 당일 2일 제외)",유료,1시간 500원,13,13,N,,N,042-610-1824,대전광역시 시설관리공단,2020-11-20,6300000,대전광역시
나르메아파트 길건너,무인대여소,"대전광역시 서구 도산로284, (가장동)",대전광역시 서구 가장동 45-8,36.33187141,127.3853667,5:00,23:59,"연중무휴(설, 추석 당일 2일 제외)",유료,1시간 500원,15,15,N,,N,042-610-1824,대전광역시 시설관리공단,2020-11-20,6300000,대전광역시
순복음교회(수침교),무인대여소,"대전광역시 서구 계룡로685, (용문동)",대전광역시 서구 용문동 249-11,36.33584117,127.3968424,5:00,23:59,"연중무휴(설, 추석 당일 2일 제외)",유료,1시간 500원,13,13,N,,N,042-610-1824,대전광역시 시설관리공단,2020-11-20,6300000,대전광역시
용문네거리(용문역 3번출구),무인대여소,"대전광역시 서구 도산로371, (용문동)",대전광역시 서구 용문동 594-10,36.33773717,127.3921604,5:00,23:59,"연중무휴(설, 추석 당일 2일 제외)",유료,1시간 500원,9,9,N,,N,042-610-1824,대전광역시 시설관리공단,2020-11-20,6300000,대전광역시
서부농협본점,무인대여소,,대전광역시 서구 탄방동 1455,36.34240199,127.3879021,5:00,23:59,"연중무휴(설, 추석 당일 2일 제외)",유료,1시간 500원,15,15,N,,N,042-610-1824,대전광역시 시설관리공단,2020-11-20,6300000,대전광역시
목원대학교 입구,무인대여소,"대전광역시 유성구 도안북로85-31, (용계동)",대전광역시 유성구 용계동 664-4,36.33165257,127.3375505,5:00,23:59,"연중무휴(설, 추석 당일 2일 제외)",유료,1시간 500원,15,15,N,,N,042-610-1824,대전광역시 시설관리공단,2020-11-20,6300000,대전광역시
카이스트 세종관,무인대여소,"대전광역시 유성구 대학로291, (구성동)",대전광역시 유성구 구성동 23,36.36817871,127.3571333,5:00,23:59,"연중무휴(설, 추석 당일 2일 제외)",유료,1시간 500원,15,15,N,,N,042-610-1824,대전광역시 시설관리공단,2020-11-20,6300000,대전광역시
카이스트 다솜관,무인대여소,"대전광역시 유성구 대학로291, (구성동)",대전광역시 유성구 구성동 23,36.36817871,127.3571333,5:00,23:59,"연중무휴(설, 추석 당일 2일 제외)",유료,1시간 500원,15,15,N,,N,042-610-1824,대전광역시 시설관리공단,2020-11-20,6300000,대전광역시
카이스트 서쪽 쪽문,무인대여소,"대전광역시 유성구 대학로291, (구성동)",대전광역시 유성구 구성동 23,36.36817871,127.3571333,5:00,23:59,"연중무휴(설, 추석 당일 2일 제외)",유료,1시간 500원,15,15,N,,N,042-610-1824,대전광역시 시설관리공단,2020-11-20,6300000,대전광역시
국립중앙과학관,무인대여소,,대전광역시 유성구 가정동 54-4,36.37515667,127.3780505,5:00,23:59,"연중무휴(설, 추석 당일 2일 제외)",유료,1시간 500원,10,10,N,,N,042-610-1824,대전광역시 시설관리공단,2020-11-20,6300000,대전광역시
해밀동_해밀동 복합커뮤니티센터 앞,무인대여소,,세종특별자치시 해밀동 339-3,36.52666031,127.2674419,0:00,23:59,연중무휴,유료,1000원,10,,N,,N,1899-9161,세종특별자치시청,2025-06-25,5690000,세종특별자치시
나성동_메가박스 건물 앞,무인대여소,,세종특별자치시 나성동 821,36.48347513,127.2637793,0:00,23:59,연중무휴,유료,1000원,10,,N,,N,1899-9161,세종특별자치시청,2025-06-25,5690000,세종특별자치시
세종동_금강보행교 북측(우),무인대여소,,세종특별자치시 세종동 735-487,36.48685529,127.2844521,0:00,23:59,연중무휴,유료,1000원,10,,N,,N,1899-9161,세종특별자치시청,2025-06-25,5690000,세종특별자치시
세종동_금강보행교북측(좌),무인대여소,,세종특별자치시 세종동 114-400,36.48636631,127.283148,0:00,23:59,연중무휴,유료,1000원,10,,N,,N,1899-9161,세종특별자치시청,2025-06-25,5690000,세종특별자치시
보람동_금강보행교 남측(우),무인대여소,,세종특별자치시 보람동 626-7,36.4810133,127.2886784,0:00,23:59,연중무휴,유료,1000원,10,,N,,N,1899-9161,세종특별자치시청,2025-06-25,5690000,세종특별자치시
보람동_금강보행교 남측(좌),무인대여소,,세종특별자치시 보람동 627-6,36.48042628,127.2876216,0:00,23:59,연중무휴,유료,1000원,10,,N,,N,1899-9161,세종특별자치시청,2025-06-25,5690000,세종특별자치시
집현동_11단지 1106앞,무인대여소,,세종특별자치시 집현동 995-3,36.49662908,127.3250868,0:00,23:59,연중무휴,유료,1000원,10,,N,,N,1899-9161,세종특별자치시청,2025-06-25,5690000,세종특별자치시
집현동_BRT정류장(시청 방면),무인대여소,,세종특별자치시 집현동 370,36.50134749,127.3285296,0:00,23:59,연중무휴,유료,1000원,10,,N,,N,1899-9161,세종특별자치시청,2025-06-25,5690000,세종특별자치시
아름동_아카데미타워,무인대여소,,세종특별자치시 아름동 1318,36.51222129,127.2433783,0:00,23:59,연중무휴,유료,1000원,10,,N,,N,1899-9161,세종특별자치시청,2025-06-25,5690000,세종특별자치시
집현동_새나루 901동앞 로터리,무인대여소,,세종특별자치시 집현동 785-57,36.49318,127.3225052,0:00,23:59,연중무휴,유료,1000원,10,,N,,N,1899-9161,세종특별자치시청,2025-06-25,5690000,세종특별자치시
집현동_새나루 908동 로터리,무인대여소,,세종특별자치시 집현동 785-548,36.49266801,127.323819,0:00,23:59,연중무휴,유료,1000원,10,,N,,N,1899-9161,세종특별자치시청,2025-06-25,5690000,세종특별자치시
집현동_새나루 906동 앞,무인대여소,,세종특별자치시 집현동 산 180,36.49103578,127.3245488,0:00,23:59,연중무휴,유료,1000원,10,,N,,N,1899-9161,세종특별자치시청,2025-06-25,5690000,세종특별자치시
집현동_산학연클러스터앞 BRT정류장,무인대여소,,세종특별자치시 집현동 396,36.50074,127.3286671,0:00,23:59,연중무휴,유료,1000원,10,,N,,N,1899-9161,세종특별자치시청,2025-06-25,5690000,세종특별자치시
집현동_새나루11단지앞 BRT정류장1(합강리방향),무인대여소,,세종특별자치시 집현동 885-1,36.49766664,127.3217882,0:00,23:59,연중무휴,유료,1000원,10,,N,,N,1899-9161,세종특별자치시청,2025-06-25,5690000,세종특별자치시
집현동_새나루1109동 앞,무인대여소,,세종특별자치시 집현동 889,36.49720424,127.323865,0:00,23:59,연중무휴,유료,1000원,10,,N,,N,1899-9161,세종특별자치시청,2025-06-25,5690000,세종특별자치시
집현동_새나루 1단지 앞,무인대여소,,세종특별자치시 집현동 883-147,36.48568785,127.3203014,0:00,23:59,연중무휴,유료,1000원,10,,N,,N,1899-9161,세종특별자치시청,2025-06-25,5690000,세종특별자치시
반곡동_국책연구단지 시외버스 정류장,무인대여소,,세종특별자치시 반곡동 713,36.49591067,127.305612,0:00,23:59,연중무휴,유료,1000원,10,,N,,N,1899-9161,세종특별자치시청,2025-06-25,5690000,세종특별자치시
반곡동_국책 연구지원동 앞(정류장),무인대여소,,세종특별자치시 반곡동 736,36.49584229,127.3045433,0:00,23:59,연중무휴,유료,1000원,10,,N,,N,1899-9161,세종특별자치시청,2025-06-25,5690000,세종특별자치시
보람동_보람초등학교 앞 정류장,무인대여소,,세종특별자치시 보람동 773,36.480135,127.2931118,0:00,23:59,연중무휴,유료,1000원,10,,N,,N,1899-9161,세종특별자치시청,2025-06-25,5690000,세종특별자치시
금남면_세종성바오로성당,무인대여소,,세종특별자치시 금남면 신촌리 297-11,36.468474,127.2823039,0:00,23:59,연중무휴,유료,1000원,10,,N,,N,1899-9161,세종특별자치시청,2025-06-25,5690000,세종특별자치시
종촌동_소망교회 옆,무인대여소,,세종특별자치시 종촌동 676,36.5035936,127.2468835,0:00,23:59,연중무휴,유료,1000원,10,,N,,N,1899-9161,세종특별자치시청,2025-06-25,5690000,세종특별자치시
어진동_정부세종청사2_우체국사거리,무인대여소,,세종특별자치시 어진동 582,36.50003327,127.261847,0:00,23:59,연중무휴,유료,1000원,10,,N,,N,1899-9161,세종특별자치시청,2025-06-25,5690000,세종특별자치시
도담동_해밀1단지 건너편 버스정류장,무인대여소,,세종특별자치시 도담동 409,36.52168908,127.2636156,0:00,23:59,연중무휴,유료,1000원,10,,N,,N,1899-9161,세종특별자치시청,2025-06-25,5690000,세종특별자치시
아름동_세종국제고_과학영재고 사이,무인대여소,,세종특별자치시 아름동 1463,36.52046433,127.2467089,0:00,23:59,연중무휴,유료,1000원,10,,N,,N,1899-9161,세종특별자치시청,2025-06-25,5690000,세종특별자치시
세종동_전월산 무궁화 테마공원,무인대여소,,세종특별자치시 세종동 633-1,36.5134859,127.288118,0:00,23:59,연중무휴,유료,1000원,10,,N,,N,1899-9161,세종특별자치시청,2025-06-25,5690000,세종특별자치시
어진동_중소벤처기업부 앞 정류장,무인대여소,,세종특별자치시 어진동 666,36.497497,127.259874,0:00,23:59,연중무휴,유료,1000원,10,,N,,N,1899-9161,세종특별자치시청,2025-06-25,5690000,세종특별자치시
집현동_새나루 1103동 앞,무인대여소,,세종특별자치시 집현동 885-1,36.49766664,127.3217882,0:00,23:59,연중무휴,유료,1000원,10,,N,,N,1899-9161,세종특별자치시청,2025-06-25,5690000,세종특별자치시
반곡동_수루배 207동앞,무인대여소,,세종특별자치시 반곡동 358,36.494962,127.310773,0:00,23:59,연중무휴,유료,1000원,10,,N,,N,1899-9161,세종특별자치시청,2025-06-25,5690000,세종특별자치시
어진동_정부세종청사 중앙동 기획재정부 입구,무인대여소,,세종특별자치시 어진동 571공,36.503236,127.2651379,0:00,23:59,연중무휴,유료,1000원,10,,N,,N,1899-9161,세종특별자치시청,2025-06-25,5690000,세종특별자치시
어진동_정부세종청사 중앙동 입구,무인대여소,,세종특별자치시어진동 575,36.50219827,127.2636972,0:00,23:59,연중무휴,유료,1000원,10,,N,,N,1899-9161,세종특별자치시청,2025-06-25,5690000,세종특별자치시
세종동_전통문화체험관(불교문화지원관),무인대여소,,세종특별자치시 세종동 96,36.50672152,127.291181,0:00,23:59,연중무휴,유료,1000원,10,,N,,N,1899-9161,세종특별자치시청,2025-06-25,5690000,세종특별자치시
새롬동_새뜸마을 716동 옆 로터리,무인대여소,,세종특별자치시 새롬동 622,36.4883928,127.2475844,0:00,23:59,연중무휴,유료,1000원,10,,N,,N,1899-9161,세종특별자치시청,2025-06-25,5690000,세종특별자치시
금남면_대평시장 입구,무인대여소,,세종특별자치시 금남면 용포리 467-29,36.46564269,127.2819218,0:00,23:59,연중무휴,유료,1000원,10,,N,,N,1899-9161,세종특별자치시청,2025-06-25,5690000,세종특별자치시
보람동_호려울마을 3단지 301동 앞,무인대여소,,세종특별자치시 보람동 730,36.47678314,127.2818627,0:00,23:59,연중무휴,유료,1000원,10,,N,,N,1899-9161,세종특별자치시청,2025-06-25,5690000,세종특별자치시
보람동_금강시티타워 앞,무인대여소,,세종특별자치시 보람동 740,36.47832873,127.2886562,0:00,23:59,연중무휴,유료,1000원,10,,N,,N,1899-9161,세종특별자치시청,2025-06-25,5690000,세종특별자치시
집현동_새나루 11단지 앞 BRT정류장2(합강리방향),무인대여소,,세종특별자치시 집현동 885-1,36.49766664,127.3217882,0:00,23:59,연중무휴,유료,1000원,10,,N,,N,1899-9161,세종특별자치시청,2025-06-25,5690000,세종특별자치시
집현동_새나루마을 1006동 앞 로터리,무인대여소,,세종특별자치시 집현동 885-1,36.49766664,127.3217882,0:00,23:59,연중무휴,유료,1000원,10,,N,,N,1899-9161,세종특별자치시청,2025-06-25,5690000,세종특별자치시
아름동_아름 스포츠센터(코오롱 스포렉스),무인대여소,,세종특별자치시 아름동 1324,36.51223841,127.2457087,0:00,23:59,연중무휴,유료,1000원,10,,N,,N,1899-9161,세종특별자치시청,2025-06-25,5690000,세종특별자치시
소담동_새샘마을 5단지 501동 앞 버스정류장,무인대여소,,"세종특별자치시 소담동 598, 501동 앞 버스정류장",36.48109906,127.3057095,0:00,23:59,연중무휴,유료,1000원,10,,N,,N,1899-9161,세종특별자치시청,2025-06-25,5690000,세종특별자치시
한솔동_첫마을 7단지 정문 버스정류장인근,무인대여소,,"세종특별자치시 한솔동 978, 원예농협 앞",36.4745737,127.255617,0:00,23:59,연중무휴,유료,1000원,10,,N,,N,1899-9161,세종특별자치시청,2025-06-25,5690000,세종특별자치시
한솔동_주택단지옆 공터자리,무인대여소,,세종특별자치시 한솔동 1092,36.4799866,127.2488327,0:00,23:59,연중무휴,유료,1000원,10,,N,,N,1899-9161,세종특별자치시청,2025-06-25,5690000,세종특별자치시
새롬동_새뜸마을 9단지 어울로 도로변,무인대여소,,"세종특별자치시 새롬동 612, 906동 앞",36.4830669,127.2571593,0:00,23:59,연중무휴,유료,1000원,10,,N,,N,1899-9161,세종특별자치시청,2025-06-25,5690000,세종특별자치시
보람동_금남면 경계 금남구즉 로 로터리,무인대여소,,세종특별자치시 보람동 75-2,36.47671439,127.2964496,0:00,23:59,연중무휴,유료,1000원,10,,N,,N,1899-9161,세종특별자치시청,2025-06-25,5690000,세종특별자치시
조치원_조치원읍 복합커뮤니티센터,무인대여소,,세종특별자치시 조치원읍 신흥리 244,36.5949812,127.2879463,0:00,23:59,연중무휴,유료,1000원,10,,N,,N,1899-9161,세종특별자치시청,2025-06-25,5690000,세종특별자치시
어진동_정부세종청사 체육관 공원,무인대여소,,"세종특별자치시 어진동 552, 체육관 출입구 계단 측면",36.50809269,127.2639147,0:00,23:59,연중무휴,유료,1000원,10,,N,,N,1899-9161,세종특별자치시청,2025-06-25,5690000,세종특별자치시
가람동_수질복원센터 체육시설 앞 버스정류장 옆,무인대여소,,세종특별자치시 가람동 960,36.46414546,127.2474374,0:00,23:59,연중무휴,유료,1000원,10,,N,,N,1899-9161,세종특별자치시청,2025-06-25,5690000,세종특별자치시
집현동_새나루마을 803동 로터리,무인대여소,,세종특별자치시 집현동 785-94,36.48983855,127.323906,0:00,23:59,연중무휴,유료,1000원,10,,N,,N,1899-9161,세종특별자치시청,2025-06-25,5690000,세종특별자치시
어진동_한뜰401동 앞,무인대여소,,세종특별자치시 어진동 520,36.50005577,127.2555829,0:00,23:59,연중무휴,유료,1000원,10,,N,,N,1899-9161,세종특별자치시청,2025-06-25,5690000,세종특별자치시
어진동_한뜰406동 앞 버스정류장,무인대여소,,세종특별자치시 어진동 520,36.50005577,127.2555829,0:00,23:59,연중무휴,유료,1000원,10,,N,,N,1899-9161,세종특별자치시청,2025-06-25,5690000,세종특별자치시
한림프라자 빌딩(수협은행),무인대여소,,세종특별자치시 나성동 752,36.48418332,127.2590128,0:00,23:59,연중무휴,유료,1000원,10,,N,,N,1899-9161,세종특별자치시청,2025-06-25,5690000,세종특별자치시
집현동_새나루1단지 후문(118동),무인대여소,,세종특별자치시 반곡동 산 74,36.48344802,127.3166835,0:00,23:59,연중무휴,유료,1000원,10,,N,,N,1899-9161,세종특별자치시청,2025-06-25,5690000,세종특별자치시
어진동_세종경찰기동대 인근,무인대여소,,세종특별자치시 어진동 627,36.50333378,127.267516,0:00,23:59,연중무휴,유료,1000원,10,,N,,N,1899-9161,세종특별자치시청,2025-06-25,5690000,세종특별자치시
다정동_가온7단지 정문 버스정류장,무인대여소,,세종특별자치시 다정동 965,36.49228003,127.2507745,0:00,23:59,연중무휴,유료,1000원,10,,N,,N,1899-9161,세종특별자치시청,2025-06-25,5690000,세종특별자치시
아름동_범지기 1023동 버스정류장,무인대여소,,세종특별자치시 아름동 1277,36.51916182,127.2518288,0:00,23:59,연중무휴,유료,1000원,10,,N,,N,1899-9161,세종특별자치시청,2025-06-25,5690000,세종특별자치시
도담동_도램마을 9단지 정류장BRT,무인대여소,,세종특별자치시 도담동 855,36.51063124,127.2635877,0:00,23:59,연중무휴,유료,1000원,10,,N,,N,1899-9161,세종특별자치시청,2025-06-25,5690000,세종특별자치시
새롬동_크리스마스빌딩앞,무인대여소,,세종특별자치시 새롬동 341-76,36.484322,127.252138,0:00,23:59,연중무휴,유료,1000원,10,,N,,N,1899-9161,세종특별자치시청,2025-06-25,5690000,세종특별자치시
도담동_도램803동앞BRT,무인대여소,,세종특별자치시 도담동 848,36.51114254,127.2584044,0:00,23:59,연중무휴,유료,1000원,10,,N,,N,1899-9161,세종특별자치시청,2025-06-25,5690000,세종특별자치시
어진동_세종포스트 빌딩 옆 BRT,무인대여소,,세종특별자치시 어진동 532-1,36.50737811,127.261554,0:00,23:59,연중무휴,유료,1000원,10,,N,,N,1899-9161,세종특별자치시청,2025-06-25,5690000,세종특별자치시
어진동_건설청건너편BRT2,무인대여소,,세종특별자치시 어진동 533,36.50583394,127.2614267,0:00,23:59,연중무휴,유료,1000원,10,,N,,N,1899-9161,세종특별자치시청,2025-06-25,5690000,세종특별자치시
어진동_건설청건너편BRT1,무인대여소,,세종특별자치시 어진동 533,36.50583394,127.2614267,0:00,23:59,연중무휴,유료,1000원,10,,N,,N,1899-9161,세종특별자치시청,2025-06-25,5690000,세종특별자치시
어진동_청사시외버스정류장건너편BRT2,무인대여소,,세종특별자치시 어진동 534,36.50377013,127.2601821,0:00,23:59,연중무휴,유료,1000원,10,,N,,N,1899-9161,세종특별자치시청,2025-06-25,5690000,세종특별자치시
어진동_청사시외버스정류장건너편BRT1,무인대여소,,세종특별자치시 어진동 535,36.50337546,127.2602834,0:00,23:59,연중무휴,유료,1000원,10,,N,,N,1899-9161,세종특별자치시청,2025-06-25,5690000,세종특별자치시
어진동_정부세종청사BRT환승센터,무인대여소,,세종특별자치시 어진동 536,36.50209174,127.2594886,0:00,23:59,연중무휴,유료,1000원,10,,N,,N,1899-9161,세종특별자치시청,2025-06-25,5690000,세종특별자치시
어진동_정부세종청사남측 BRT(다정동방향),무인대여소,,세종특별자치시 어진동 494,36.50315781,127.2606571,0:00,23:59,연중무휴,유료,1000원,10,,N,,N,1899-9161,세종특별자치시청,2025-06-25,5690000,세종특별자치시
새롬동_무지개타워앞,무인대여소,,세종특별자치시 새롬동 341-73,36.484813,127.2511787,0:00,23:59,연중무휴,유료,1000원,10,,N,,N,1899-9161,세종특별자치시청,2025-06-25,5690000,세종특별자치시
나성동_다정동 BRT2(새롬동방향),무인대여소,,세종특별자치시 나성동 726,36.48682368,127.2577791,0:00,23:59,연중무휴,유료,1000원,10,,N,,N,1899-9161,세종특별자치시청,2025-06-25,5690000,세종특별자치시
새롬동_새뜸1004 건너편,무인대여소,,세종특별자치시 새롬동 산18,36.487647,127.252734,0:00,23:59,연중무휴,유료,1000원,10,,N,,N,1899-9161,세종특별자치시청,2025-06-25,5690000,세종특별자치시
나성동_다정동 BRT1(새롬동방향),무인대여소,,세종특별자치시 나성동 726,36.48682368,127.2577791,0:00,23:59,연중무휴,유료,1000원,10,,N,,N,1899-9161,세종특별자치시청,2025-06-25,5690000,세종특별자치시
새롬동_새뜸1108동옆,무인대여소,,세종특별자치시 새롬동 산9,36.488107,127.253168,0:00,23:59,연중무휴,유료,1000원,10,,N,,N,1899-9161,세종특별자치시청,2025-06-25,5690000,세종특별자치시
새롬동_새뜸1108동앞,무인대여소,,세종특별자치시 새롬동 산3,36.488251,127.253609,0:00,23:59,연중무휴,유료,1000원,10,,N,,N,1899-9161,세종특별자치시청,2025-06-25,5690000,세종특별자치시
나성동_새뜸1404동앞,무인대여소,,세종특별자치시 나성동 735,36.490854,127.255995,0:00,23:59,연중무휴,유료,1000원,10,,N,,N,1899-9161,세종특별자치시청,2025-06-25,5690000,세종특별자치시
새롬동_새뜸1401동앞,무인대여소,,세종특별자치시 새롬동 137,36.4890921,127.2554721,0:00,23:59,연중무휴,유료,1000원,10,,N,,N,1899-9161,세종특별자치시청,2025-06-25,5690000,세종특별자치시
새롬동_성요한성당옆,무인대여소,,세종특별자치시 새롬동 산8,36.486866,127.255243,0:00,23:59,연중무휴,유료,1000원,10,,N,,N,1899-9161,세종특별자치시청,2025-06-25,5690000,세종특별자치시
나성동_명동프라자앞BRT,무인대여소,,세종특별자치시 나성동 743,36.48782261,127.2567401,0:00,23:59,연중무휴,유료,1000원,10,,N,,N,1899-9161,세종특별자치시청,2025-06-25,5690000,세종특별자치시
새롬동_새뜸1203동옆,무인대여소,,세종특별자치시 새롬동 74-24,36.484572,127.256726,0:00,23:59,연중무휴,유료,1000원,10,,N,,N,1899-9161,세종특별자치시청,2025-06-25,5690000,세종특별자치시
나성동_에스빌딩공원,무인대여소,,세종특별자치시 나성동 744,36.48733079,127.256992,0:00,23:59,연중무휴,유료,1000원,10,,N,,N,1899-9161,세종특별자치시청,2025-06-25,5690000,세종특별자치시
새롬동_새뜸803동 건너편,무인대여소,,세종특별자치시 새롬동 산75,36.484967,127.25497,0:00,23:59,연중무휴,유료,1000원,10,,N,,N,1899-9161,세종특별자치시청,2025-06-25,5690000,세종특별자치시
새롬동_새뜸803동사이,무인대여소,,세종특별자치시 새롬동 산75,36.484807,127.254928,0:00,23:59,연중무휴,유료,1000원,10,,N,,N,1899-9161,세종특별자치시청,2025-06-25,5690000,세종특별자치시
새롬동_새뜸901동옆,무인대여소,,세종특별자치시 새롬동 341-82,36.484743,127.255562,0:00,23:59,연중무휴,유료,1000원,10,,N,,N,1899-9161,세종특별자치시청,2025-06-25,5690000,세종특별자치시
나성동_에스제이타워앞BRT,무인대여소,,세종특별자치시 나성동 726,36.48682368,127.2577791,0:00,23:59,연중무휴,유료,1000원,10,,N,,N,1899-9161,세종특별자치시청,2025-06-25,5690000,세종특별자치시
새롬동_새뜸901동 건너편,무인대여소,,세종특별자치시 새롬동 산75,36.485127,127.255669,0:00,23:59,연중무휴,유료,1000원,10,,N,,N,1899-9161,세종특별자치시청,2025-06-25,5690000,세종특별자치시
나성동_한솔동환승주차장B BRT,무인대여소,,세종특별자치시 나성동 778,36.48125005,127.2623967,0:00,23:59,연중무휴,유료,1000원,10,,N,,N,1899-9161,세종특별자치시청,2025-06-25,5690000,세종특별자치시
나성동_한솔동환승주차장A BRT,무인대여소,,세종특별자치시 나성동 726,36.48682368,127.2577791,0:00,23:59,연중무휴,유료,1000원,10,,N,,N,1899-9161,세종특별자치시청,2025-06-25,5690000,세종특별자치시
나성동_소방청BRT1,무인대여소,,세종특별자치시 나성동 772,36.48366886,127.261943,0:00,23:59,연중무휴,유료,1000원,10,,N,,N,1899-9161,세종특별자치시청,2025-06-25,5690000,세종특별자치시
나성동_국세청앞BRT,무인대여소,,세종특별자치시 나성동 726,36.48682368,127.2577791,0:00,23:59,연중무휴,유료,1000원,10,,N,,N,1899-9161,세종특별자치시청,2025-06-25,5690000,세종특별자치시
종촌동_복합커뮤니티센터,무인대여소,,세종특별자치시 종촌동 677,36.5046345,127.2468694,0:00,23:59,연중무휴,유료,1000원,10,,N,,N,1899-9161,세종특별자치시청,2025-06-25,5690000,세종특별자치시
나성동_에스제이타워건너편BRT,무인대여소,,세종특별자치시 나성동 726,36.48682368,127.2577791,0:00,23:59,연중무휴,유료,1000원,10,,N,,N,1899-9161,세종특별자치시청,2025-06-25,5690000,세종특별자치시
나성동_에스빌딩건너편BRT,무인대여소,,세종특별자치시 나성동 377-2,36.48739709,127.25786,0:00,23:59,연중무휴,유료,1000원,10,,N,,N,1899-9161,세종특별자치시청,2025-06-25,5690000,세종특별자치시
종촌동_가재1101동앞,무인대여소,,세종특별자치시 종촌동 654,36.50413785,127.251715,0:00,23:59,연중무휴,유료,1000원,10,,N,,N,1899-9161,세종특별자치시청,2025-06-25,5690000,세종특별자치시
나성동_명동프라자건너편BRT,무인대여소,,세종특별자치시 나성동 726,36.48682368,127.2577791,0:00,23:59,연중무휴,유료,1000원,10,,N,,N,1899-9161,세종특별자치시청,2025-06-25,5690000,세종특별자치시
다정동_새뜸1010옆,무인대여소,,세종특별자치시 다정동 363-409,36.490511,127.252334,0:00,23:59,연중무휴,유료,1000원,10,,N,,N,1899-9161,세종특별자치시청,2025-06-25,5690000,세종특별자치시
다정동_가온707동,무인대여소,,세종특별자치시 다정동 363-37,36.490853,127.251984,0:00,23:59,연중무휴,유료,1000원,10,,N,,N,1899-9161,세종특별자치시청,2025-06-25,5690000,세종특별자치시
나성동_엘지베스트샵,무인대여소,,세종특별자치시 나성동 760,36.49146586,127.2568878,0:00,23:59,연중무휴,유료,1000원,10,,N,,N,1899-9161,세종특별자치시청,2025-06-25,5690000,세종특별자치시
다정동_가온1210동앞 공원,무인대여소,,세종특별자치시 다정동 363-139,36.494374,127.252272,0:00,23:59,연중무휴,유료,1000원,10,,N,,N,1899-9161,세종특별자치시청,2025-06-25,5690000,세종특별자치시
다정동_가온806동 새움초등학교 사이,무인대여소,,세종특별자치시 다정동 363-119,36.494407,127.251881,0:00,23:59,연중무휴,유료,1000원,10,,N,,N,1899-9161,세종특별자치시청,2025-06-25,5690000,세종특별자치시
다정동_가온803동남측,무인대여소,,세종특별자치시 다정동 17,36.494938,127.249746,0:00,23:59,연중무휴,유료,1000원,10,,N,,N,1899-9161,세종특별자치시청,2025-06-25,5690000,세종특별자치시
나성동_도시통합정보센터앞BRT2,무인대여소,,세종특별자치시 나성동 726,36.48682368,127.2577791,0:00,23:59,연중무휴,유료,1000원,10,,N,,N,1899-9161,세종특별자치시청,2025-06-25,5690000,세종특별자치시
나성동_도시통합정보센터앞BRT1,무인대여소,,세종특별자치시 나성동 726,36.48682368,127.2577791,0:00,23:59,연중무휴,유료,1000원,10,,N,,N,1899-9161,세종특별자치시청,2025-06-25,5690000,세종특별자치시
어진동_산자부앞BRT,무인대여소,,세종특별자치시 어진동 494,36.50315781,127.2606571,0:00,23:59,연중무휴,유료,1000원,10,,N,,N,1899-9161,세종특별자치시청,2025-06-25,5690000,세종특별자치시
어진동_정부세종청사버스터미널BRT2,무인대여소,,세종특별자치시 어진동 562,36.50364764,127.2616246,0:00,23:59,연중무휴,유료,1000원,10,,N,,N,1899-9161,세종특별자치시청,2025-06-25,5690000,세종특별자치시
어진동_정부세종청사버스터미널BRT1,무인대여소,,세종특별자치시 어진동 561-1,36.504197,127.2615003,0:00,23:59,연중무휴,유료,1000원,10,,N,,N,1899-9161,세종특별자치시청,2025-06-25,5690000,세종특별자치시
어진동_정부세종청사안내동앞BRT,무인대여소,,세종특별자치시 어진동 494,36.50315781,127.2606571,0:00,23:59,연중무휴,유료,1000원,10,,N,,N,1899-9161,세종특별자치시청,2025-06-25,5690000,세종특별자치시
다정동_가온901옆,무인대여소,,세종특별자치시 다정동 14-1,36.495781,127.251968,0:00,23:59,연중무휴,유료,1000원,10,,N,,N,1899-9161,세종특별자치시청,2025-06-25,5690000,세종특별자치시
어진동_건설청앞BRT,무인대여소,,세종특별자치시 어진동 560,36.50491252,127.2624411,0:00,23:59,연중무휴,유료,1000원,10,,N,,N,1899-9161,세종특별자치시청,2025-06-25,5690000,세종특별자치시
도담동_도램1002동앞BRT,무인대여소,,세종특별자치시 도담동 402,36.51380382,127.259194,0:00,23:59,연중무휴,유료,1000원,10,,N,,N,1899-9161,세종특별자치시청,2025-06-25,5690000,세종특별자치시
다정동_별찌뜰근린공원,무인대여소,,세종특별자치시 다정동 385-1,36.499373,127.239875,0:00,23:59,연중무휴,유료,1000원,10,,N,,N,1899-9161,세종특별자치시청,2025-06-25,5690000,세종특별자치시
다정동_가온210동앞 공원,무인대여소,,세종특별자치시 다정동 342,36.494065,127.242918,0:00,23:59,연중무휴,유료,1000원,10,,N,,N,1899-9161,세종특별자치시청,2025-06-25,5690000,세종특별자치시
다정동_가온214동,무인대여소,,세종특별자치시 다정동 산33-2,36.493701,127.240966,0:00,23:59,연중무휴,유료,1000원,10,,N,,N,1899-9161,세종특별자치시청,2025-06-25,5690000,세종특별자치시
새롬동_새롬고북측,무인대여소,,세종특별자치시 새롬동 산31,36.486916,127.248985,0:00,23:59,연중무휴,유료,1000원,10,,N,,N,1899-9161,세종특별자치시청,2025-06-25,5690000,세종특별자치시
도담동_도램상가앞BRT2,무인대여소,,세종특별자치시 도담동 660,36.51430543,127.2586021,0:00,23:59,연중무휴,유료,1000원,10,,N,,N,1899-9161,세종특별자치시청,2025-06-25,5690000,세종특별자치시
도담동_한신휴시티우측,무인대여소,,세종특별자치시 도담동 662,36.51430543,127.2586021,0:00,23:59,연중무휴,유료,1000원,10,,N,,N,1899-9161,세종특별자치시청,2025-06-25,5690000,세종특별자치시
나성동_행복의아침 빌딩,무인대여소,,세종특별자치시 나성동 726,36.48682368,127.2577791,0:00,23:59,연중무휴,유료,1000원,10,,N,,N,1899-9161,세종특별자치시청,2025-06-25,5690000,세종특별자치시
나성동_BRT앞,무인대여소,,세종특별자치시 나성동 744,36.48733079,127.256977,0:00,23:59,연중무휴,유료,1000원,10,,N,,N,1899-9161,세종특별자치시청,2025-06-25,5690000,세종특별자치시
나성동_에스빌딩앞,무인대여소,,세종특별자치시 나성동 745,36.486861,127.2572517,0:00,23:59,연중무휴,유료,1000원,10,,N,,N,1899-9161,세종특별자치시청,2025-06-25,5690000,세종특별자치시
나성동_세종SJ타워앞,무인대여소,,세종특별자치시 나성동 746,36.486458,127.2574544,0:00,23:59,연중무휴,유료,1000원,10,,N,,N,1899-9161,세종특별자치시청,2025-06-25,5690000,세종특별자치시
나성동_국세청앞,무인대여소,,세종특별자치시 나성동 770,36.48507978,127.2603064,0:00,23:59,연중무휴,유료,1000원,10,,N,,N,1899-9161,세종특별자치시청,2025-06-25,5690000,세종특별자치시
나성동_국세청앞 BRT,무인대여소,,세종특별자치시 나성동 770,36.48507978,127.2603064,0:00,23:59,연중무휴,유료,1000원,10,,N,,N,1899-9161,세종특별자치시청,2025-06-25,5690000,세종특별자치시
대평동_코스트코입구건너편,무인대여소,,세종특별자치시 대평동 584-11,36.46834594,127.268355,0:00,23:59,연중무휴,유료,1000원,10,,N,,N,1899-9161,세종특별자치시청,2025-06-25,5690000,세종특별자치시
다정동_당암육교건너편,무인대여소,,세종특별자치시 다정동 565,36.499407,127.232544,0:00,23:59,연중무휴,유료,1000원,10,,N,,N,1899-9161,세종특별자치시청,2025-06-25,5690000,세종특별자치시
어진동_홈플러스건너편스포츠센터옆,무인대여소,,세종특별자치시 어진동 688,36.507592,127.2569558,0:00,23:59,연중무휴,유료,1000원,10,,N,,N,1899-9161,세종특별자치시청,2025-06-25,5690000,세종특별자치시
세종동_호수공원중앙수목원로,무인대여소,,세종특별자치시 세종동 1201,36.49717958,127.2734851,0:00,23:59,연중무휴,유료,1000원,10,,N,,N,1899-9161,세종특별자치시청,2025-06-25,5690000,세종특별자치시
어진동_대통령기록관건너편3,무인대여소,,세종특별자치시 어진동 734,36.49970475,127.2711281,0:00,23:59,연중무휴,유료,1000원,10,,N,,N,1899-9161,세종특별자치시청,2025-06-25,5690000,세종특별자치시
어진동_대통령기록관건너편2,무인대여소,,세종특별자치시 어진동 734,36.49970475,127.2711281,0:00,23:59,연중무휴,유료,1000원,10,,N,,N,1899-9161,세종특별자치시청,2025-06-25,5690000,세종특별자치시
어진동_대통령기록관건너편1,무인대여소,,세종특별자치시 어진동 620,36.50109839,127.2699503,0:00,23:59,연중무휴,유료,1000원,10,,N,,N,1899-9161,세종특별자치시청,2025-06-25,5690000,세종특별자치시
아름동_범지기806동앞,무인대여소,,세종특별자치시 아름동 1458,36.51366991,127.2504673,0:00,23:59,연중무휴,유료,1000원,10,,N,,N,1899-9161,세종특별자치시청,2025-06-25,5690000,세종특별자치시
어진동_호수공원소나무숲길,무인대여소,,세종특별자치시 어진동 619,36.50109839,127.2699503,0:00,23:59,연중무휴,유료,1000원,10,,N,,N,1899-9161,세종특별자치시청,2025-06-25,5690000,세종특별자치시
아름동_범지기1203동앞,무인대여소,,세종특별자치시 아름동 1276,36.51190049,127.2509417,0:00,23:59,연중무휴,유료,1000원,10,,N,,N,1899-9161,세종특별자치시청,2025-06-25,5690000,세종특별자치시
세종동_호수공원방울새공원건너편,무인대여소,,세종특별자치시 세종동 1201,36.49717958,127.2734851,0:00,23:59,연중무휴,유료,1000원,10,,N,,N,1899-9161,세종특별자치시청,2025-06-25,5690000,세종특별자치시
도담동_범지기1208동앞,무인대여소,,세종특별자치시 도담동 929,36.51182235,127.2557221,0:00,23:59,연중무휴,유료,1000원,10,,N,,N,1899-9161,세종특별자치시청,2025-06-25,5690000,세종특별자치시
아름동_범지기1108동앞,무인대여소,,세종특별자치시 아름동 1363,36.51116829,127.2516749,0:00,23:59,연중무휴,유료,1000원,10,,N,,N,1899-9161,세종특별자치시청,2025-06-25,5690000,세종특별자치시
어진동_푸르지오시티1차2,무인대여소,,세종특별자치시 어진동 750,36.4953833,127.2639874,0:00,23:59,연중무휴,유료,1000원,10,,N,,N,1899-9161,세종특별자치시청,2025-06-25,5690000,세종특별자치시
어진동_푸르지오시티1차1,무인대여소,,세종특별자치시 어진동 750,36.4953833,127.2639874,0:00,23:59,연중무휴,유료,1000원,10,,N,,N,1899-9161,세종특별자치시청,2025-06-25,5690000,세종특별자치시
아름동_범지기408동건너편,무인대여소,,세종특별자치시 아름동 1458,36.51366991,127.2504673,0:00,23:59,연중무휴,유료,1000원,10,,N,,N,1899-9161,세종특별자치시청,2025-06-25,5690000,세종특별자치시
나성동_나성동갈매로,무인대여소,,세종특별자치시 나성동 213-2,36.48470871,127.2665609,0:00,23:59,연중무휴,유료,1000원,10,,N,,N,1899-9161,세종특별자치시청,2025-06-25,5690000,세종특별자치시
종촌동_가재302동앞,무인대여소,,세종특별자치시 종촌동 680,36.504368,127.241438,0:00,23:59,연중무휴,유료,1000원,10,,N,,N,1899-9161,세종특별자치시청,2025-06-25,5690000,세종특별자치시
나성동_LH분양홍보관(남쪽),무인대여소,,세종특별자치시 나성동 706,36.48060222,127.2667582,0:00,23:59,연중무휴,유료,1000원,10,,N,,N,1899-9161,세종특별자치시청,2025-06-25,5690000,세종특별자치시
나성동_금강프라자건너편BRT,무인대여소,,세종특별자치시 나성동 143-1,36.47970623,127.2631768,0:00,23:59,연중무휴,유료,1000원,10,,N,,N,1899-9161,세종특별자치시청,2025-06-25,5690000,세종특별자치시
나성동_한솔동환승주차장남측B,무인대여소,,세종특별자치시 나성동 778,36.481211,127.2623967,0:00,23:59,연중무휴,유료,1000원,10,,N,,N,1899-9161,세종특별자치시청,2025-06-25,5690000,세종특별자치시
나성동_소방청 BRT2,무인대여소,,세종특별자치시 나성동 772,36.48366886,127.261943,0:00,23:59,연중무휴,유료,1000원,10,,N,,N,1899-9161,세종특별자치시청,2025-06-25,5690000,세종특별자치시
낙동강 녹색자전거길 자전거 무료대여소,유인대여소,,경상남도 창원시 의창구 북면 하천리 14-16,35.367488,128.628283,10:00,17:00,11월 ~ 3월,무료,무료,150,150,Y,수동식,N,000-0000-0000,창원시 생활자전거타기 실천협의회,2025-02-14,5670000,경상남도 창원시
삼부프라자,무인대여소,"대전광역시 중구 태평로71, (태평동)",대전광역시 중구 태평동 395-1,36.32330537,127.3933971,5:00,23:59,"연중무휴(설, 추석 당일 2일 제외)",유료,1시간 500원,12,12,N,,N,042-610-1824,대전광역시 시설관리공단,2020-11-20,6300000,대전광역시
태평1동주민센터,무인대여소,,대전광역시 중구 태평동 331-41,36.32608825,127.3965722,5:00,23:59,"연중무휴(설, 추석 당일 2일 제외)",유료,1시간 500원,12,12,N,,N,042-610-1824,대전광역시 시설관리공단,2020-11-20,6300000,대전광역시
강남한의원,무인대여소,"대전광역시 중구 동서대로1198, (태평동)",대전광역시 중구 태평동 532,36.32612404,127.3929521,5:00,23:59,"연중무휴(설, 추석 당일 2일 제외)",유료,1시간 500원,12,12,N,,N,042-610-1824,대전광역시 시설관리공단,2020-11-20,6300000,대전광역시
유평초등학교,무인대여소,,대전광역시 중구 태평동 254-15,36.33018063,127.398501,5:00,23:59,"연중무휴(설, 추석 당일 2일 제외)",유료,1시간 500원,12,12,N,,N,042-610-1824,대전광역시 시설관리공단,2020-11-20,6300000,대전광역시
선비마을5단지,무인대여소,"대전광역시 대덕구 선비마을로72, (송촌동)",대전광역시 대덕구 송촌동 510,36.36705563,127.446225,5:00,23:59,"연중무휴(설, 추석 당일 2일 제외)",유료,1시간 500원,12,12,N,,N,042-610-1824,대전광역시 시설관리공단,2020-11-20,6300000,대전광역시
동춘당공원,무인대여소,,대전광역시 대덕구 송촌동 192-2,36.36481482,127.4411148,5:00,23:59,"연중무휴(설, 추석 당일 2일 제외)",유료,1시간 500원,14,14,N,,N,042-610-1824,대전광역시 시설관리공단,2020-11-20,6300000,대전광역시
송촌소방서,무인대여소,,대전광역시 대덕구 송촌동 539,36.36355306,127.4411127,5:00,23:59,"연중무휴(설, 추석 당일 2일 제외)",유료,1시간 500원,12,12,N,,N,042-610-1824,대전광역시 시설관리공단,2020-11-20,6300000,대전광역시
수도시설관리사업소,무인대여소,"대전광역시 대덕구 계족산로31, (중리동)",대전광역시 대덕구 중리동 118-12,36.36225259,127.4347816,5:00,23:59,"연중무휴(설, 추석 당일 2일 제외)",유료,1시간 500원,12,12,N,,N,042-610-1824,대전광역시 시설관리공단,2020-11-20,6300000,대전광역시
중리동(하나로병원),무인대여소,"대전광역시 대덕구 계족산로5번길27, (중리동)",대전광역시 대덕구 중리동 107-8,36.36313841,127.4315214,5:00,23:59,"연중무휴(설, 추석 당일 2일 제외)",유료,1시간 500원,12,12,N,,N,042-610-1824,대전광역시 시설관리공단,2020-11-20,6300000,대전광역시
선비마을3단지,무인대여소,,대전광역시 대덕구 송촌동 461-2,36.36839282,127.4411228,5:00,23:59,"연중무휴(설, 추석 당일 2일 제외)",유료,1시간 500원,12,12,N,,N,042-610-1824,대전광역시 시설관리공단,2020-11-20,6300000,대전광역시
선비마을입구,무인대여소,"대전광역시 대덕구 계족산로81번길116, (송촌동)",대전광역시 대덕구 송촌동 446-3,36.36731652,127.4364612,5:00,23:59,"연중무휴(설, 추석 당일 2일 제외)",유료,1시간 500원,12,12,N,,N,042-610-1824,대전광역시 시설관리공단,2020-11-20,6300000,대전광역시
보람아파트,무인대여소,"대전광역시 대덕구 계족산로5번길111, (법동)",대전광역시 대덕구 법동 202-4,36.36687371,127.4304914,5:00,23:59,"연중무휴(설, 추석 당일 2일 제외)",유료,1시간 500원,12,12,N,,N,042-610-1824,대전광역시 시설관리공단,2020-11-20,6300000,대전광역시
중리시장,무인대여소,"대전광역시 대덕구 중리북로37, (중리동)",대전광역시 대덕구 중리동 370-24,36.36641067,127.4260039,5:00,23:59,"연중무휴(설, 추석 당일 2일 제외)",유료,1시간 500원,12,12,N,,N,042-610-1824,대전광역시 시설관리공단,2020-11-20,6300000,대전광역시
대전중앙병원,무인대여소,"대전광역시 대덕구 계족로637, (법동)",대전광역시 대덕구 법동 285-3,36.36932384,127.4283339,5:00,23:59,"연중무휴(설, 추석 당일 2일 제외)",유료,1시간 500원,10,10,N,,N,042-610-1824,대전광역시 시설관리공단,2020-11-20,6300000,대전광역시
동천둔치,무인대여소,,전라남도 순천시 용당동 동천변,34.97403409,127.4946942,0:00,23:59,연중무휴,유료,일일이용 : 1000원,8,15,Y,수동식,N,061-749-4883,전라남도 순천시청 교통정책과,2025-09-03,5790000,전남광주통합특별시 순천시
덕연체육관,무인대여소,,전라남도 순천시 덕연동 88,34.95290315,127.5077433,0:00,23:59,연중무휴,유료,일일이용 : 1000원,5,15,Y,수동식,N,061-749-4883,전라남도 순천시청 교통정책과,2025-09-03,5790000,전남광주통합특별시 순천시
연향도서관,무인대여소,,전라남도 순천시 연향동 1342,34.95200038,127.5186975,0:00,23:59,연중무휴,유료,일일이용 : 1000원,5,15,Y,수동식,N,061-749-4883,전라남도 순천시청 교통정책과,2025-09-03,5790000,전남광주통합특별시 순천시
가람동_세종이마트앞,무인대여소,,세종특별자치시 가람동 65,36.46939307,127.2531644,0:00,23:59,연중무휴,유료,1000원,10,,N,,N,1899-9161,세종특별자치시청,2025-06-25,5690000,세종특별자치시
보람동_광역복지센터 옆,무인대여소,,세종특별자치시 보람동 630-1,36.479361,127.291207,0:00,23:59,연중무휴,유료,1000원,10,,N,,N,1899-9161,세종특별자치시청,2025-06-25,5690000,세종특별자치시
보람동_세종우체국 옆,무인대여소,,세종특별자치시 보람동 625-7,36.479857,127.291021,0:00,23:59,연중무휴,유료,1000원,10,,N,,N,1899-9161,세종특별자치시청,2025-06-25,5690000,세종특별자치시
반곡동_수루배  BRT 2(집현동방향),무인대여소,,세종특별자치시 반곡동 42-1,36.497302,127.310543,0:00,23:59,연중무휴,유료,1000원,10,,N,,N,1899-9161,세종특별자치시청,2025-06-25,5690000,세종특별자치시
반곡동_수루배  BRT 1(시청방향),무인대여소,,세종특별자치시 반곡동 41-10,36.497748,127.3103521,0:00,23:59,연중무휴,유료,1000원,10,,N,,N,1899-9161,세종특별자치시청,2025-06-25,5690000,세종특별자치시
세종동_세종호수공원 제1주차장,무인대여소,,세종특별자치시 세종동 1201,36.49717958,127.2734851,0:00,23:59,연중무휴,유료,1000원,10,,N,,N,1899-9161,세종특별자치시청,2025-06-25,5690000,세종특별자치시
종촌동_가재701동앞,무인대여소,,세종특별자치시 종촌동 649-2,36.505187,127.2490036,0:00,23:59,연중무휴,유료,1000원,10,,N,,N,1899-9161,세종특별자치시청,2025-06-25,5690000,세종특별자치시
대평동_해들609동 앞,무인대여소,,세종특별자치시 대평동 668,36.47492721,127.2781317,0:00,23:59,연중무휴,유료,1000원,10,,N,,N,1899-9161,세종특별자치시청,2025-06-25,5690000,세종특별자치시
대평동_해들601동 앞,무인대여소,,세종특별자치시 대평동 668,36.47492721,127.2781317,0:00,23:59,연중무휴,유료,1000원,10,,N,,N,1899-9161,세종특별자치시청,2025-06-25,5690000,세종특별자치시
대평동_해들 408동 앞,무인대여소,,세종특별자치시 대평동 704-1,36.47278145,127.2841191,0:00,23:59,연중무휴,유료,1000원,10,,N,,N,1899-9161,세종특별자치시청,2025-06-25,5690000,세종특별자치시
대평동_해들4단지 입구,무인대여소,,세종특별자치시 대평동 90-1,36.471162,127.280742,0:00,23:59,연중무휴,유료,1000원,10,,N,,N,1899-9161,세종특별자치시청,2025-06-25,5690000,세종특별자치시
고운동_당암육교,무인대여소,,세종특별자치시 고운동 739-307,36.49982,127.231836,0:00,23:59,연중무휴,유료,1000원,10,,N,,N,1899-9161,세종특별자치시청,2025-06-25,5690000,세종특별자치시
새롬동_새뜸 508동앞,무인대여소,,세종특별자치시 새롬동 617,36.48609085,127.2506664,0:00,23:59,연중무휴,유료,1000원,10,,N,,N,1899-9161,세종특별자치시청,2025-06-25,5690000,세종특별자치시
아름동_해피라움3 앞,무인대여소,,세종특별자치시 아름동 1359,36.51138234,127.2489137,0:00,23:59,연중무휴,유료,1000원,10,,N,,N,1899-9161,세종특별자치시청,2025-06-25,5690000,세종특별자치시
새롬동_새롬빌딩,무인대여소,,세종특별자치시 새롬동 산 26,36.485967,127.250099,0:00,23:59,연중무휴,유료,1000원,10,,N,,N,1899-9161,세종특별자치시청,2025-06-25,5690000,세종특별자치시
새롬동_세움빌딩후면,무인대여소,,세종특별자치시 새롬동 산75,36.484933,127.250585,0:00,23:59,연중무휴,유료,1000원,10,,N,,N,1899-9161,세종특별자치시청,2025-06-25,5690000,세종특별자치시
어진동_푸르지오시티2차,무인대여소,,세종특별자치시 어진동 747,36.49592829,127.2656268,0:00,23:59,연중무휴,유료,1000원,10,,N,,N,1899-9161,세종특별자치시청,2025-06-25,5690000,세종특별자치시
종촌동_가재 호반201동입구,무인대여소,,세종특별자치시 종촌동 683,36.50217538,127.2445724,0:00,23:59,연중무휴,유료,1000원,10,,N,,N,1899-9161,세종특별자치시청,2025-06-25,5690000,세종특별자치시
종촌동_리버사이드빌딩앞,무인대여소,,세종특별자치시 종촌동 701,36.50430865,127.2523471,0:00,23:59,연중무휴,유료,1000원,10,,N,,N,1899-9161,세종특별자치시청,2025-06-25,5690000,세종특별자치시
종촌동_공영주차장,무인대여소,,세종특별자치시 종촌동 664,36.503709,127.2497076,0:00,23:59,연중무휴,유료,1000원,10,,N,,N,1899-9161,세종특별자치시청,2025-06-25,5690000,세종특별자치시
종촌동_호만빌딩앞,무인대여소,,세종특별자치시 종촌동 658,36.504512,127.2496483,0:00,23:59,연중무휴,유료,1000원,10,,N,,N,1899-9161,세종특별자치시청,2025-06-25,5690000,세종특별자치시
도담동_도램1107동앞,무인대여소,,세종특별자치시 도담동 653,36.51311314,127.2607041,0:00,23:59,연중무휴,유료,1000원,10,,N,,N,1899-9161,세종특별자치시청,2025-06-25,5690000,세종특별자치시
어진동_세종뱅크빌딩 건너편,무인대여소,,세종특별자치시 어진동 681,36.49593199,127.2565599,0:00,23:59,연중무휴,유료,1000원,10,,N,,N,1899-9161,세종특별자치시청,2025-06-25,5690000,세종특별자치시
나성동_다정교,무인대여소,,세종특별자치시 나성동 726,36.48682368,127.2577791,0:00,23:59,연중무휴,유료,1000원,10,,N,,N,1899-9161,세종특별자치시청,2025-06-25,5690000,세종특별자치시
어진동_세종뱅크빌딩2,무인대여소,,세종특별자치시 어진동 686,36.4954265,127.2572301,0:00,23:59,연중무휴,유료,1000원,10,,N,,N,1899-9161,세종특별자치시청,2025-06-25,5690000,세종특별자치시
어진동_세종뱅크빌딩,무인대여소,,세종특별자치시 어진동 495,36.49621013,127.2569773,0:00,23:59,연중무휴,유료,1000원,10,,N,,N,1899-9161,세종특별자치시청,2025-06-25,5690000,세종특별자치시
연향파출소 앞,무인대여소,,전라남도 순천시 연향동 1255,34.9455361,127.5117066,0:00,23:59,연중무휴,유료,일일이용 : 1000원,5,15,Y,수동식,N,061-749-4883,전라남도 순천시청 교통정책과,2025-09-03,5790000,전남광주통합특별시 순천시
반곡동_수루배 111동앞,무인대여소,,세종특별자치시 반곡동 398,36.497413,127.309124,0:00,23:59,연중무휴,유료,1000원,10,,N,,N,1899-9161,세종특별자치시청,2025-06-25,5690000,세종특별자치시
조치원_고려대학교,무인대여소,,세종특별자치시 조치원읍 서창리 50-5,36.61145336,127.2930359,0:00,23:59,연중무휴,유료,1000원,10,,N,,N,1899-9161,세종특별자치시청,2025-06-25,5690000,세종특별자치시
어진동_세종파이낸스 2차 동편,무인대여소,,세종특별자치시 어진동 668,36.49574535,127.2604127,0:00,23:59,연중무휴,유료,1000원,10,,N,,N,1899-9161,세종특별자치시청,2025-06-25,5690000,세종특별자치시
어진동_세종파이낸스 2차 서편,무인대여소,,세종특별자치시 어진동 667,36.49684368,127.2615332,0:00,23:59,연중무휴,유료,1000원,10,,N,,N,1899-9161,세종특별자치시청,2025-06-25,5690000,세종특별자치시
소담동_새샘106동,무인대여소,,세종특별자치시 소담동 597,36.48017059,127.3012429,0:00,23:59,연중무휴,유료,1000원,10,,N,,N,1899-9161,세종특별자치시청,2025-06-25,5690000,세종특별자치시
반곡동_수루배619동,무인대여소,,세종특별자치시 반곡동 1039,36.49571856,127.3178366,0:00,23:59,연중무휴,유료,1000원,10,,N,,N,1899-9161,세종특별자치시청,2025-06-25,5690000,세종특별자치시
어진동_정부세종청사버스터미널BRT3,무인대여소,,세종특별자치시 어진동 561-1,36.504197,127.261514,0:00,23:59,연중무휴,유료,1000원,10,,N,,N,1899-9161,세종특별자치시청,2025-06-25,5690000,세종특별자치시
고운동_가락 111동,무인대여소,,세종특별자치시 고운동 1729,36.50482142,127.2327859,0:00,23:59,연중무휴,유료,1000원,10,,N,,N,1899-9161,세종특별자치시청,2025-06-25,5690000,세종특별자치시
새롬동_새뜸 418동,무인대여소,,세종특별자치시 새롬동 283-3,36.489613,127.245599,0:00,23:59,연중무휴,유료,1000원,10,,N,,N,1899-9161,세종특별자치시청,2025-06-25,5690000,세종특별자치시
새롬동_에스월드빌딩,무인대여소,,세종특별자치시 새롬동 산 21,36.48535,127.250358,0:00,23:59,연중무휴,유료,1000원,10,,N,,N,1899-9161,세종특별자치시청,2025-06-25,5690000,세종특별자치시
고운동_가락 908동,무인대여소,,세종특별자치시 고운동 1408,36.51210563,127.2290131,0:00,23:59,연중무휴,유료,1000원,10,,N,,N,1899-9161,세종특별자치시청,2025-06-25,5690000,세종특별자치시
조치원_중앙요양병원,무인대여소,,세종특별자치시 조치원읍 신안리 487,36.61408894,127.2896922,0:00,23:59,연중무휴,유료,1000원,10,,N,,N,1899-9161,세종특별자치시청,2025-06-25,5690000,세종특별자치시
조치원_홍익대학교 정문,무인대여소,,세종특별자치시 조치원읍 신안리 314-1,36.62085777,127.2906054,0:00,23:59,연중무휴,유료,1000원,10,,N,,N,1899-9161,세종특별자치시청,2025-06-25,5690000,세종특별자치시
조치원_세종서창행복주택,무인대여소,,세종특별자치시 조치원읍 서창리 92-5,36.61036402,127.2967948,0:00,23:59,연중무휴,유료,1000원,10,,N,,N,1899-9161,세종특별자치시청,2025-06-25,5690000,세종특별자치시
조치원_조치원역 서편,무인대여소,,세종특별자치시 조치원읍 원리 151-5,36.60268304,127.2948601,0:00,23:59,연중무휴,유료,1000원,10,,N,,N,1899-9161,세종특별자치시청,2025-06-25,5690000,세종특별자치시
조치원_욱일아파트,무인대여소,,세종특별자치시 조치원읍 침산리 34-5,36.60358975,127.2896808,0:00,23:59,연중무휴,유료,1000원,10,,N,,N,1899-9161,세종특별자치시청,2025-06-25,5690000,세종특별자치시
조치원_신흥리_조치원중학교 앞,무인대여소,,세종특별자치시 조치원읍 신흥리 229,36.59492948,127.287753,0:00,23:59,연중무휴,유료,1000원,10,,N,,N,1899-9161,세종특별자치시청,2025-06-25,5690000,세종특별자치시
조치원_삼일아파트,무인대여소,,세종특별자치시 조치원읍 죽림리 21-5,36.59518975,127.2969191,0:00,23:59,연중무휴,유료,1000원,10,,N,,N,1899-9161,세종특별자치시청,2025-06-25,5690000,세종특별자치시
조치원_고용노동부,무인대여소,,세종특별자치시 조치원읍 상리 96,36.60153996,127.3031828,0:00,23:59,연중무휴,유료,1000원,10,,N,,N,1899-9161,세종특별자치시청,2025-06-25,5690000,세종특별자치시
반곡동_수루배 323동앞,무인대여소,,세종특별자치시 반곡동 41-7,36.498208,127.309493,0:00,23:59,연중무휴,유료,1000원,10,,N,,N,1899-9161,세종특별자치시청,2025-06-25,5690000,세종특별자치시
다정동_가온403동 앞,무인대여소,,세종특별자치시 다정동 363-195,36.493333,127.248994,0:00,23:59,연중무휴,유료,1000원,10,,N,,N,1899-9161,세종특별자치시청,2025-06-25,5690000,세종특별자치시
다정동_가온415동 옆,무인대여소,,세종특별자치시 다정동 363-250,36.491229,127.249509,0:00,23:59,연중무휴,유료,1000원,10,,N,,N,1899-9161,세종특별자치시청,2025-06-25,5690000,세종특별자치시
다정동_새움중학교,무인대여소,,세종특별자치시 다정동 363-261,36.490402,127.247528,0:00,23:59,연중무휴,유료,1000원,10,,N,,N,1899-9161,세종특별자치시청,2025-06-25,5690000,세종특별자치시
공산성,무인대여소,,충청남도 공주시 금성동 66-2 외,36.46397214,127.1232422,7:00,20:00,연중무휴,무료,무료,5,20,Y,기계식,N,041-840-8507,공주시장,2022-11-23,4500000,충청남도 공주시
공주시청,무인대여소,,충청남도 공주시 봉황동 320-1,36.44705455,127.1203411,7:00,20:00,연중무휴,무료,무료,4,10,Y,기계식,N,041-840-8507,공주시장,2022-11-23,4500000,충청남도 공주시
무령왕릉,무인대여소,,충청남도 공주시 웅진동 318-1 외,36.46107111,127.1124822,7:00,20:00,연중무휴,무료,무료,4,10,Y,기계식,N,041-840-8507,공주시장,2022-11-23,4500000,충청남도 공주시
옥룡GS마켓,무인대여소,,충청남도 공주시 옥룡동 422-1,36.45667447,127.1324091,7:00,20:00,연중무휴,무료,무료,5,10,Y,기계식,N,041-840-8507,공주시장,2022-11-23,4500000,충청남도 공주시
대덕경찰서(법동),무인대여소,,대전광역시 대덕구 법동 212,36.36982477,127.4294335,5:00,23:59,"연중무휴(설, 추석 당일 2일 제외)",유료,1시간 500원,12,12,N,,N,042-610-1824,대전광역시 시설관리공단,2020-11-20,6300000,대전광역시
도담동_도램 1315동 앞,무인대여소,,세종특별자치시 도담동 402,36.51380382,127.259114,0:00,23:59,연중무휴,유료,1000원,10,,N,,N,1899-9161,세종특별자치시청,2025-06-25,5690000,세종특별자치시
소담동_새샘 606동 앞,무인대여소,,세종특별자치시 소담동 28-1,36.484171,127.304708,0:00,23:59,연중무휴,유료,1000원,10,,N,,N,1899-9161,세종특별자치시청,2025-06-25,5690000,세종특별자치시
고운동_가락 1806동 앞,무인대여소,,세종특별자치시 고운동 941,36.51989725,127.2337546,0:00,23:59,연중무휴,유료,1000원,10,,N,,N,1899-9161,세종특별자치시청,2025-06-25,5690000,세종특별자치시
고운동_가락 1802동 앞,무인대여소,,세종특별자치시 고운동 907,36.5206431,127.2332834,0:00,23:59,연중무휴,유료,1000원,10,,N,,N,1899-9161,세종특별자치시청,2025-06-25,5690000,세종특별자치시
아름동_범지기 501동 앞,무인대여소,,세종특별자치시 아름동 1346,36.50999497,127.245898,0:00,23:59,연중무휴,유료,1000원,10,,N,,N,1899-9161,세종특별자치시청,2025-06-25,5690000,세종특별자치시
어진동_과학기술정보통신부(4동),무인대여소,,세종특별자치시 어진동 712,36.50636897,127.2672558,0:00,23:59,연중무휴,유료,1000원,10,,N,,N,1899-9161,세종특별자치시청,2025-06-25,5690000,세종특별자치시
집현동_산학연지원센터 남측.,무인대여소,,세종특별자치시 집현동1008-5,36.49894,127.32876,0:00,23:59,연중무휴,유료,1000원,10,,N,,N,1899-9161,세종특별자치시청,2025-06-25,5690000,세종특별자치시
집현동_산학연지원센터 북측.,무인대여소,,세종특별자치시 집현동  1060,36.49996175,127.328621,0:00,23:59,연중무휴,유료,1000원,10,,N,,N,1899-9161,세종특별자치시청,2025-06-25,5690000,세종특별자치시
반곡동_수루배 303동 앞,무인대여소,,세종특별자치시 반곡동 36-7,36.49915,127.307685,0:00,23:59,연중무휴,유료,1000원,10,,N,,N,1899-9161,세종특별자치시청,2025-06-25,5690000,세종특별자치시
보람동_세종시청 서편 주차장,무인대여소,,세종특별자치시 보람동 627-2,36.479679,127.287455,0:00,23:59,연중무휴,유료,1000원,10,,N,,N,1899-9161,세종특별자치시청,2025-06-25,5690000,세종특별자치시
가람동_지역난방공사 앞,무인대여소,,세종특별자치시 가람동 956,36.46663043,127.2450484,0:00,23:59,연중무휴,유료,1000원,10,,N,,N,1899-9161,세종특별자치시청,2025-06-25,5690000,세종특별자치시
나성동_어반아트리움 거치대,무인대여소,,세종특별자치시 나성동 381,36.488291,127.25981,0:00,23:59,연중무휴,유료,1000원,10,,N,,N,1899-9161,세종특별자치시청,2025-06-25,5690000,세종특별자치시
어진동_지방자치회관,무인대여소,,세종특별자치시 어진동 661,36.49420674,127.2631198,0:00,23:59,연중무휴,유료,1000원,10,,N,,N,1899-9161,세종특별자치시청,2025-06-25,5690000,세종특별자치시
어진동_한뜰106동 앞,무인대여소,,세종특별자치시 어진동 554,36.50721106,127.2664022,0:00,23:59,연중무휴,유료,1000원,10,,N,,N,1899-9161,세종특별자치시청,2025-06-25,5690000,세종특별자치시
반곡동_수루배 401동앞,무인대여소,,세종특별자치시 반곡동 52-17,36.498583,127.313487,0:00,23:59,연중무휴,유료,1000원,10,,N,,N,1899-9161,세종특별자치시청,2025-06-25,5690000,세종특별자치시
반곡동_수루배 416동앞 로터리,무인대여소,,세종특별자치시 반곡동 60-4,36.500299,127.315948,0:00,23:59,연중무휴,유료,1000원,10,,N,,N,1899-9161,세종특별자치시청,2025-06-25,5690000,세종특별자치시
반곡동_반곡중학교앞,무인대여소,,세종특별자치시 반곡동 50-10,36.5011,127.311014,0:00,23:59,연중무휴,유료,1000원,10,,N,,N,1899-9161,세종특별자치시청,2025-06-25,5690000,세종특별자치시
한솔동_복합커뮤니티센터 정음관,무인대여소,,세종특별자치시 한솔동 962,36.4782281,127.255734,0:00,23:59,연중무휴,유료,1000원,10,,N,,N,1899-9161,세종특별자치시청,2025-06-25,5690000,세종특별자치시
보람동_호려울 102동 맞은 편,무인대여소,,세종특별자치시 보람동 664-102,36.475025,127.285131,0:00,23:59,연중무휴,유료,1000원,10,,N,,N,1899-9161,세종특별자치시청,2025-06-25,5690000,세종특별자치시
반곡동_수루배 102동,무인대여소,,세종특별자치시 반곡동 710-2,36.49671538,127.3043443,0:00,23:59,연중무휴,유료,1000원,10,,N,,N,1899-9161,세종특별자치시청,2025-06-25,5690000,세종특별자치시
반곡동_수루배 105동앞,무인대여소,,세종특별자치시 반곡동 401-1,36.496003,127.306808,0:00,23:59,연중무휴,유료,1000원,10,,N,,N,1899-9161,세종특별자치시청,2025-06-25,5690000,세종특별자치시
오룡역 7번출구,무인대여소,"대전광역시 중구 계룡로799, (용두동)",대전광역시 중구 용두동 113-12,36.32836057,127.4058216,5:00,23:59,"연중무휴(설, 추석 당일 2일 제외)",유료,1시간 500원,13,13,N,,N,042-610-1824,대전광역시 시설관리공단,2020-11-20,6300000,대전광역시
삼정삼거리,무인대여소,,대전광역시 대덕구 삼정동 산27-4,36.44966685,127.4567619,5:00,23:59,"연중무휴(설, 추석 당일 2일 제외)",유료,1시간 500원,13,13,N,,N,042-610-1824,대전광역시 시설관리공단,2020-11-20,6300000,대전광역시
에코공원,무인대여소,,대전광역시 대덕구 신탄진동 산1-7,36.44877199,127.444408,5:00,23:59,"연중무휴(설, 추석 당일 2일 제외)",유료,1시간 500원,12,12,N,,N,042-610-1824,대전광역시 시설관리공단,2020-11-20,6300000,대전광역시
용정초등학교,무인대여소,"대전광역시 대덕구 대청로65, (신탄진동)",대전광역시 대덕구 신탄진동 52-1,36.45422136,127.4360356,5:00,23:59,"연중무휴(설, 추석 당일 2일 제외)",유료,1시간 500원,13,13,N,,N,042-610-1824,대전광역시 시설관리공단,2020-11-20,6300000,대전광역시
신탄진고네거리,무인대여소,,대전광역시 대덕구 신탄진동 149-6,36.44852453,127.4358201,5:00,23:59,"연중무휴(설, 추석 당일 2일 제외)",유료,1시간 500원,12,12,N,,N,042-610-1824,대전광역시 시설관리공단,2020-11-20,6300000,대전광역시
과선교버스정류장,무인대여소,"대전광역시 대덕구 남경마을로8, (신탄진동)",대전광역시 대덕구 신탄진동 264-64,36.44291778,127.429893,5:00,23:59,"연중무휴(설, 추석 당일 2일 제외)",유료,1시간 500원,13,13,N,,N,042-610-1824,대전광역시 시설관리공단,2020-11-20,6300000,대전광역시
신탄진역,무인대여소,"대전광역시 대덕구 신탄진로795, (신탄진동)",대전광역시 대덕구 신탄진동 147-6,36.44846538,127.4290493,5:00,23:59,"연중무휴(설, 추석 당일 2일 제외)",유료,1시간 500원,13,13,N,,N,042-610-1824,대전광역시 시설관리공단,2020-11-20,6300000,대전광역시
죽동 금성백조,무인대여소,"대전광역시 유성구 죽동로321, (죽동, 죽동금성백조예미지)",대전광역시 유성구 죽동 750,36.36877159,127.3353199,5:00,23:59,"연중무휴(설, 추석 당일 2일 제외)",유료,1시간 500원,13,13,N,,N,042-610-1824,대전광역시 시설관리공단,2020-11-20,6300000,대전광역시
도안초등학교,무인대여소,"대전광역시 서구 도안동로177, (도안동, 엘드수목토)",대전광역시 서구 도안동 1364,36.31912112,127.3450066,5:00,23:59,"연중무휴(설, 추석 당일 2일 제외)",유료,1시간 500원,11,11,N,,N,042-610-1824,대전광역시 시설관리공단,2020-11-20,6300000,대전광역시
중촌네거리(목동우체국 방면),무인대여소,,대전광역시 중구 중촌동 398-14,36.3359939,127.4149202,5:00,23:59,"연중무휴(설, 추석 당일 2일 제외)",유료,1시간 500원,13,13,N,,N,042-610-1824,대전광역시 시설관리공단,2020-11-20,6300000,대전광역시
오정동 운암빌딩,무인대여소,"대전광역시 대덕구 한밭대로1015, (오정동)",대전광역시 대덕구 오정동 61-13,36.35857921,127.4112306,5:00,23:59,"연중무휴(설, 추석 당일 2일 제외)",유료,1시간 500원,12,12,N,,N,042-610-1824,대전광역시 시설관리공단,2020-11-20,6300000,대전광역시
한남오거리,무인대여소,,대전광역시 대덕구 오정동 731,36.34998452,127.4155734,5:00,23:59,"연중무휴(설, 추석 당일 2일 제외)",유료,1시간 500원,13,13,N,,N,042-610-1824,대전광역시 시설관리공단,2020-11-20,6300000,대전광역시
대동역 4번출구,무인대여소,,대전광역시 동구 대동 148-112,36.32972572,127.442334,5:00,23:59,"연중무휴(설, 추석 당일 2일 제외)",유료,1시간 500원,13,13,N,,N,042-610-1824,대전광역시 시설관리공단,2020-11-20,6300000,대전광역시
대전역(대한통운 맞은편),무인대여소,"대전광역시 동구 대전로815, (정동)",대전광역시 동구 정동 15-23,36.33240746,127.431889,5:00,23:59,"연중무휴(설, 추석 당일 2일 제외)",유료,1시간 500원,12,12,N,,N,042-610-1824,대전광역시 시설관리공단,2020-11-20,6300000,대전광역시
우송대 정문(건너편),무인대여소,"대전광역시 동구 동대전로172, (자양동)",대전광역시 동구 자양동 58-12,36.33698835,127.447852,5:00,23:59,"연중무휴(설, 추석 당일 2일 제외)",유료,1시간 500원,14,14,N,,N,042-610-1824,대전광역시 시설관리공단,2020-11-20,6300000,대전광역시
도안 우미린(1806동),무인대여소,"대전광역시 서구 도안동로77, (도안동, 도안18단지린풀하우스)",대전광역시 서구 가수원동 1342,36.31116416,127.3485139,5:00,23:59,"연중무휴(설, 추석 당일 2일 제외)",유료,1시간 500원,13,13,N,,N,042-610-1824,대전광역시 시설관리공단,2020-11-20,6300000,대전광역시
도안 트리풀시티5단지(509동),무인대여소,,대전광역시 유성구 상대동 495,36.34553977,127.3389928,5:00,23:59,"연중무휴(설, 추석 당일 2일 제외)",유료,1시간 500원,13,13,N,,N,042-610-1824,대전광역시 시설관리공단,2020-11-20,6300000,대전광역시
도안 금성백조(701동),무인대여소,,대전광역시 유성구 봉명동 1038-1,36.34820337,127.3448082,5:00,23:59,"연중무휴(설, 추석 당일 2일 제외)",유료,1시간 500원,13,13,N,,N,042-610-1824,대전광역시 시설관리공단,2020-11-20,6300000,대전광역시
도안 계룡리슈빌(1704동),무인대여소,,대전광역시 서구 도안동 1370,36.31514885,127.3437702,5:00,23:59,"연중무휴(설, 추석 당일 2일 제외)",유료,1시간 500원,13,13,N,,N,042-610-1824,대전광역시 시설관리공단,2020-11-20,6300000,대전광역시
도안 호반베르디움(101동),무인대여소,"대전광역시 서구 원도안로100, (도안동, 도안베르디움)",대전광역시 서구 도안동 1373,36.31235647,127.3473459,5:00,23:59,"연중무휴(설, 추석 당일 2일 제외)",유료,1시간 500원,13,13,N,,N,042-610-1824,대전광역시 시설관리공단,2020-11-20,6300000,대전광역시
도안 호반베르디움(201동),무인대여소,"대전광역시 유성구 도안동로523, (봉명동, 베르디움)",대전광역시 유성구 봉명동 1019-7,36.34910968,127.3473853,5:00,23:59,"연중무휴(설, 추석 당일 2일 제외)",유료,1시간 500원,13,13,N,,N,042-610-1824,대전광역시 시설관리공단,2020-11-20,6300000,대전광역시
타슈 관제센터,무인대여소,,대전광역시 유성구 문지동 76-1,36.38927775,127.4098183,5:00,23:59,"연중무휴(설, 추석 당일 2일 제외)",유료,1시간 500원,11,11,N,,N,042-610-1824,대전광역시 시설관리공단,2020-11-20,6300000,대전광역시
중앙로역 3번출구,무인대여소,"대전광역시 중구 대종로487, (대흥동)",대전광역시 중구 대흥동 198-1,36.32778314,127.4260305,5:00,23:59,"연중무휴(설, 추석 당일 2일 제외)",유료,1시간 500원,13,13,N,,N,042-610-1824,대전광역시 시설관리공단,2020-11-20,6300000,대전광역시
선화참좋은아파트(유안타증권),무인대여소,"대전광역시 중구 대종로544, 101동 (선화동, 참좋은아파트)",대전광역시 중구 선화동 83-1,36.33211817,127.4222784,5:00,23:59,"연중무휴(설, 추석 당일 2일 제외)",유료,1시간 500원,13,13,N,,N,042-610-1824,대전광역시 시설관리공단,2020-11-20,6300000,대전광역시
대전세무서,무인대여소,"대전광역시 중구 보문로321, (선화동)",대전광역시 중구 선화동 184-1,36.3307151,127.4191477,5:00,23:59,"연중무휴(설, 추석 당일 2일 제외)",유료,1시간 500원,13,13,N,,N,042-610-1824,대전광역시 시설관리공단,2020-11-20,6300000,대전광역시
대전시민대학 정문,무인대여소,"대전광역시 중구 중앙로85, (선화동)",대전광역시 중구 선화동 287-2,36.32588109,127.4203307,5:00,23:59,"연중무휴(설, 추석 당일 2일 제외)",유료,1시간 500원,16,16,N,,N,042-610-1824,대전광역시 시설관리공단,2020-11-20,6300000,대전광역시
서대전네거리역 3번출구,무인대여소,"대전광역시 중구 계백로1731, (오류동)",대전광역시 중구 오류동 168-7,36.32261194,127.4115786,5:00,23:59,"연중무휴(설, 추석 당일 2일 제외)",유료,1시간 500원,13,13,N,,N,042-610-1824,대전광역시 시설관리공단,2020-11-20,6300000,대전광역시
센트럴파크(105동),무인대여소,"대전광역시 중구 서문로95, (문화동, 센트럴파크1단지)",대전광역시 중구 문화동 284-168,36.31655141,127.4070915,5:00,23:59,"연중무휴(설, 추석 당일 2일 제외)",유료,1시간 500원,13,13,N,,N,042-610-1824,대전광역시 시설관리공단,2020-11-20,6300000,대전광역시
센트럴파크(302동),무인대여소,,대전광역시 중구 문화동 1-256,36.31868223,127.4115301,5:00,23:59,"연중무휴(설, 추석 당일 2일 제외)",유료,1시간 500원,12,12,N,,N,042-610-1824,대전광역시 시설관리공단,2020-11-20,6300000,대전광역시
중구청역 1번출구(중구청의회),무인대여소,"대전광역시 중구 중앙로100, (대흥동)",대전광역시 중구 대흥동 499-1,36.32547985,127.4212247,5:00,23:59,"연중무휴(설, 추석 당일 2일 제외)",유료,1시간 500원,13,13,N,,N,042-610-1824,대전광역시 시설관리공단,2020-11-20,6300000,대전광역시
서대전역네거리,무인대여소,"대전광역시 중구 계백로1679, (오류동)",대전광역시 중구 오류동 168-7,36.32097936,127.405833,5:00,23:59,"연중무휴(설, 추석 당일 2일 제외)",유료,1시간 500원,13,13,N,,N,042-610-1824,대전광역시 시설관리공단,2020-11-20,6300000,대전광역시
중도일보,무인대여소,"대전광역시 중구 계룡로832, (오류동)",대전광역시 중구 오류동 175-3,36.32584714,127.4078566,5:00,23:59,"연중무휴(설, 추석 당일 2일 제외)",유료,1시간 500원,8,8,N,,N,042-610-1824,대전광역시 시설관리공단,2020-11-20,6300000,대전광역시
세종동_세종예술고 후문옆 로터리,무인대여소,,세종특별자치시 세종동 1210,36.49086802,127.2702456,0:00,23:59,연중무휴,유료,1000원,10,,N,,N,1899-9161,세종특별자치시청,2025-06-25,5690000,세종특별자치시
어진동_엠브릿지,무인대여소,,세종특별자치시 어진동 510,36.50289499,127.258063,0:00,23:59,연중무휴,유료,1000원,10,,N,,N,1899-9161,세종특별자치시청,2025-06-25,5690000,세종특별자치시
종촌동_가재301동,무인대여소,,세종특별자치시 종촌동 680,36.5043962,127.2414032,0:00,23:59,연중무휴,유료,1000원,10,,N,,N,1899-9161,세종특별자치시청,2025-06-25,5690000,세종특별자치시
소담동_새샘201동,무인대여소,,세종특별자치시 소담동 32-14,36.481362,127.300929,0:00,23:59,연중무휴,유료,1000원,10,,N,,N,1899-9161,세종특별자치시청,2025-06-25,5690000,세종특별자치시
보람동_호려울308동,무인대여소,,세종특별자치시 보람동 664-42,36.477265,127.28319,0:00,23:59,연중무휴,유료,1000원,10,,N,,N,1899-9161,세종특별자치시청,2025-06-25,5690000,세종특별자치시
보람동_해들510동,무인대여소,,세종특별자치시 보람동 733,36.47462652,127.2825175,0:00,23:59,연중무휴,유료,1000원,10,,N,,N,1899-9161,세종특별자치시청,2025-06-25,5690000,세종특별자치시
대평동_해들205동,무인대여소,,세종특별자치시 대평동 266-26,36.47095,127.27699,0:00,23:59,연중무휴,유료,1000원,10,,N,,N,1899-9161,세종특별자치시청,2025-06-25,5690000,세종특별자치시
반곡동_수루배209동,무인대여소,,세종특별자치시 반곡동 395-2,36.49588318,127.309734,0:00,23:59,연중무휴,유료,1000원,10,,N,,N,1899-9161,세종특별자치시청,2025-06-25,5690000,세종특별자치시
도담동_도램2007동 앞,무인대여소,,세종특별자치시 도담동 633,36.51782156,127.2626823,0:00,23:59,연중무휴,유료,1000원,10,,N,,N,1899-9161,세종특별자치시청,2025-06-25,5690000,세종특별자치시
종촌동_중앙프라자 앞,무인대여소,,세종특별자치시 종촌동 657,36.50473845,127.2495317,0:00,23:59,연중무휴,유료,1000원,10,,N,,N,1899-9161,세종특별자치시청,2025-06-25,5690000,세종특별자치시
어진동_중앙동 임시주차장 건너편,무인대여소,,세종특별자치시 어진동 738,36.500118,127.267833,0:00,23:59,연중무휴,유료,1000원,10,,N,,N,1899-9161,세종특별자치시청,2025-06-25,5690000,세종특별자치시
어진동_중앙동 임시주차장 입구,무인대여소,,세종특별자치시 어진동 630,36.50105391,127.2674351,0:00,23:59,연중무휴,유료,1000원,10,,N,,N,1899-9161,세종특별자치시청,2025-06-25,5690000,세종특별자치시
반곡동_수루배 506동 앞,무인대여소,,세종특별자치시 반곡동 47-1,36.497527,127.313054,0:00,23:59,연중무휴,유료,1000원,10,,N,,N,1899-9161,세종특별자치시청,2025-06-25,5690000,세종특별자치시
소담동_소담동 타임빌딩 앞,무인대여소,,세종특별자치시 소담동 540,36.48531934,127.2998651,0:00,23:59,연중무휴,유료,1000원,10,,N,,N,1899-9161,세종특별자치시청,2025-06-25,5690000,세종특별자치시
보람동_세종시청 정문2,무인대여소,,세종특별자치시 보람동 720,36.47914158,127.2888942,0:00,23:59,연중무휴,유료,1000원,10,,N,,N,1899-9161,세종특별자치시청,2025-06-25,5690000,세종특별자치시
새롬동_새뜸 208동 앞 로터리,무인대여소,,세종특별자치시 새롬동 341-125,36.483121,127.249288,0:00,23:59,연중무휴,유료,1000원,10,,N,,N,1899-9161,세종특별자치시청,2025-06-25,5690000,세종특별자치시
새롬동_새뜸 302동 앞,무인대여소,,세종특별자치시 새롬동 329,36.486589,127.247664,0:00,23:59,연중무휴,유료,1000원,10,,N,,N,1899-9161,세종특별자치시청,2025-06-25,5690000,세종특별자치시
소담동_새샘 609동 앞,무인대여소,,세종특별자치시 소담동 583,36.48502932,127.3029349,0:00,23:59,연중무휴,유료,1000원,10,,N,,N,1899-9161,세종특별자치시청,2025-06-25,5690000,세종특별자치시
새롬동_새뜸 718동 앞,무인대여소,,세종특별자치시 새롬동 산 45,36.488171,127.247783,0:00,23:59,연중무휴,유료,1000원,10,,N,,N,1899-9161,세종특별자치시청,2025-06-25,5690000,세종특별자치시
새롬동_새뜸 726동앞 로터리,무인대여소,,세종특별자치시 새롬동 288-1,36.489914,127.246996,0:00,23:59,연중무휴,유료,1000원,10,,N,,N,1899-9161,세종특별자치시청,2025-06-25,5690000,세종특별자치시
새롬동_새뜸 306동 앞,무인대여소,,세종특별자치시 새롬동 320,36.485904,127.248062,0:00,23:59,연중무휴,유료,1000원,10,,N,,N,1899-9161,세종특별자치시청,2025-06-25,5690000,세종특별자치시
도담동_도램 603동 앞,무인대여소,,세종특별자치시 도담동 852,36.50863282,127.260433,0:00,23:59,연중무휴,유료,1000원,10,,N,,N,1899-9161,세종특별자치시청,2025-06-25,5690000,세종특별자치시
도담동_도램 601동 앞,무인대여소,,세종특별자치시 도담동 851,36.50948318,127.2605888,0:00,23:59,연중무휴,유료,1000원,10,,N,,N,1899-9161,세종특별자치시청,2025-06-25,5690000,세종특별자치시
새롬동_새뜸 607동 앞,무인대여소,,세종특별자치시 새롬동 354-1,36.484697,127.248697,0:00,23:59,연중무휴,유료,1000원,10,,N,,N,1899-9161,세종특별자치시청,2025-06-25,5690000,세종특별자치시
조치원_고려대학교 정문,무인대여소,,세종특별자치시 조치원읍 서창리 177-9,36.608603,127.2893123,0:00,23:59,연중무휴,유료,1000원,10,,N,,N,1899-9161,세종특별자치시청,2025-06-25,5690000,세종특별자치시
어진동_청암빌딩 앞,무인대여소,,세종특별자치시 어진동 494,36.50315781,127.2606571,0:00,23:59,연중무휴,유료,1000원,10,,N,,N,1899-9161,세종특별자치시청,2025-06-25,5690000,세종특별자치시
대평동_해들 518동 앞,무인대여소,,세종특별자치시 대평동 567-8,36.473434,127.27871,0:00,23:59,연중무휴,유료,1000원,10,,N,,N,1899-9161,세종특별자치시청,2025-06-25,5690000,세종특별자치시
보람동_세종남부경찰서 버스정류장,무인대여소,,세종특별자치시 보람동 715,36.4814423,127.2924127,0:00,23:59,연중무휴,유료,1000원,10,,N,,N,1899-9161,세종특별자치시청,2025-06-25,5690000,세종특별자치시
한솔동_우체국 앞,무인대여소,,세종특별자치시 한솔동 1230,36.47940405,127.2548076,0:00,23:59,연중무휴,유료,1000원,10,,N,,N,1899-9161,세종특별자치시청,2025-06-25,5690000,세종특별자치시
세종동_양화1교차로종촌교다리,무인대여소,,세종특별자치시 세종동9-5,36.503421,127.299561,0:00,23:59,연중무휴,유료,1000원,10,,N,,N,1899-9161,세종특별자치시청,2025-06-25,5690000,세종특별자치시
조치원_자이아파트119동,무인대여소,,세종특별자치시 조치원읍 죽림리 117-5,36.591164,127.2916624,0:00,23:59,연중무휴,유료,1000원,10,,N,,N,1899-9161,세종특별자치시청,2025-06-25,5690000,세종특별자치시
조치원_신흥주공207동,무인대여소,,세종특별자치시 조치원읍 신흥리 393,36.59470014,127.2886997,0:00,23:59,연중무휴,유료,1000원,10,,N,,N,1899-9161,세종특별자치시청,2025-06-25,5690000,세종특별자치시
조치원_우체국,무인대여소,,세종특별자치시 조치원읍 교리 24-3,36.60259347,127.2983317,0:00,23:59,연중무휴,유료,1000원,10,,N,,N,1899-9161,세종특별자치시청,2025-06-25,5690000,세종특별자치시
조치원_조치원역,무인대여소,,세종특별자치시 조치원읍 원리 12-6,36.601053,127.297929,0:00,23:59,연중무휴,유료,1000원,10,,N,,N,1899-9161,세종특별자치시청,2025-06-25,5690000,세종특별자치시
도담동_카림에비뉴,무인대여소,,세종특별자치시 도담동 402,36.51380382,127.259194,0:00,23:59,연중무휴,유료,1000원,10,,N,,N,1899-9161,세종특별자치시청,2025-06-25,5690000,세종특별자치시
세종동_국립수목원(북쪽)보관소,무인대여소,,세종특별자치시 세종동 1203,36.49515045,127.2851361,0:00,23:59,연중무휴,유료,1000원,10,,N,,N,1899-9161,세종특별자치시청,2025-06-25,5690000,세종특별자치시
세종동_세종중앙공원(북쪽)주차장,무인대여소,,세종특별자치시 세종동 1204,36.49514774,127.276019,0:00,23:59,연중무휴,유료,1000원,10,,N,,N,1899-9161,세종특별자치시청,2025-06-25,5690000,세종특별자치시
세종동_세종중앙공원(중앙)공터,무인대여소,,세종특별자치시 세종동 1204,36.49514774,127.276019,0:00,23:59,연중무휴,유료,1000원,10,,N,,N,1899-9161,세종특별자치시청,2025-06-25,5690000,세종특별자치시
세종동_세종중앙공원(남쪽)주차장,무인대여소,,세종특별자치시 세종동 1204,36.49514774,127.276019,0:00,23:59,연중무휴,유료,1000원,10,,N,,N,1899-9161,세종특별자치시청,2025-06-25,5690000,세종특별자치시
해밀동_해밀139동,무인대여소,,세종특별자치시 해밀동 337,36.525831,127.2673101,0:00,23:59,연중무휴,유료,1000원,10,,N,,N,1899-9161,세종특별자치시청,2025-06-25,5690000,세종특별자치시
해밀동_해밀138동,무인대여소,,세종특별자치시 해밀동 333,36.525145,127.26769,0:00,23:59,연중무휴,유료,1000원,10,,N,,N,1899-9161,세종특별자치시청,2025-06-25,5690000,세종특별자치시
보람동_여울초등학교,무인대여소,,세종특별자치시 보람동 700-86,36.476889,127.285486,0:00,23:59,연중무휴,유료,1000원,10,,N,,N,1899-9161,세종특별자치시청,2025-06-25,5690000,세종특별자치시
반곡동_반곡고등학교,무인대여소,,세종특별자치시 반곡동 64-11,36.496058,127.317611,0:00,23:59,연중무휴,유료,1000원,10,,N,,N,1899-9161,세종특별자치시청,2025-06-25,5690000,세종특별자치시
반곡동_시드니블루,무인대여소,,세종특별자치시 반곡동 45-14,36.497844,127.311827,0:00,23:59,연중무휴,유료,1000원,10,,N,,N,1899-9161,세종특별자치시청,2025-06-25,5690000,세종특별자치시
도담동_라온프라이빗2차,무인대여소,,세종특별자치시 도담동 402,36.51380382,127.259194,0:00,23:59,연중무휴,유료,1000원,10,,N,,N,1899-9161,세종특별자치시청,2025-06-25,5690000,세종특별자치시
고운동_가락1914동,무인대여소,,세종특별자치시 고운동 667-1,36.522384,127.232504,0:00,23:59,연중무휴,유료,1000원,10,,N,,N,1899-9161,세종특별자치시청,2025-06-25,5690000,세종특별자치시
도담동_싱싱장터1호점,무인대여소,,세종특별자치시 도담동 654,36.51563901,127.2609799,0:00,23:59,연중무휴,유료,1000원,10,,N,,N,1899-9161,세종특별자치시청,2025-06-25,5690000,세종특별자치시
대평동_대평초등학교,무인대여소,,세종특별자치시 대평동 266-11,36.4699655,127.2779084,0:00,23:59,연중무휴,유료,1000원,10,,N,,N,1899-9161,세종특별자치시청,2025-06-25,5690000,세종특별자치시
고운동_세종누리학교,무인대여소,,세종특별자치시 고운동 472,36.52553063,127.2425066,0:00,23:59,연중무휴,유료,1000원,10,,N,,N,1899-9161,세종특별자치시청,2025-06-25,5690000,세종특별자치시
나성동_독락정역사공원,무인대여소,,세종특별자치시 나성동 213-2,36.48470871,127.2665609,0:00,23:59,연중무휴,유료,1000원,10,,N,,N,1899-9161,세종특별자치시청,2025-06-25,5690000,세종특별자치시
고운동_한마음정육식당,무인대여소,,세종특별자치시 고운동 2004,36.50040097,127.236325,0:00,23:59,연중무휴,유료,1000원,10,,N,,N,1899-9161,세종특별자치시청,2025-06-25,5690000,세종특별자치시
반곡동_수루배601동,무인대여소,,세종특별자치시 반곡동 67-4,36.494163,127.318591,0:00,23:59,연중무휴,유료,1000원,10,,N,,N,1899-9161,세종특별자치시청,2025-06-25,5690000,세종특별자치시
고운동_가락2203동,무인대여소,,세종특별자치시 고운동 1387-1,36.5198586,127.2414173,0:00,23:59,연중무휴,유료,1000원,10,,N,,N,1899-9161,세종특별자치시청,2025-06-25,5690000,세종특별자치시
아름동_영토프라자앞 로터리,무인대여소,,세종특별자치시 아름동 1332,36.5110083,127.2431716,0:00,23:59,연중무휴,유료,1000원,10,,N,,N,1899-9161,세종특별자치시청,2025-06-25,5690000,세종특별자치시
아름동_범지기902동,무인대여소,,세종특별자치시 아름동 1282-1,36.51686076,127.2456831,0:00,23:59,연중무휴,유료,1000원,10,,N,,N,1899-9161,세종특별자치시청,2025-06-25,5690000,세종특별자치시
아름동_범지기308동,무인대여소,,세종특별자치시 아름동 1297-1,36.51692624,127.2454456,0:00,23:59,연중무휴,유료,1000원,10,,N,,N,1899-9161,세종특별자치시청,2025-06-25,5690000,세종특별자치시
아름동_범지기1013동,무인대여소,,세종특별자치시 아름동 1242,36.51723777,127.2519979,0:00,23:59,연중무휴,유료,1000원,10,,N,,N,1899-9161,세종특별자치시청,2025-06-25,5690000,세종특별자치시
어진동_홈플러스,무인대여소,,세종특별자치시 어진동 503,36.5073891,127.2588009,0:00,23:59,연중무휴,유료,1000원,10,,N,,N,1899-9161,세종특별자치시청,2025-06-25,5690000,세종특별자치시
연향동 파리바게뜨 앞,무인대여소,,전라남도 순천시 연향동 상가 밀집지역,34.94123981,127.519439,0:00,23:59,연중무휴,유료,일일이용 : 1000원,5,15,Y,수동식,N,061-749-4883,전라남도 순천시청 교통정책과,2025-09-03,5790000,전남광주통합특별시 순천시
팔마종합운동장,무인대여소,,전라남도 순천시 연향동 1435,34.94729117,127.5132618,0:00,23:59,연중무휴,유료,일일이용 : 1000원,10,15,Y,수동식,N,061-749-4883,전라남도 순천시청 교통정책과,2025-09-03,5790000,전남광주통합특별시 순천시
남산공원 입구,무인대여소,전라남도 순천시 저전동 남산로,,34.9404019,127.4993994,0:00,23:59,연중무휴,유료,일일이용 : 1000원,6,15,Y,수동식,N,061-749-4883,전라남도 순천시청 교통정책과,2025-09-03,5790000,전남광주통합특별시 순천시
어진동_세종중앙타운(서측)_입구,무인대여소,,세종특별자치시 어진동 494,36.50315781,127.2606571,0:00,23:59,연중무휴,유료,1000원,10,,N,,N,1899-9161,세종특별자치시청,2025-06-25,5690000,세종특별자치시
도담동_도램마을102동(도로변),무인대여소,,세종특별자치시 도담동 845,36.51150874,127.2563722,0:00,23:59,연중무휴,유료,1000원,10,,N,,N,1899-9161,세종특별자치시청,2025-06-25,5690000,세종특별자치시
종촌동_중앙프라자(북쪽)_입구,무인대여소,,세종특별자치시 종촌동 657,36.50473845,127.2495317,0:00,23:59,연중무휴,유료,1000원,10,,N,,N,1899-9161,세종특별자치시청,2025-06-25,5690000,세종특별자치시
어진동_보건복지부(별관)앞,무인대여소,,세종특별자치시 어진동 523,36.49938194,127.2567687,0:00,23:59,연중무휴,유료,1000원,10,,N,,N,1899-9161,세종특별자치시청,2025-06-25,5690000,세종특별자치시
어진동_행안부제2별관(주차장입구),무인대여소,,세종특별자치시 어진동 524,36.49908227,127.2563277,0:00,23:59,연중무휴,유료,1000원,10,,N,,N,1899-9161,세종특별자치시청,2025-06-25,5690000,세종특별자치시
새롬동_새뜸마을408동(육교앞),무인대여소,,세종특별자치시 새롬동 553,36.48803061,127.2443793,0:00,23:59,연중무휴,유료,1000원,10,,N,,N,1899-9161,세종특별자치시청,2025-06-25,5690000,세종특별자치시
새롬동_새롬중학교(건너편),무인대여소,,세종특별자치시 새롬동 605,36.48239576,127.2517052,0:00,23:59,연중무휴,유료,1000원,10,,N,,N,1899-9161,세종특별자치시청,2025-06-25,5690000,세종특별자치시
가람동_세종중부발전(입구),무인대여소,,세종특별자치시 가람동 961,36.46584466,127.247185,0:00,23:59,연중무휴,유료,1000원,10,,N,,N,1899-9161,세종특별자치시청,2025-06-25,5690000,세종특별자치시
한솔동_주민센터(입구),무인대여소,,세종특별자치시 한솔동 964,36.47917404,127.2546671,0:00,23:59,연중무휴,유료,1000원,10,,N,,N,1899-9161,세종특별자치시청,2025-06-25,5690000,세종특별자치시
보람동_아평빌딩(입구),무인대여소,,세종특별자치시 보람동 762,36.47691869,127.289435,0:00,23:59,연중무휴,유료,1000원,10,,N,,N,1899-9161,세종특별자치시청,2025-06-25,5690000,세종특별자치시
보람동_스마트허브4(입구),무인대여소,,세종특별자치시 보람동 762,36.47691869,127.289435,0:00,23:59,연중무휴,유료,1000원,10,,N,,N,1899-9161,세종특별자치시청,2025-06-25,5690000,세종특별자치시
소담동_지엘플렉스1(입구),무인대여소,,세종특별자치시 소담동 582,36.48502282,127.3014924,0:00,23:59,연중무휴,유료,1000원,10,,N,,N,1899-9161,세종특별자치시청,2025-06-25,5690000,세종특별자치시
소담동_지엘플렉스2(입구),무인대여소,,세종특별자치시 소담동 580,36.48457236,127.3011255,0:00,23:59,연중무휴,유료,1000원,10,,N,,N,1899-9161,세종특별자치시청,2025-06-25,5690000,세종특별자치시
소담동_아이콤타워(뒷편),무인대여소,,세종특별자치시 소담동 609,36.48514048,127.2993377,0:00,23:59,연중무휴,유료,1000원,10,,N,,N,1899-9161,세종특별자치시청,2025-06-25,5690000,세종특별자치시
집현동_새나루마을BRT(시청방향),무인대여소,,세종특별자치시 집현동 885-1,36.49766664,127.3217882,0:00,23:59,연중무휴,유료,1000원,10,,N,,N,1899-9161,세종특별자치시청,2025-06-25,5690000,세종특별자치시
집현동_새나루마을1204동(서쪽),무인대여소,,세종특별자치시 집현동 997-3,36.50004373,127.3237826,0:00,23:59,연중무휴,유료,1000원,10,,N,,N,1899-9161,세종특별자치시청,2025-06-25,5690000,세종특별자치시
해밀동_해밀113동,무인대여소,,세종특별자치시 해밀동 608,36.52559916,127.2619412,0:00,23:59,연중무휴,유료,1000원,10,,N,,N,1899-9161,세종특별자치시청,2025-06-25,5690000,세종특별자치시
해밀동_해밀144동,무인대여소,,세종특별자치시 해밀동 산 12,36.52831935,127.2677184,0:00,23:59,연중무휴,유료,1000원,10,,N,,N,1899-9161,세종특별자치시청,2025-06-25,5690000,세종특별자치시
소담동_새샘703동,무인대여소,,세종특별자치시 소담동 539,36.4862663,127.2998809,0:00,23:59,연중무휴,유료,1000원,10,,N,,N,1899-9161,세종특별자치시청,2025-06-25,5690000,세종특별자치시
소담동_새샘701동,무인대여소,,세종특별자치시 소담동 36-1,36.487013,127.299658,0:00,23:59,연중무휴,유료,1000원,10,,N,,N,1899-9161,세종특별자치시청,2025-06-25,5690000,세종특별자치시
도담동_세종충남대병원,무인대여소,,세종특별자치시 도담동 407,36.5195254,127.2579427,0:00,23:59,연중무휴,유료,1000원,10,,N,,N,1899-9161,세종특별자치시청,2025-06-25,5690000,세종특별자치시
도담동_센트럴프라자,무인대여소,,세종특별자치시 도담동 657,36.51528164,127.2584831,0:00,23:59,연중무휴,유료,1000원,10,,N,,N,1899-9161,세종특별자치시청,2025-06-25,5690000,세종특별자치시
반곡동_더스테이빌딩,무인대여소,,세종특별자치시 반곡동 771-68,36.49113495,127.3032235,0:00,23:59,연중무휴,유료,1000원,10,,N,,N,1899-9161,세종특별자치시청,2025-06-25,5690000,세종특별자치시
소담동_법조타운A,무인대여소,,세종특별자치시 소담동 208,36.489461,127.302367,0:00,23:59,연중무휴,유료,1000원,10,,N,,N,1899-9161,세종특별자치시청,2025-06-25,5690000,세종특별자치시
소담동_새샘908동,무인대여소,,세종특별자치시 소담동 325,36.489072,127.301503,0:00,23:59,연중무휴,유료,1000원,10,,N,,N,1899-9161,세종특별자치시청,2025-06-25,5690000,세종특별자치시
나성동_나릿재309동 앞,무인대여소,,세종특별자치시 나성동 261-1,36.48836607,127.2638231,0:00,23:59,연중무휴,유료,1000원,10,,N,,N,1899-9161,세종특별자치시청,2025-06-25,5690000,세종특별자치시
나성동_나릿재6단지,무인대여소,,세종특별자치시 나성동 658-27,36.49133194,127.2631909,0:00,23:59,연중무휴,유료,1000원,10,,N,,N,1899-9161,세종특별자치시청,2025-06-25,5690000,세종특별자치시
나성동_나릿재6단지 정문 옆(도로변),무인대여소,,세종특별자치시 나성동 350-2,36.491676,127.261558,0:00,23:59,연중무휴,유료,1000원,10,,N,,N,1899-9161,세종특별자치시청,2025-06-25,5690000,세종특별자치시
아름동_남세종청소년센터,무인대여소,,세종특별자치시 아름동 1458,36.51366991,127.2504673,0:00,23:59,연중무휴,유료,1000원,10,,N,,N,1899-9161,세종특별자치시청,2025-06-25,5690000,세종특별자치시
나성동_나릿재101동(북서쪽)_로터리,무인대여소,,세종특별자치시 나성동 394-1,36.487447,127.262159,0:00,23:59,연중무휴,유료,1000원,10,,N,,N,1899-9161,세종특별자치시청,2025-06-25,5690000,세종특별자치시
나성동_나릿재201동(육교)_도로변,무인대여소,,세종특별자치시 나성동 255-2,36.487647,127.2647189,0:00,23:59,연중무휴,유료,1000원,10,,N,,N,1899-9161,세종특별자치시청,2025-06-25,5690000,세종특별자치시
나성동_나릿재206동(동쪽)_도로변,무인대여소,,세종특별자치시 나성동 297-4,36.4891318,127.266651,0:00,23:59,연중무휴,유료,1000원,10,,N,,N,1899-9161,세종특별자치시청,2025-06-25,5690000,세종특별자치시
나성동_나릿재401동(남쪽)_도로변,무인대여소,,세종특별자치시 나성동 363-1,36.490011,127.261028,0:00,23:59,연중무휴,유료,1000원,10,,N,,N,1899-9161,세종특별자치시청,2025-06-25,5690000,세종특별자치시
나성동_나릿재402동(북쪽)_입구,무인대여소,,세종특별자치시 나성동 350-1,36.491474,127.261355,0:00,23:59,연중무휴,유료,1000원,10,,N,,N,1899-9161,세종특별자치시청,2025-06-25,5690000,세종특별자치시
나성동_나릿재103동 육교옆,무인대여소,,세종특별자치시 나성동 256-2,36.4876413,127.26434,0:00,23:59,연중무휴,유료,1000원,10,,N,,N,1899-9161,세종특별자치시청,2025-06-25,5690000,세종특별자치시
나성동_나릿재404동(동쪽)_도로변,무인대여소,,세종특별자치시 나성동 353-1,36.49105866,127.2627834,0:00,23:59,연중무휴,유료,1000원,10,,N,,N,1899-9161,세종특별자치시청,2025-06-25,5690000,세종특별자치시
어진동_국무조정실 북측 버스정류장,무인대여소,,세종특별자치시 어진동 615,36.5030635,127.2709624,0:00,23:59,연중무휴,유료,1000원,10,,N,,N,1899-9161,세종특별자치시청,2025-06-25,5690000,세종특별자치시
고운동_가락2002동 앞,무인대여소,,세종특별자치시 고운동 1396,36.51706356,127.2410175,0:00,23:59,연중무휴,유료,1000원,10,,N,,N,1899-9161,세종특별자치시청,2025-06-25,5690000,세종특별자치시
해밀동_해밀106동(서측),무인대여소,,세종특별자치시 해밀동 317,36.52778977,127.2642732,0:00,23:59,연중무휴,유료,1000원,10,,N,,N,1899-9161,세종특별자치시청,2025-06-25,5690000,세종특별자치시
해밀동_해밀마을BRT,무인대여소,,세종특별자치시 해밀동 산 5-2,36.52893682,127.264386,0:00,23:59,연중무휴,유료,1000원,10,,N,,N,1899-9161,세종특별자치시청,2025-06-25,5690000,세종특별자치시
해밀동_해밀205동(남측),무인대여소,,세종특별자치시 해밀동 산 14,36.52988008,127.2668104,0:00,23:59,연중무휴,유료,1000원,10,,N,,N,1899-9161,세종특별자치시청,2025-06-25,5690000,세종특별자치시
해밀동_해밀211동(남측),무인대여소,,세종특별자치시 해밀동 123,36.52827769,127.2692851,0:00,23:59,연중무휴,유료,1000원,10,,N,,N,1899-9161,세종특별자치시청,2025-06-25,5690000,세종특별자치시
해밀동_해밀214동(동쪽),무인대여소,,세종특별자치시 해밀동 산 23,36.52706396,127.2718946,0:00,23:59,연중무휴,유료,1000원,10,,N,,N,1899-9161,세종특별자치시청,2025-06-25,5690000,세종특별자치시
어진동_리슈빌S_입구,무인대여소,,세종특별자치시 어진동 548,36.507734,127.2622363,0:00,23:59,연중무휴,유료,1000원,10,,N,,N,1899-9161,세종특별자치시청,2025-06-25,5690000,세종특별자치시
배울네거리,무인대여소,,대전광역시 유성구 관평동 912,36.42193635,127.3878041,5:00,23:59,"연중무휴(설, 추석 당일 2일 제외)",유료,1시간 500원,13,13,N,,N,042-610-1824,대전광역시 시설관리공단,2020-11-20,6300000,대전광역시
롯데마트(관평점),무인대여소,,대전광역시 유성구 관평동 1286,36.42898335,127.3929794,5:00,23:59,"연중무휴(설, 추석 당일 2일 제외)",유료,1시간 500원,12,12,N,,N,042-610-1824,대전광역시 시설관리공단,2020-11-20,6300000,대전광역시
송강초등학교,무인대여소,"대전광역시 유성구 구즉로25, (송강동, 송강마을그린3단지)",대전광역시 유성구 송강동 199,36.43285602,127.3818967,5:00,23:59,"연중무휴(설, 추석 당일 2일 제외)",유료,1시간 500원,13,13,N,,N,042-610-1824,대전광역시 시설관리공단,2020-11-20,6300000,대전광역시
송강체육관,무인대여소,"대전광역시 유성구 대덕대로1173, (송강동)",대전광역시 유성구 송강동 200-2,36.4315111,127.3867476,5:00,23:59,"연중무휴(설, 추석 당일 2일 제외)",유료,1시간 500원,13,13,N,,N,042-610-1824,대전광역시 시설관리공단,2020-11-20,6300000,대전광역시
연구단지 KT_G(건너편),무인대여소,,대전광역시 유성구 신성동 산19-3,36.38482631,127.349094,5:00,23:59,"연중무휴(설, 추석 당일 2일 제외)",유료,1시간 500원,12,12,N,,N,042-610-1824,대전광역시 시설관리공단,2020-11-20,6300000,대전광역시
연구단지운동장(건너편),무인대여소,,대전광역시 유성구 신성동 108-2,36.38541888,127.3536701,5:00,23:59,"연중무휴(설, 추석 당일 2일 제외)",유료,1시간 500원,11,11,N,,N,042-610-1824,대전광역시 시설관리공단,2020-11-20,6300000,대전광역시
연구단지네거리,무인대여소,"대전광역시 유성구 가정로306, (도룡동)",대전광역시 유성구 도룡동 393-2,36.38542458,127.3768432,5:00,23:59,"연중무휴(설, 추석 당일 2일 제외)",유료,1시간 500원,13,13,N,,N,042-610-1824,대전광역시 시설관리공단,2020-11-20,6300000,대전광역시
전자통신연구원,무인대여소,,대전광역시 유성구 가정동 160-2,36.38405459,127.368227,5:00,23:59,"연중무휴(설, 추석 당일 2일 제외)",유료,1시간 500원,12,12,N,,N,042-610-1824,대전광역시 시설관리공단,2020-11-20,6300000,대전광역시
중촌초등학교(건너편),무인대여소,,대전광역시 중구 중촌동 462,36.3404992,127.4110434,5:00,23:59,"연중무휴(설, 추석 당일 2일 제외)",유료,1시간 500원,12,12,N,,N,042-610-1824,대전광역시 시설관리공단,2020-11-20,6300000,대전광역시
도담동_해피라움7,무인대여소,,세종특별자치시 도담동 920,36.51427158,127.2582387,0:00,23:59,연중무휴,유료,1000원,10,,N,,N,1899-9161,세종특별자치시청,2025-06-25,5690000,세종특별자치시
도담동_해피라움7상가쪽건너편,무인대여소,,세종특별자치시 도담동 679,36.51435408,127.2575917,0:00,23:59,연중무휴,유료,1000원,10,,N,,N,1899-9161,세종특별자치시청,2025-06-25,5690000,세종특별자치시
도담동_물댄동산감리교회,무인대여소,,세종특별자치시 도담동 628,36.51656711,127.2567862,0:00,23:59,연중무휴,유료,1000원,10,,N,,N,1899-9161,세종특별자치시청,2025-06-25,5690000,세종특별자치시
도담동_도램2002동건너편,무인대여소,,세종특별자치시 도담동 581,36.518269,127.2626733,0:00,23:59,연중무휴,유료,1000원,10,,N,,N,1899-9161,세종특별자치시청,2025-06-25,5690000,세종특별자치시
도담동_세종충남대병원앞,무인대여소,,세종특별자치시 도담동 910,36.51873238,127.256407,0:00,23:59,연중무휴,유료,1000원,10,,N,,N,1899-9161,세종특별자치시청,2025-06-25,5690000,세종특별자치시
아름동_범지기1023동건너편,무인대여소,,세종특별자치시 아름동 1092,36.519458,127.2496183,0:00,23:59,연중무휴,유료,1000원,10,,N,,N,1899-9161,세종특별자치시청,2025-06-25,5690000,세종특별자치시
아름동_범지기1020동 건너편,무인대여소,,세종특별자치시 아름동 1169,36.51997406,127.2524897,0:00,23:59,연중무휴,유료,1000원,10,,N,,N,1899-9161,세종특별자치시청,2025-06-25,5690000,세종특별자치시
아름동_범지기1012동 건너편,무인대여소,,세종특별자치시 아름동 1242,36.51723777,127.2519979,0:00,23:59,연중무휴,유료,1000원,10,,N,,N,1899-9161,세종특별자치시청,2025-06-25,5690000,세종특별자치시
아름동_범지기1009동앞,무인대여소,,세종특별자치시 아름동 1458,36.51366991,127.2504673,0:00,23:59,연중무휴,유료,1000원,10,,N,,N,1899-9161,세종특별자치시청,2025-06-25,5690000,세종특별자치시
아름동_범지기303동앞,무인대여소,,세종특별자치시 아름동 1297,36.51856202,127.2439354,0:00,23:59,연중무휴,유료,1000원,10,,N,,N,1899-9161,세종특별자치시청,2025-06-25,5690000,세종특별자치시
아름동_범지기808동앞,무인대여소,,세종특별자치시 아름동 1279,36.5129216,127.2483919,0:00,23:59,연중무휴,유료,1000원,10,,N,,N,1899-9161,세종특별자치시청,2025-06-25,5690000,세종특별자치시
아름동_아름초등학교앞,무인대여소,,세종특별자치시 아름동 1275,36.51458919,127.251658,0:00,23:59,연중무휴,유료,1000원,10,,N,,N,1899-9161,세종특별자치시청,2025-06-25,5690000,세종특별자치시
아름동_범지기1202동앞,무인대여소,,세종특별자치시 아름동 1276,36.51190049,127.2509417,0:00,23:59,연중무휴,유료,1000원,10,,N,,N,1899-9161,세종특별자치시청,2025-06-25,5690000,세종특별자치시
아름동_한국해양교통안전공단,무인대여소,,세종특별자치시 아름동 1305,36.51450726,127.2428834,0:00,23:59,연중무휴,유료,1000원,10,,N,,N,1899-9161,세종특별자치시청,2025-06-25,5690000,세종특별자치시
아름동_아름중학교앞,무인대여소,,세종특별자치시 아름동 1321,36.514281,127.245223,0:00,23:59,연중무휴,유료,1000원,10,,N,,N,1899-9161,세종특별자치시청,2025-06-25,5690000,세종특별자치시
아름동_아름고앞,무인대여소,,세종특별자치시 아름동 1322,36.51300984,127.2452501,0:00,23:59,연중무휴,유료,1000원,10,,N,,N,1899-9161,세종특별자치시청,2025-06-25,5690000,세종특별자치시
아름동_범지기1101동앞,무인대여소,,세종특별자치시   아름동 929,36.5202072,127.2479665,0:00,23:59,연중무휴,유료,1000원,10,,N,,N,1899-9161,세종특별자치시청,2025-06-25,5690000,세종특별자치시
아름동_해피라움2앞,무인대여소,,세종특별자치시 아름동 1458,36.51366991,127.2504673,0:00,23:59,연중무휴,유료,1000원,10,,N,,N,1899-9161,세종특별자치시청,2025-06-25,5690000,세종특별자치시
아름동_해피라움1앞,무인대여소,,세종특별자치시 아름동 1458,36.51366991,127.2504673,0:00,23:59,연중무휴,유료,1000원,10,,N,,N,1899-9161,세종특별자치시청,2025-06-25,5690000,세종특별자치시
아름동_해피라움3앞,무인대여소,,세종특별자치시 아름동 1360,36.51138234,127.248956,0:00,23:59,연중무휴,유료,1000원,10,,N,,N,1899-9161,세종특별자치시청,2025-06-25,5690000,세종특별자치시
아름동_해피라움4앞,무인대여소,,세종특별자치시 아름동 1362,36.51134951,127.249595,0:00,23:59,연중무휴,유료,1000원,10,,N,,N,1899-9161,세종특별자치시청,2025-06-25,5690000,세종특별자치시
아름동_복합커뮤니티센터,무인대여소,,세종특별자치시 아름동 1286,36.5123515,127.2468897,0:00,23:59,연중무휴,유료,1000원,10,,N,,N,1899-9161,세종특별자치시청,2025-06-25,5690000,세종특별자치시
아름동_싱싱장터2호점앞,무인대여소,,세종특별자치시 아름동 1352,36.51139731,127.247866,0:00,23:59,연중무휴,유료,1000원,10,,N,,N,1899-9161,세종특별자치시청,2025-06-25,5690000,세종특별자치시
아름동_아카데미타워앞,무인대여소,,세종특별자치시 아름동 1318,36.51222129,127.2433783,0:00,23:59,연중무휴,유료,1000원,10,,N,,N,1899-9161,세종특별자치시청,2025-06-25,5690000,세종특별자치시
아름동_다올비즈니스센터앞,무인대여소,,세종특별자치시 아름동 1475,36.511985,127.2429435,0:00,23:59,연중무휴,유료,1000원,10,,N,,N,1899-9161,세종특별자치시청,2025-06-25,5690000,세종특별자치시
아름동_범지기601동앞,무인대여소,,세종특별자치시 아름동 1357,36.5100324,127.2486561,0:00,23:59,연중무휴,유료,1000원,10,,N,,N,1899-9161,세종특별자치시청,2025-06-25,5690000,세종특별자치시
아름동_범지기401동건너편,무인대여소,,세종특별자치시 아름동 1376,36.509118,127.2501061,0:00,23:59,연중무휴,유료,1000원,10,,N,,N,1899-9161,세종특별자치시청,2025-06-25,5690000,세종특별자치시
아름동_범지기101동앞,무인대여소,,세종특별자치시 아름동 1477,36.5143846,127.2415565,0:00,23:59,연중무휴,유료,1000원,10,,N,,N,1899-9161,세종특별자치시청,2025-06-25,5690000,세종특별자치시
어진동_문화체육관광부 버스정류장,무인대여소,,세종특별자치시 어진동 650,36.49787689,127.2654335,0:00,23:59,연중무휴,유료,1000원,10,,N,,N,1899-9161,세종특별자치시청,2025-06-25,5690000,세종특별자치시
어진동_호수공원수변공원,무인대여소,,세종특별자치시 어진동 638,36.49894366,127.2692304,0:00,23:59,연중무휴,유료,1000원,10,,N,,N,1899-9161,세종특별자치시청,2025-06-25,5690000,세종특별자치시
어진동_고용노동부BRT,무인대여소,,세종특별자치시 어진동 581,36.501459,127.2616523,0:00,23:59,연중무휴,유료,1000원,10,,N,,N,1899-9161,세종특별자치시청,2025-06-25,5690000,세종특별자치시
어진동_복합커뮤니티센터,무인대여소,,세종특별자치시 어진동 518,36.50190569,127.2566165,0:00,23:59,연중무휴,유료,1000원,10,,N,,N,1899-9161,세종특별자치시청,2025-06-25,5690000,세종특별자치시
어진동_국토교통부정문,무인대여소,,세종특별자치시 어진동 717,36.50381256,127.2639663,0:00,23:59,연중무휴,유료,1000원,10,,N,,N,1899-9161,세종특별자치시청,2025-06-25,5690000,세종특별자치시
어진동_정부청사관리본부(3동),무인대여소,,세종특별자치시 어진동 556,36.50461421,127.2650217,0:00,23:59,연중무휴,유료,1000원,10,,N,,N,1899-9161,세종특별자치시청,2025-06-25,5690000,세종특별자치시
세종동_국무조정실건너편,무인대여소,,세종특별자치시 세종동 1201,36.49717958,127.2734851,0:00,23:59,연중무휴,유료,1000원,10,,N,,N,1899-9161,세종특별자치시청,2025-06-25,5690000,세종특별자치시
어진동_스타벅스,무인대여소,,세종특별자치시 어진동 605,36.50603429,127.270836,0:00,23:59,연중무휴,유료,1000원,10,,N,,N,1899-9161,세종특별자치시청,2025-06-25,5690000,세종특별자치시
어진동_세종중앙타운,무인대여소,,세종특별자치시 어진동 710,36.50709244,127.2700678,0:00,23:59,연중무휴,유료,1000원,10,,N,,N,1899-9161,세종특별자치시청,2025-06-25,5690000,세종특별자치시
도담동_양지고등학교,무인대여소,,세종특별자치시 도담동 903,36.51556223,127.2657541,0:00,23:59,연중무휴,유료,1000원,10,,N,,N,1899-9161,세종특별자치시청,2025-06-25,5690000,세종특별자치시
도담동_도램1411동앞,무인대여소,,세종특별자치시 도담동 858,36.51104391,127.2664946,0:00,23:59,연중무휴,유료,1000원,10,,N,,N,1899-9161,세종특별자치시청,2025-06-25,5690000,세종특별자치시
도담동_도램908동앞,무인대여소,,세종특별자치시 도담동 855,36.51063124,127.2635877,0:00,23:59,연중무휴,유료,1000원,10,,N,,N,1899-9161,세종특별자치시청,2025-06-25,5690000,세종특별자치시
도담동_도램110동앞,무인대여소,,세종특별자치시 도담동 845,36.51150874,127.2563722,0:00,23:59,연중무휴,유료,1000원,10,,N,,N,1899-9161,세종특별자치시청,2025-06-25,5690000,세종특별자치시
도담동_도램901동앞,무인대여소,,세종특별자치시 도담동 855,36.510627,127.2635877,0:00,23:59,연중무휴,유료,1000원,10,,N,,N,1899-9161,세종특별자치시청,2025-06-25,5690000,세종특별자치시
도담동_도램1401동앞,무인대여소,,세종특별자치시 도담동 858,36.51104391,127.2664946,0:00,23:59,연중무휴,유료,1000원,10,,N,,N,1899-9161,세종특별자치시청,2025-06-25,5690000,세종특별자치시
도담동_도램1507동건너편,무인대여소,,세종특별자치시 연기면 세종리 산22-6,36.512181,127.266847,0:00,23:59,연중무휴,유료,1000원,10,,N,,N,1899-9161,세종특별자치시청,2025-06-25,5690000,세종특별자치시
도담동_도램204동앞,무인대여소,,세종특별자치시 도담동 917,36.51525425,127.2556611,0:00,23:59,연중무휴,유료,1000원,10,,N,,N,1899-9161,세종특별자치시청,2025-06-25,5690000,세종특별자치시
도담동_도램1008동앞,무인대여소,,세종특별자치시 도담동 853,36.51087081,127.2611913,0:00,23:59,연중무휴,유료,1000원,10,,N,,N,1899-9161,세종특별자치시청,2025-06-25,5690000,세종특별자치시
도담동_도담고등학교,무인대여소,,세종특별자치시 도담동 642,36.51420716,127.2634446,0:00,23:59,연중무휴,유료,1000원,10,,N,,N,1899-9161,세종특별자치시청,2025-06-25,5690000,세종특별자치시
도담동_도램1603동앞,무인대여소,,세종특별자치시 도담동 641,36.51453302,127.2656773,0:00,23:59,연중무휴,유료,1000원,10,,N,,N,1899-9161,세종특별자치시청,2025-06-25,5690000,세종특별자치시
도담동_도램1105동앞BRT,무인대여소,,세종특별자치시 도담동 402,36.51380382,127.259194,0:00,23:59,연중무휴,유료,1000원,10,,N,,N,1899-9161,세종특별자치시청,2025-06-25,5690000,세종특별자치시
도담동_싱싱장터앞BRT,무인대여소,,세종특별자치시 도담동 647,36.51545898,127.2612342,0:00,23:59,연중무휴,유료,1000원,10,,N,,N,1899-9161,세종특별자치시청,2025-06-25,5690000,세종특별자치시
도담동_한신휴시티좌측,무인대여소,,세종특별자치시 도담동 662,36.51430543,127.2586021,0:00,23:59,연중무휴,유료,1000원,10,,N,,N,1899-9161,세종특별자치시청,2025-06-25,5690000,세종특별자치시
도담동_한신휴시티중앙,무인대여소,,세종특별자치시 도담동 661,36.51430543,127.2586021,0:00,23:59,연중무휴,유료,1000원,10,,N,,N,1899-9161,세종특별자치시청,2025-06-25,5690000,세종특별자치시
도담동_라온프라이빗 우측,무인대여소,,세종특별자치시 도담동 660,36.51430543,127.2586021,0:00,23:59,연중무휴,유료,1000원,10,,N,,N,1899-9161,세종특별자치시청,2025-06-25,5690000,세종특별자치시
도담동_도담중학교,무인대여소,,세종특별자치시 도담동 922,36.51606788,127.2622416,0:00,23:59,연중무휴,유료,1000원,10,,N,,N,1899-9161,세종특별자치시청,2025-06-25,5690000,세종특별자치시
도담동_복합커뮤니티센터,무인대여소,,세종특별자치시 도담동 645,36.51540546,127.2617462,0:00,23:59,연중무휴,유료,1000원,10,,N,,N,1899-9161,세종특별자치시청,2025-06-25,5690000,세종특별자치시
도담동_도램1301동앞,무인대여소,,세종특별자치시 도담동 922,36.51606788,127.2622416,0:00,23:59,연중무휴,유료,1000원,10,,N,,N,1899-9161,세종특별자치시청,2025-06-25,5690000,세종특별자치시
조례동 주민센터,무인대여소,,전라남도 순천시 조례동 482,34.95531091,127.5238354,0:00,23:59,연중무휴,유료,일일이용 : 1000원,6,15,Y,수동식,N,061-749-4883,전라남도 순천시청 교통정책과,2025-09-03,5790000,전남광주통합특별시 순천시
교량동 주민센터,무인대여소,,전라남도 순천시 교량동 75,34.90032955,127.519042,0:00,23:59,연중무휴,유료,일일이용 : 1000원,6,15,Y,수동식,N,061-749-4883,전라남도 순천시청 교통정책과,2025-09-03,5790000,전남광주통합특별시 순천시
중앙동 주민센터,무인대여소,,전라남도 순천시 중앙동 124,34.95612617,127.4849166,0:00,23:59,연중무휴,유료,일일이용 : 1000원,6,15,Y,수동식,N,061-749-4883,전라남도 순천시청 교통정책과,2025-09-03,5790000,전남광주통합특별시 순천시
저전동 주민센터,무인대여소,,전라남도 순천시 저전동 338,34.94891748,127.4750642,0:00,23:59,연중무휴,유료,일일이용 : 1000원,6,15,Y,수동식,N,061-749-4883,전라남도 순천시청 교통정책과,2025-09-03,5790000,전남광주통합특별시 순천시
다정동_가온616동앞,무인대여소,,세종특별자치시 다정동 4-3,36.496976,127.248791,0:00,23:59,연중무휴,유료,1000원,10,,N,,N,1899-9161,세종특별자치시청,2025-06-25,5690000,세종특별자치시
다정동_가온510동앞 공원,무인대여소,,세종특별자치시 다정동 38,36.494778,127.246459,0:00,23:59,연중무휴,유료,1000원,10,,N,,N,1899-9161,세종특별자치시청,2025-06-25,5690000,세종특별자치시
다정동_가온201동앞,무인대여소,,세종특별자치시 다정동 산28,36.496011,127.243222,0:00,23:59,연중무휴,유료,1000원,10,,N,,N,1899-9161,세종특별자치시청,2025-06-25,5690000,세종특별자치시
다정동_가온610동옆,무인대여소,,세종특별자치시 다정동 산 26,36.497532,127.244926,0:00,23:59,연중무휴,유료,1000원,10,,N,,N,1899-9161,세종특별자치시청,2025-06-25,5690000,세종특별자치시
다정동_가온325동옆 로터리,무인대여소,,세종특별자치시 다정동 307,36.496255,127.244723,0:00,23:59,연중무휴,유료,1000원,10,,N,,N,1899-9161,세종특별자치시청,2025-06-25,5690000,세종특별자치시
다정동_가온302동앞,무인대여소,,세종특별자치시 다정동 산29,36.496172,127.2417,0:00,23:59,연중무휴,유료,1000원,10,,N,,N,1899-9161,세종특별자치시청,2025-06-25,5690000,세종특별자치시
소담동_새샘907동앞,무인대여소,,세종특별자치시 소담동 286-7,36.4887654,127.2995714,0:00,23:59,연중무휴,유료,1000원,10,,N,,N,1899-9161,세종특별자치시청,2025-06-25,5690000,세종특별자치시
소담동_지엘플렉스1(입구)2,무인대여소,,세종특별자치시 소담동 582,36.485021,127.3014924,0:00,23:59,연중무휴,유료,1000원,10,,N,,N,1899-9161,세종특별자치시청,2025-06-25,5690000,세종특별자치시
소담동_새샘203동앞,무인대여소,,세종특별자치시 소담동 32-103,36.47963948,127.3018996,0:00,23:59,연중무휴,유료,1000원,10,,N,,N,1899-9161,세종특별자치시청,2025-06-25,5690000,세종특별자치시
보람동_호려울902동앞,무인대여소,,세종특별자치시 보람동 634-8,36.4794932,127.2955472,0:00,23:59,연중무휴,유료,1000원,10,,N,,N,1899-9161,세종특별자치시청,2025-06-25,5690000,세종특별자치시
보람동_호려울604동앞,무인대여소,,세종특별자치시 보람동 795,36.47887897,127.2948658,0:00,23:59,연중무휴,유료,1000원,10,,N,,N,1899-9161,세종특별자치시청,2025-06-25,5690000,세종특별자치시
보람동_호려울501동앞,무인대여소,,세종특별자치시 보람동 629-6,36.477142,127.29061,0:00,23:59,연중무휴,유료,1000원,10,,N,,N,1899-9161,세종특별자치시청,2025-06-25,5690000,세종특별자치시
보람동_호려울401동앞,무인대여소,,세종특별자치시 보람동 796,36.47637251,127.288505,0:00,23:59,연중무휴,유료,1000원,10,,N,,N,1899-9161,세종특별자치시청,2025-06-25,5690000,세종특별자치시
보람동_호려울101동앞,무인대여소,,세종특별자치시 보람동 664-102,36.475092,127.285866,0:00,23:59,연중무휴,유료,1000원,10,,N,,N,1899-9161,세종특별자치시청,2025-06-25,5690000,세종특별자치시
대평동_시외버스터미널BRT,무인대여소,,세종특별자치시 대평동 643,36.46940665,127.2748595,0:00,23:59,연중무휴,유료,1000원,10,,N,,N,1899-9161,세종특별자치시청,2025-06-25,5690000,세종특별자치시
대평동_BRT,무인대여소,,세종특별자치시 대평동 65-12,36.472159,127.275964,0:00,23:59,연중무휴,유료,1000원,10,,N,,N,1899-9161,세종특별자치시청,2025-06-25,5690000,세종특별자치시
보람동_호려울1004동앞,무인대여소,,세종특별자치시 보람동 650-1,36.482616,127.293302,0:00,23:59,연중무휴,유료,1000원,10,,N,,N,1899-9161,세종특별자치시청,2025-06-25,5690000,세종특별자치시
보람동_호려울1006동앞,무인대여소,,세종특별자치시 보람동 616-3,36.483599,127.294162,0:00,23:59,연중무휴,유료,1000원,10,,N,,N,1899-9161,세종특별자치시청,2025-06-25,5690000,세종특별자치시
다정동_가온511동앞,무인대여소,,세종특별자치시 다정동 323-7,36.494836,127.244934,0:00,23:59,연중무휴,유료,1000원,10,,N,,N,1899-9161,세종특별자치시청,2025-06-25,5690000,세종특별자치시
다정동_가온117동앞,무인대여소,,세종특별자치시 다정동 22-8,36.493015,127.243938,0:00,23:59,연중무휴,유료,1000원,10,,N,,N,1899-9161,세종특별자치시청,2025-06-25,5690000,세종특별자치시
다정동_가온104동앞,무인대여소,,세종특별자치시 다정동 38-28,36.491607,127.246134,0:00,23:59,연중무휴,유료,1000원,10,,N,,N,1899-9161,세종특별자치시청,2025-06-25,5690000,세종특별자치시
다정동_가온124동앞,무인대여소,,세종특별자치시 다정동 363-433,36.4897114,127.2448392,0:00,23:59,연중무휴,유료,1000원,10,,N,,N,1899-9161,세종특별자치시청,2025-06-25,5690000,세종특별자치시
세종동_행복도시세종홍보관,무인대여소,,세종특별자치시 세종동 551-6,36.489532,127.2701197,0:00,23:59,연중무휴,유료,1000원,10,,N,,N,1899-9161,세종특별자치시청,2025-06-25,5690000,세종특별자치시
어진동_LH세종특별본부,무인대여소,,세종특별자치시 어진동 658,36.4951837,127.2659995,0:00,23:59,연중무휴,유료,1000원,10,,N,,N,1899-9161,세종특별자치시청,2025-06-25,5690000,세종특별자치시
세종동_호수공원매화공연장,무인대여소,,세종특별자치시 세종동 1201,36.49717958,127.2734851,0:00,23:59,연중무휴,유료,1000원,10,,N,,N,1899-9161,세종특별자치시청,2025-06-25,5690000,세종특별자치시
벽골제관광지 자전거대여소,무인대여소,전라북도 김제시 부량면 벽골제로 442,전라북도 김제시 부량면 신용리 242-1,35.75462558,126.8531043,10:00,17:00,월요일 정기휴무,무료,무료,15,2,N,,N,063-540-4985,벽골제아리랑사업소,2020-06-30,4711000,전북특별자치도 김제시
삼도2동 탑동해변공연장,무인대여소,제주특별자치도 제주시 중앙로 2,제주특별자치도 제주시 삼도이동 1262,33.51814824,126.5239547,6:00,21:00,연중무휴,무료,,3,,Y,수동식,N,064-728-3555,제주특별자치도 제주시청,2023-11-29,6510000,제주특별자치도 제주시
일도2동 영락교회 앞,무인대여소,,제주특별자치도 제주시 일도이동 488-9,33.51074642,126.543517,6:00,21:00,연중무휴,무료,,3,,Y,수동식,N,064-728-3555,제주특별자치도 제주시청,2023-11-29,6510000,제주특별자치도 제주시
이도2동 벤처마루 앞,무인대여소,,제주특별자치도 제주시 이도이동 1176-126,33.50016657,126.5296602,6:00,21:00,연중무휴,무료,,3,,Y,수동식,N,064-728-3555,제주특별자치도 제주시청,2023-11-29,6510000,제주특별자치도 제주시
연동 롯데시티호텔 뒤 주차장내,무인대여소,,제주특별자치도 제주시 연동 2322-7,33.49105883,126.4860417,6:00,21:00,연중무휴,무료,,3,,Y,수동식,N,064-728-3555,제주특별자치도 제주시청,2023-11-29,6510000,제주특별자치도 제주시
연동 로얄쇼핑센터 앞 주차장내,무인대여소,제주특별자치도 제주시 신대로12길 54,제주특별자치도 제주시 연동 272-56,33.4889361,126.4908883,6:00,21:00,연중무휴,무료,,3,,Y,수동식,N,064-728-3555,제주특별자치도 제주시청,2023-11-29,6510000,제주특별자치도 제주시
연동 설문대여성문화센터 주차장내,무인대여소,제주특별자치도 제주시 선덕로8길 12,제주특별자치도 제주시 연동 324-10,33.48439696,126.5003713,6:00,21:00,연중무휴,무료,,3,,Y,수동식,N,064-728-3555,제주특별자치도 제주시청,2023-11-29,6510000,제주특별자치도 제주시
나성동_한국정책방송원건너편,무인대여소,,세종특별자치시 나성동 787,36.48221836,127.2624241,0:00,23:59,연중무휴,유료,1000원,10,,N,,N,1899-9161,세종특별자치시청,2025-06-25,5690000,세종특별자치시
반곡동_국책연구단지남측 BRT2(집현동방향),무인대여소,,세종특별자치시 반곡동 771-62,36.490897,127.303937,0:00,23:59,연중무휴,유료,1000원,10,,N,,N,1899-9161,세종특별자치시청,2025-06-25,5690000,세종특별자치시
반곡동_국책연구단지남측 BRT1(집현동방향),무인대여소,,세종특별자치시 반곡동 831,36.4941511,127.3058547,0:00,23:59,연중무휴,유료,1000원,10,,N,,N,1899-9161,세종특별자치시청,2025-06-25,5690000,세종특별자치시
반곡동_국책연구단지뒤 BRT2(시청방향),무인대여소,,세종특별자치시 반곡동 771-84,36.492171,127.30418,0:00,23:59,연중무휴,유료,1000원,10,,N,,N,1899-9161,세종특별자치시청,2025-06-25,5690000,세종특별자치시
반곡동_국책연구단지뒤 BRT1(시청방향),무인대여소,,세종특별자치시 반곡동 산56,36.492532,127.304452,0:00,23:59,연중무휴,유료,1000원,10,,N,,N,1899-9161,세종특별자치시청,2025-06-25,5690000,세종특별자치시
반곡동_국토연구원앞,무인대여소,,세종특별자치시 반곡동 771-124,36.491935,127.30001,0:00,23:59,연중무휴,유료,1000원,10,,N,,N,1899-9161,세종특별자치시청,2025-06-25,5690000,세종특별자치시
소담동_새샘803동건너편BRT3,무인대여소,,세종특별자치시 소담동 119,36.487293,127.302129,0:00,23:59,연중무휴,유료,1000원,10,,N,,N,1899-9161,세종특별자치시청,2025-06-25,5690000,세종특별자치시
소담동_새샘803동건너편BRT2,무인대여소,,세종특별자치시 소담동 332-4,36.487034,127.302012,0:00,23:59,연중무휴,유료,1000원,10,,N,,N,1899-9161,세종특별자치시청,2025-06-25,5690000,세종특별자치시
소담동_새샘803동앞BRT1,무인대여소,,세종특별자치시 소담동 332-4,36.487204,127.301409,0:00,23:59,연중무휴,유료,1000원,10,,N,,N,1899-9161,세종특별자치시청,2025-06-25,5690000,세종특별자치시
어진동_지방자치회관건너편,무인대여소,,세종특별자치시 어진동 671,36.49509738,127.2621649,0:00,23:59,연중무휴,유료,1000원,10,,N,,N,1899-9161,세종특별자치시청,2025-06-25,5690000,세종특별자치시
나성동_나릿재202동앞,무인대여소,,세종특별자치시 나성동 684-11,36.487162,127.2652783,0:00,23:59,연중무휴,유료,1000원,10,,N,,N,1899-9161,세종특별자치시청,2025-06-25,5690000,세종특별자치시
나성동_나릿재202동건너편,무인대여소,,세종특별자치시 나성동 696-4,36.4864148,127.2650473,0:00,23:59,연중무휴,유료,1000원,10,,N,,N,1899-9161,세종특별자치시청,2025-06-25,5690000,세종특별자치시
나성동_세종예술의전당 앞,무인대여소,,세종특별자치시 나성동 246-1,36.48546457,127.2660465,0:00,23:59,연중무휴,유료,1000원,10,,N,,N,1899-9161,세종특별자치시청,2025-06-25,5690000,세종특별자치시
나성동_LH분양홍보관,무인대여소,,세종특별자치시 나성동 97-2,36.48142945,127.2687091,0:00,23:59,연중무휴,유료,1000원,10,,N,,N,1899-9161,세종특별자치시청,2025-06-25,5690000,세종특별자치시
나성동_LH분양홍보관건너편1,무인대여소,,세종특별자치시 나성동 182-5,36.482087,127.26861,0:00,23:59,연중무휴,유료,1000원,10,,N,,N,1899-9161,세종특별자치시청,2025-06-25,5690000,세종특별자치시
나성동_LH분양홍보관건너편2,무인대여소,,세종특별자치시 나성동 59-4,36.48118113,127.2691205,0:00,23:59,연중무휴,유료,1000원,10,,N,,N,1899-9161,세종특별자치시청,2025-06-25,5690000,세종특별자치시
소담동_새샘309동앞BRT,무인대여소,,세종특별자치시 소담동 333-18,36.482649,127.297137,0:00,23:59,연중무휴,유료,1000원,10,,N,,N,1899-9161,세종특별자치시청,2025-06-25,5690000,세종특별자치시
소담동_새샘216동앞BRT,무인대여소,,세종특별자치시 소담동 32-123,36.482894,127.298353,0:00,23:59,연중무휴,유료,1000원,10,,N,,N,1899-9161,세종특별자치시청,2025-06-25,5690000,세종특별자치시
소담동_새샘215동앞BRT,무인대여소,,세종특별자치시 소담동 333-32,36.482212,127.297462,0:00,23:59,연중무휴,유료,1000원,10,,N,,N,1899-9161,세종특별자치시청,2025-06-25,5690000,세종특별자치시
한솔동_첫마을6단지 정류장,무인대여소,,세종특별자치시 한솔동 1229,36.47792518,127.2496697,0:00,23:59,연중무휴,유료,1000원,10,,N,,N,1899-9161,세종특별자치시청,2025-06-25,5690000,세종특별자치시
한솔동_첫마을6단지 상가옆,무인대여소,,세종특별자치시 한솔동 1237,36.4769158,127.2540191,0:00,23:59,연중무휴,유료,1000원,10,,N,,N,1899-9161,세종특별자치시청,2025-06-25,5690000,세종특별자치시
보람동_호려울805동앞,무인대여소,,세종특별자치시 보람동 633-10,36.478607,127.295283,0:00,23:59,연중무휴,유료,1000원,10,,N,,N,1899-9161,세종특별자치시청,2025-06-25,5690000,세종특별자치시
다정동_리치타워앞,무인대여소,,세종특별자치시 다정동 363-183,36.493768,127.249401,0:00,23:59,연중무휴,유료,1000원,10,,N,,N,1899-9161,세종특별자치시청,2025-06-25,5690000,세종특별자치시
다정동_다정센타프라자앞,무인대여소,,세종특별자치시 다정동 981,36.49483765,127.2542363,0:00,23:59,연중무휴,유료,1000원,10,,N,,N,1899-9161,세종특별자치시청,2025-06-25,5690000,세종특별자치시
나성동_포레뷰앞BRT,무인대여소,,세종특별자치시 나성동 736,36.49063835,127.2559617,0:00,23:59,연중무휴,유료,1000원,10,,N,,N,1899-9161,세종특별자치시청,2025-06-25,5690000,세종특별자치시
다정동_가온1001동앞,무인대여소,,세종특별자치시 다정동 363-72,36.492507,127.254081,0:00,23:59,연중무휴,유료,1000원,10,,N,,N,1899-9161,세종특별자치시청,2025-06-25,5690000,세종특별자치시
다정동_가온1201동앞,무인대여소,,세종특별자치시 다정동 363-77,36.49264,127.255052,0:00,23:59,연중무휴,유료,1000원,10,,N,,N,1899-9161,세종특별자치시청,2025-06-25,5690000,세종특별자치시
다정동_가온801동앞,무인대여소,,세종특별자치시 다정동 17,36.495699,127.250118,0:00,23:59,연중무휴,유료,1000원,10,,N,,N,1899-9161,세종특별자치시청,2025-06-25,5690000,세종특별자치시
나성동_스타벅스행복타워건너편BRT,무인대여소,,세종특별자치시 나성동 538-10,36.48053722,127.2625604,0:00,23:59,연중무휴,유료,1000원,10,,N,,N,1899-9161,세종특별자치시청,2025-06-25,5690000,세종특별자치시
나성동_스타벅스행복타워BRT,무인대여소,,세종특별자치시 나성동 726,36.48682368,127.2577791,0:00,23:59,연중무휴,유료,1000원,10,,N,,N,1899-9161,세종특별자치시청,2025-06-25,5690000,세종특별자치시
새롬동_새뜸101동옆,무인대여소,,세종특별자치시 새롬동 산83,36.482426,127.250021,0:00,23:59,연중무휴,유료,1000원,10,,N,,N,1899-9161,세종특별자치시청,2025-06-25,5690000,세종특별자치시
반곡동_국책연구단지,무인대여소,,세종특별자치시 반곡동 735,36.496106,127.3031969,0:00,23:59,연중무휴,유료,1000원,10,,N,,N,1899-9161,세종특별자치시청,2025-06-25,5690000,세종특별자치시
어진동_세종소방서옆,무인대여소,,세종특별자치시 어진동 710,36.50709244,127.2700678,0:00,23:59,연중무휴,유료,1000원,10,,N,,N,1899-9161,세종특별자치시청,2025-06-25,5690000,세종특별자치시
어진동_한뜰302동앞,무인대여소,,세종특별자치시 어진동 710,36.50709244,127.2700678,0:00,23:59,연중무휴,유료,1000원,10,,N,,N,1899-9161,세종특별자치시청,2025-06-25,5690000,세종특별자치시
도담동_도램1901동앞,무인대여소,,세종특별자치시 도담동 638,36.51568286,127.2663784,0:00,23:59,연중무휴,유료,1000원,10,,N,,N,1899-9161,세종특별자치시청,2025-06-25,5690000,세종특별자치시
세종동_원수산MTB공원,무인대여소,,세종특별자치시 세종동 659-30,36.52234559,127.2671321,0:00,23:59,연중무휴,유료,1000원,10,,N,,N,1899-9161,세종특별자치시청,2025-06-25,5690000,세종특별자치시
도담동_도램2004동건너편,무인대여소,,세종특별자치시 연기면 세종리 산407,36.519649,127.264262,0:00,23:59,연중무휴,유료,1000원,10,,N,,N,1899-9161,세종특별자치시청,2025-06-25,5690000,세종특별자치시
도담동_늘봄초등학교,무인대여소,,세종특별자치시 도담동 688,36.51436121,127.2551313,0:00,23:59,연중무휴,유료,1000원,10,,N,,N,1899-9161,세종특별자치시청,2025-06-25,5690000,세종특별자치시
어진동_홈플러스건너편,무인대여소,,세종특별자치시 도담동 843,36.508184,127.2583563,0:00,23:59,연중무휴,유료,1000원,10,,N,,N,1899-9161,세종특별자치시청,2025-06-25,5690000,세종특별자치시
어진동_세종대성고등학교,무인대여소,,세종특별자치시 어진동 680,36.49713137,127.2546814,0:00,23:59,연중무휴,유료,1000원,10,,N,,N,1899-9161,세종특별자치시청,2025-06-25,5690000,세종특별자치시
어진동_공정거래위원회(2동-2),무인대여소,,세종특별자치시 어진동 713,36.50237871,127.2662632,0:00,23:59,연중무휴,유료,1000원,10,,N,,N,1899-9161,세종특별자치시청,2025-06-25,5690000,세종특별자치시
어진동_국토교통부 북문,무인대여소,,세종특별자치시 어진동 560,36.50491252,127.2624411,0:00,23:59,연중무휴,유료,1000원,10,,N,,N,1899-9161,세종특별자치시청,2025-06-25,5690000,세종특별자치시
어진동_정부세종청사 중앙동 건너편 정류장,무인대여소,,세종특별자치시 어진동 629,36.50172658,127.2682195,0:00,23:59,연중무휴,유료,1000원,10,,N,,N,1899-9161,세종특별자치시청,2025-06-25,5690000,세종특별자치시
어진동_보건복지부(10동-1),무인대여소,,세종특별자치시 어진동 721,36.50169604,127.2629551,0:00,23:59,연중무휴,유료,1000원,10,,N,,N,1899-9161,세종특별자치시청,2025-06-25,5690000,세종특별자치시
어진동_교육부(14동-1),무인대여소,,세종특별자치시 어진동 579,36.49947356,127.2642734,0:00,23:59,연중무휴,유료,1000원,10,,N,,N,1899-9161,세종특별자치시청,2025-06-25,5690000,세종특별자치시
어진동_문화체육관광부(15동-3),무인대여소,,세종특별자치시 어진동 650,36.49787689,127.2654335,0:00,23:59,연중무휴,유료,1000원,10,,N,,N,1899-9161,세종특별자치시청,2025-06-25,5690000,세종특별자치시
보람동_세종시청 동편,무인대여소,,세종특별자치시 보람동 718,36.48046868,127.289757,0:00,23:59,연중무휴,유료,1000원,10,,N,,N,1899-9161,세종특별자치시청,2025-06-25,5690000,세종특별자치시
어진동_세종비지니스센터빌딩 건너편,무인대여소,,세종특별자치시 어진동 747,36.49592829,127.265634,0:00,23:59,연중무휴,유료,1000원,10,,N,,N,1899-9161,세종특별자치시청,2025-06-25,5690000,세종특별자치시
어진동_푸르지오시티앞,무인대여소,,세종특별자치시 어진동 748,36.4950241,127.2628772,0:00,23:59,연중무휴,유료,1000원,10,,N,,N,1899-9161,세종특별자치시청,2025-06-25,5690000,세종특별자치시
어진동_엘큐브리빙앞,무인대여소,,세종특별자치시 어진동 669,36.49636977,127.2628392,0:00,23:59,연중무휴,유료,1000원,10,,N,,N,1899-9161,세종특별자치시청,2025-06-25,5690000,세종특별자치시
어진동_세종파이낸스3차 건너편,무인대여소,,세종특별자치시 어진동 747,36.49592829,127.2656268,0:00,23:59,연중무휴,유료,1000원,10,,N,,N,1899-9161,세종특별자치시청,2025-06-25,5690000,세종특별자치시
어진동_세종파이낸스3차앞,무인대여소,,세종특별자치시 어진동 666,36.49744603,127.259874,0:00,23:59,연중무휴,유료,1000원,10,,N,,N,1899-9161,세종특별자치시청,2025-06-25,5690000,세종특별자치시
나성동_나릿재5단지 버스정류장,무인대여소,,세종특별자치시 나성동 801,36.49129988,127.2581797,0:00,23:59,연중무휴,유료,1000원,10,,N,,N,1899-9161,세종특별자치시청,2025-06-25,5690000,세종특별자치시
나성동_현대자동차 앞,무인대여소,,세종특별자치시 나성동 761,36.490977,127.256961,0:00,23:59,연중무휴,유료,1000원,10,,N,,N,1899-9161,세종특별자치시청,2025-06-25,5690000,세종특별자치시
나성동_메가타워1건너편,무인대여소,,세종특별자치시 나성동 804,36.48949254,127.258585,0:00,23:59,연중무휴,유료,1000원,10,,N,,N,1899-9161,세종특별자치시청,2025-06-25,5690000,세종특별자치시
나성동_한국정책방송원동문건너편,무인대여소,,세종특별자치시 나성동 465,36.4845414,127.2622626,0:00,23:59,연중무휴,유료,1000원,10,,N,,N,1899-9161,세종특별자치시청,2025-06-25,5690000,세종특별자치시
대정동 모다아울렛,무인대여소,"대전광역시 유성구 대정로5, (대정동)",대전광역시 유성구 대정동 303-2,36.31292299,127.3195794,5:00,23:59,"연중무휴(설, 추석 당일 2일 제외)",유료,1시간 500원,15,15,N,,N,042-610-1824,대전광역시 시설관리공단,2020-11-20,6300000,대전광역시
대전보건대,무인대여소,"대전광역시 동구 충정로5, (가양동, 조일)",대전광역시 동구 가양동 88-1,36.34903934,127.4520454,5:00,23:59,"연중무휴(설, 추석 당일 2일 제외)",유료,1시간 500원,14,14,N,,N,042-610-1824,대전광역시 시설관리공단,2020-11-20,6300000,대전광역시
정림삼거리,무인대여소,"대전광역시 서구 계백로1268, (정림동)",대전광역시 서구 정림동 497,36.30706462,127.3638253,5:00,23:59,"연중무휴(설, 추석 당일 2일 제외)",유료,1시간 500원,15,15,N,,N,042-610-1824,대전광역시 시설관리공단,2020-11-20,6300000,대전광역시
가양비래공원네거리,무인대여소,"대전광역시 대덕구 우암로394, (비래동, 현대)",대전광역시 대덕구 비래동 47-1,36.35401151,127.4553977,5:00,23:59,"연중무휴(설, 추석 당일 2일 제외)",유료,1시간 500원,13,13,N,,N,042-610-1824,대전광역시 시설관리공단,2020-11-20,6300000,대전광역시
갈마아파트 한마음동산,무인대여소,,대전광역시 서구 갈마동 392-6,36.34412825,127.3680142,5:00,23:59,"연중무휴(설, 추석 당일 2일 제외)",유료,1시간 500원,15,15,N,,N,042-610-1824,대전광역시 시설관리공단,2020-11-20,6300000,대전광역시
갈마중학교(서부장로교회),무인대여소,"대전광역시 서구 신갈마로176, (갈마동, 시티팰리스)",대전광역시 서구 갈마동 338-1,36.34947519,127.3684947,5:00,23:59,"연중무휴(설, 추석 당일 2일 제외)",유료,1시간 500원,15,15,N,,N,042-610-1824,대전광역시 시설관리공단,2020-11-20,6300000,대전광역시
머티네거리,무인대여소,"대전광역시 중구 대둔산로450, (산성동, 사랑드림)",대전광역시 중구 산성동 160-9,36.309138,127.3881505,5:00,23:59,"연중무휴(설, 추석 당일 2일 제외)",유료,1시간 500원,15,15,N,,N,042-610-1824,대전광역시 시설관리공단,2020-11-20,6300000,대전광역시
문화초등학교네거리,무인대여소,"대전광역시 중구 유천로4, (유천동)",대전광역시 중구 유천동 168-8,36.31307115,127.3995676,5:00,23:59,"연중무휴(설, 추석 당일 2일 제외)",유료,1시간 500원,10,10,N,,N,042-610-1824,대전광역시 시설관리공단,2020-11-20,6300000,대전광역시
충대병원입구(건너편),무인대여소,"대전광역시 중구 보문산로388번길9-5, (대사동)",대전광역시 중구 대사동 248-29,36.31574994,127.4182562,5:00,23:59,"연중무휴(설, 추석 당일 2일 제외)",유료,1시간 500원,15,15,N,,N,042-610-1824,대전광역시 시설관리공단,2020-11-20,6300000,대전광역시
초록마을아파트3단지,무인대여소,,대전광역시 서구 복수동 613,36.30051981,127.3789651,5:00,23:59,"연중무휴(설, 추석 당일 2일 제외)",유료,1시간 500원,15,15,N,,N,042-610-1824,대전광역시 시설관리공단,2020-11-20,6300000,대전광역시
건양대학교병원,무인대여소,"대전광역시 서구 계백로1059, (관저동)",대전광역시 서구 관저동 1900,36.30327399,127.3411527,5:00,23:59,"연중무휴(설, 추석 당일 2일 제외)",유료,1시간 500원,15,15,N,,N,042-610-1824,대전광역시 시설관리공단,2020-11-20,6300000,대전광역시
지족초등학교,무인대여소,"대전광역시 유성구 노은서로222, (지족동, 열매마을삼부1단지)",대전광역시 유성구 지족동 853,36.37961105,127.3172615,5:00,23:59,"연중무휴(설, 추석 당일 2일 제외)",유료,1시간 500원,15,15,N,,N,042-610-1824,대전광역시 시설관리공단,2020-11-20,6300000,대전광역시
외삼네거리(603동),무인대여소,"대전광역시 유성구 반석서로98, (반석동, 반석마을삼부르네상스2차6단지)",대전광역시 유성구 반석동 613,36.39317981,127.3087268,5:00,23:59,"연중무휴(설, 추석 당일 2일 제외)",유료,1시간 500원,15,15,N,,N,042-610-1824,대전광역시 시설관리공단,2020-11-20,6300000,대전광역시
송림네거리,무인대여소,"대전광역시 유성구 송림로20, (하기동, 송림마을우미이노스빌1차2단지)",대전광역시 유성구 하기동 516,36.38742956,127.3196789,5:00,23:59,"연중무휴(설, 추석 당일 2일 제외)",유료,1시간 500원,14,14,N,,N,042-610-1824,대전광역시 시설관리공단,2020-11-20,6300000,대전광역시
대덕구보건소네거리(자연애마트),무인대여소,"대전광역시 대덕구 덕암로265번길3, (덕암동)",대전광역시 대덕구 덕암동 12-1,36.44373237,127.4249678,5:00,23:59,"연중무휴(설, 추석 당일 2일 제외)",유료,1시간 500원,13,13,N,,N,042-610-1824,대전광역시 시설관리공단,2020-11-20,6300000,대전광역시
석봉문화센터,무인대여소,"대전광역시 대덕구 석봉로38, (석봉동)",대전광역시 대덕구 석봉동 184-1,36.44717334,127.4264819,5:00,23:59,"연중무휴(설, 추석 당일 2일 제외)",유료,1시간 500원,15,15,N,,N,042-610-1824,대전광역시 시설관리공단,2020-11-20,6300000,대전광역시
읍내동우편취급국,무인대여소,"대전광역시 대덕구 대전로1397, (읍내동)",대전광역시 대덕구 읍내동 251-4,36.37860875,127.4212558,5:00,23:59,"연중무휴(설, 추석 당일 2일 제외)",유료,1시간 500원,12,12,N,,N,042-610-1824,대전광역시 시설관리공단,2020-11-20,6300000,대전광역시
동부평생교육원,무인대여소,,대전광역시 대덕구 법동 440-1,36.37426283,127.4283648,5:00,23:59,"연중무휴(설, 추석 당일 2일 제외)",유료,1시간 500원,15,15,N,,N,042-610-1824,대전광역시 시설관리공단,2020-11-20,6300000,대전광역시
회덕농협(건너편),무인대여소,"대전광역시 대덕구 계족로756, (읍내동)",대전광역시 대덕구 읍내동 573-4,36.37874508,127.4271172,5:00,23:59,"연중무휴(설, 추석 당일 2일 제외)",유료,1시간 500원,15,15,N,,N,042-610-1824,대전광역시 시설관리공단,2020-11-20,6300000,대전광역시
가양초등학교,무인대여소,"대전광역시 동구 우암로234, (가양동)",대전광역시 동구 가양동 288-6,36.34356107,127.4425698,5:00,23:59,"연중무휴(설, 추석 당일 2일 제외)",유료,1시간 500원,15,15,N,,N,042-610-1824,대전광역시 시설관리공단,2020-11-20,6300000,대전광역시
대전대 후문,무인대여소,,대전광역시 동구 용운동 631,36.33459582,127.4567913,5:00,23:59,"연중무휴(설, 추석 당일 2일 제외)",유료,1시간 500원,15,15,N,,N,042-610-1824,대전광역시 시설관리공단,2020-11-20,6300000,대전광역시
대성삼거리,무인대여소,"대전광역시 동구 대전로307, (대성동)",대전광역시 동구 대성동 200-4,36.29520056,127.460504,5:00,23:59,"연중무휴(설, 추석 당일 2일 제외)",유료,1시간 500원,14,14,N,,N,042-610-1824,대전광역시 시설관리공단,2020-11-20,6300000,대전광역시
낭월 오투그란데(108동 맞은편),무인대여소,"대전광역시 동구 산내로1366-1, (낭월동)",대전광역시 동구 낭월동 215-2,36.28517527,127.465816,5:00,23:59,"연중무휴(설, 추석 당일 2일 제외)",유료,1시간 500원,14,14,N,,N,042-610-1824,대전광역시 시설관리공단,2020-11-20,6300000,대전광역시
건입동 국민체육센터 앞,무인대여소,제주특별자치도 제주시 사라봉동길 21-1,제주특별자치도 제주시 건입동 538,33.5137924,126.5465109,6:00,21:00,연중무휴,무료,,3,,Y,수동식,N,064-728-3555,제주특별자치도 제주시청,2023-11-29,6510000,제주특별자치도 제주시
송지호 자전거대여소,유인대여소,강원특별자치도 죽왕면 동해대로 6021,강원특별자치도 고성군 죽왕면 오봉리 9-34,38.33623615,128.5175989,9:00,18:00,"매주월요일+매월 첫째,마지막주 평일",무료,,44,2,Y,,N,033-680-3365,강원특별자치도 고성군청,2024-08-14,4341000,강원특별자치도 고성군
스마트치유센터,유인대여소,전라남도 완도군 군외면 청해진북로 592,전라남도 완도군 군외면 불목리 263-2,34.39057908,126.6989447,9:00,18:00,월,유료,1일권 5천원,10,4,Y,수동식,N,061-555-9991,전라남도 완도군청,2024-08-14,5900000,전남광주통합특별시 완도군
곡성 청소년야영장,유인대여소,전라남도 곡성군 고달면 가정마을길 51,전라남도 곡성군 고달면 두가리 627-2,35.22779899,127.369723,9:00,18:00,연중무휴,유료,,50,,Y,,N,061-362-4186,전라남도 곡성군청,2024-06-17,5835000,전남광주통합특별시 곡성군
부사네거리,무인대여소,"대전광역시 중구 보문로66, (부사동)",대전광역시 중구 부사동 129-5,36.31344542,127.4338749,5:00,23:59,"연중무휴(설, 추석 당일 2일 제외)",유료,1시간 500원,10,10,N,,N,042-610-1824,대전광역시 시설관리공단,2020-11-20,6300000,대전광역시
대흥네거리,무인대여소,"대전광역시 중구 대종로435, (대흥동)",대전광역시 중구 대흥동 173-5,36.32366719,127.4284997,5:00,23:59,"연중무휴(설, 추석 당일 2일 제외)",유료,1시간 500원,11,11,N,,N,042-610-1824,대전광역시 시설관리공단,2020-11-20,6300000,대전광역시
대전고오거리,무인대여소,"대전광역시 중구 대흥로110, (대흥동)",대전광역시 중구 대흥동 320-2,36.322426,127.4233856,5:00,23:59,"연중무휴(설, 추석 당일 2일 제외)",유료,1시간 500원,11,11,N,,N,042-610-1824,대전광역시 시설관리공단,2020-11-20,6300000,대전광역시
삼성네거리,무인대여소,"대전광역시 동구 대전로857, (삼성동)",대전광역시 동구 삼성동 112-1,36.33577985,127.4303497,5:00,23:59,"연중무휴(설, 추석 당일 2일 제외)",유료,1시간 500원,13,13,N,,N,042-610-1824,대전광역시 시설관리공단,2020-11-20,6300000,대전광역시
성남네거리,무인대여소,"대전광역시 동구 계족로323, (성남동)",대전광역시 동구 성남동 50-1,36.34101312,127.4354249,5:00,23:59,"연중무휴(설, 추석 당일 2일 제외)",유료,1시간 500원,10,10,N,,N,042-610-1824,대전광역시 시설관리공단,2020-11-20,6300000,대전광역시
원동네거리,무인대여소,"대전광역시 동구 대전로753, (원동)",대전광역시 동구 원동 36-1,36.32703995,127.4346344,5:00,23:59,"연중무휴(설, 추석 당일 2일 제외)",유료,1시간 500원,9,9,N,,N,042-610-1824,대전광역시 시설관리공단,2020-11-20,6300000,대전광역시
인동네거리,무인대여소,"대전광역시 동구 대전로690, (인동)",대전광역시 동구 인동 116-18,36.32199974,127.4380008,5:00,23:59,"연중무휴(설, 추석 당일 2일 제외)",유료,1시간 500원,11,11,N,,N,042-610-1824,대전광역시 시설관리공단,2020-11-20,6300000,대전광역시
대덕문화원,무인대여소,"대전광역시 대덕구 대전로1348, (읍내동)",대전광역시 대덕구 읍내동 324-5,36.37411762,127.4206537,5:00,23:59,"연중무휴(설, 추석 당일 2일 제외)",유료,1시간 500원,12,12,N,,N,042-610-1824,대전광역시 시설관리공단,2020-11-20,6300000,대전광역시
한밭도서관,무인대여소,"대전광역시 중구 서문로32, (문화동, 한밭우성1차아파트)",대전광역시 중구 문화동 141,36.31130317,127.4101489,5:00,23:59,"연중무휴(설, 추석 당일 2일 제외)",유료,1시간 500원,11,11,N,,N,042-610-1824,대전광역시 시설관리공단,2020-11-20,6300000,대전광역시
호동우체국(건너편),무인대여소,"대전광역시 중구 대종로149, (호동)",대전광역시 중구 호동 10-14,36.30501648,127.4488786,5:00,23:59,"연중무휴(설, 추석 당일 2일 제외)",유료,1시간 500원,10,10,N,,N,042-610-1824,대전광역시 시설관리공단,2020-11-20,6300000,대전광역시
석교동주민센터,무인대여소,"대전광역시 중구 대종로232, (석교동)",대전광역시 중구 석교동 12-7,36.30989655,127.4420071,5:00,23:59,"연중무휴(설, 추석 당일 2일 제외)",유료,1시간 500원,12,12,N,,N,042-610-1824,대전광역시 시설관리공단,2020-11-20,6300000,대전광역시
보문산오거리,무인대여소,"대전광역시 중구 보문로163, (대사동)",대전광역시 중구 대사동 118-9,36.31766847,127.4254919,5:00,23:59,"연중무휴(설, 추석 당일 2일 제외)",유료,1시간 500원,12,12,N,,N,042-610-1824,대전광역시 시설관리공단,2020-11-20,6300000,대전광역시
신흥마을아파트(102동),무인대여소,"대전광역시 동구 옥천로38, (신흥동, 신흥마을주공)",대전광역시 동구 신흥동 212,36.32100391,127.4447793,5:00,23:59,"연중무휴(설, 추석 당일 2일 제외)",유료,1시간 500원,12,12,N,,N,042-610-1824,대전광역시 시설관리공단,2020-11-20,6300000,대전광역시
교촌제이파크(101동),무인대여소,"대전광역시 유성구 진잠로149번길24, (교촌동, 제이파크)",대전광역시 유성구 교촌동 617,36.30503787,127.3197257,5:00,23:59,"연중무휴(설, 추석 당일 2일 제외)",유료,1시간 500원,12,12,N,,N,042-610-1824,대전광역시 시설관리공단,2020-11-20,6300000,대전광역시
샘물타운아파트(301동),무인대여소,"대전광역시 유성구 원내로52, (원내동, 샘물타운아파트)",대전광역시 유성구 원내동 321-1,36.29886819,127.3204138,5:00,23:59,"연중무휴(설, 추석 당일 2일 제외)",유료,1시간 500원,12,12,N,,N,042-610-1824,대전광역시 시설관리공단,2020-11-20,6300000,대전광역시
구봉초등학교(건너편),무인대여소,"대전광역시 서구 관저서로70, (관저동)",대전광역시 서구 관저동 1147,36.29866815,127.3297012,5:00,23:59,"연중무휴(설, 추석 당일 2일 제외)",유료,1시간 500원,12,12,N,,N,042-610-1824,대전광역시 시설관리공단,2020-11-20,6300000,대전광역시
양우건설 내안애,무인대여소,,대전광역시 유성구 원신흥동 589,36.34450445,127.3474125,5:00,23:59,"연중무휴(설, 추석 당일 2일 제외)",유료,1시간 500원,13,13,N,,N,042-610-1824,대전광역시 시설관리공단,2020-11-20,6300000,대전광역시
한밭수목원2,무인대여소,"대전광역시 서구 둔산대로135, (만년동)",대전광역시 서구 만년동 396,36.36661532,127.383757,5:00,23:59,"연중무휴(설, 추석 당일 2일 제외)",유료,1시간 500원,20,20,N,,N,042-610-1824,대전광역시 시설관리공단,2020-11-20,6300000,대전광역시
비래동 산림조합,무인대여소,"대전광역시 대덕구 비래서로23, (비래동)",대전광역시 대덕구 비래동 123-7,36.35512814,127.4473232,5:00,23:59,"연중무휴(설, 추석 당일 2일 제외)",유료,1시간 500원,12,12,N,,N,042-610-1824,대전광역시 시설관리공단,2020-11-20,6300000,대전광역시
오정우체국(건너편),무인대여소,"대전광역시 대덕구 대전로1100, (오정동)",대전광역시 대덕구 오정동 432-4,36.35259887,127.4157211,5:00,23:59,"연중무휴(설, 추석 당일 2일 제외)",유료,1시간 500원,11,11,N,,N,042-610-1824,대전광역시 시설관리공단,2020-11-20,6300000,대전광역시
현충원역 3번출구,무인대여소,"대전광역시 유성구 현충원로443번길4, (구암동)",대전광역시 유성구 구암동 424-67,36.35973916,127.3205212,5:00,23:59,"연중무휴(설, 추석 당일 2일 제외)",유료,1시간 500원,15,15,N,,N,042-610-1824,대전광역시 시설관리공단,2020-11-20,6300000,대전광역시
한밭대 입구,무인대여소,"대전광역시 유성구 동서대로125, (덕명동)",대전광역시 유성구 덕명동 16-1,36.34530307,127.3051388,5:00,23:59,"연중무휴(설, 추석 당일 2일 제외)",유료,1시간 500원,15,15,N,,N,042-610-1824,대전광역시 시설관리공단,2020-11-20,6300000,대전광역시
엑스포아파트4단지(건너편),무인대여소,"대전광역시 유성구 엑스포로455, (전민동)",대전광역시 유성구 전민동 385-8,36.39697557,127.4045987,5:00,23:59,"연중무휴(설, 추석 당일 2일 제외)",유료,1시간 500원,10,10,N,,N,042-610-1824,대전광역시 시설관리공단,2020-11-20,6300000,대전광역시
전민동주민센터(건너편),무인대여소,"대전광역시 유성구 유성대로1734, (전민동)",대전광역시 유성구 전민동 304-5,36.39937703,127.4018157,5:00,23:59,"연중무휴(설, 추석 당일 2일 제외)",유료,1시간 500원,10,10,N,,N,042-610-1824,대전광역시 시설관리공단,2020-11-20,6300000,대전광역시
반석역 1번출구,무인대여소,,대전광역시 유성구 반석동 694,36.3912323,127.3148526,5:00,23:59,"연중무휴(설, 추석 당일 2일 제외)",유료,1시간 500원,12,12,N,,N,042-610-1824,대전광역시 시설관리공단,2020-11-20,6300000,대전광역시
노은역 3번출구,무인대여소,"대전광역시 유성구 노은로166, (지족동)",대전광역시 유성구 지족동 901-5,36.37445348,127.3184098,5:00,23:59,"연중무휴(설, 추석 당일 2일 제외)",유료,1시간 500원,11,11,N,,N,042-610-1824,대전광역시 시설관리공단,2020-11-20,6300000,대전광역시
관저1동주민센터,무인대여소,"대전광역시 서구 관저북로24, (관저동)",대전광역시 서구 관저동 999-3,36.30385686,127.3373509,5:00,23:59,"연중무휴(설, 추석 당일 2일 제외)",유료,1시간 500원,11,11,N,,N,042-610-1824,대전광역시 시설관리공단,2020-11-20,6300000,대전광역시
관저2동주민센터,무인대여소,"대전광역시 서구 관저중로82, (관저동)",대전광역시 서구 관저동 1104,36.29928458,127.3351961,5:00,23:59,"연중무휴(설, 추석 당일 2일 제외)",유료,1시간 500원,11,11,N,,N,042-610-1824,대전광역시 시설관리공단,2020-11-20,6300000,대전광역시
건양대네거리,무인대여소,"대전광역시 서구 관저북로14, (관저동, 원앙마을4단지)",대전광역시 서구 관저동 999,36.30244762,127.3383871,5:00,23:59,"연중무휴(설, 추석 당일 2일 제외)",유료,1시간 500원,13,13,N,,N,042-610-1824,대전광역시 시설관리공단,2020-11-20,6300000,대전광역시
가수원네거리(전통시장 입구),무인대여소,"대전광역시 서구 계백로1166-3, (가수원동)",대전광역시 서구 가수원동 764-11,36.30470827,127.3529657,5:00,23:59,"연중무휴(설, 추석 당일 2일 제외)",유료,1시간 500원,11,11,N,,N,042-610-1824,대전광역시 시설관리공단,2020-11-20,6300000,대전광역시
무지개아파트,무인대여소,"대전광역시 서구 한밭대로701, (월평동, 갤러리빌럭스)",대전광역시 서구 월평동 298,36.35818936,127.3769261,5:00,23:59,"연중무휴(설, 추석 당일 2일 제외)",유료,1시간 500원,12,12,N,,N,042-610-1824,대전광역시 시설관리공단,2020-11-20,6300000,대전광역시
두 바퀴로 그린 자전거 여행,유인대여소,전라남도 강진군 강진읍 생태공원길 47,전라남도 강진군 강진읍 남포리 548,34.62044753,126.7734323,10:00,17:00,8월+12월+1월+2월,유료,1인용(1천원)+2인용(2천원),132,0,Y,기계식,N,061-434-7330,강진군체육회,2025-09-04,5865000,전남광주통합특별시 강진군
순천시 보건소,무인대여소,,전라남도 순천시 연향동 1455,34.94933861,127.5249646,0:00,23:59,연중무휴,유료,일일이용 : 1000원,6,15,Y,수동식,N,061-749-4883,전라남도 순천시청 교통정책과,2025-09-03,5790000,전남광주통합특별시 순천시
순천검찰청,무인대여소,,전라남도 순천시 연향동 검찰청 단지,34.94123981,127.519439,0:00,23:59,연중무휴,유료,일일이용 : 1000원,6,15,Y,수동식,N,061-749-4883,전라남도 순천시청 교통정책과,2025-09-03,5790000,전남광주통합특별시 순천시
둔덕동 주민센터,무인대여소,,전라남도 여수시 둔덕동 436-3,34.76929336,127.6946465,0:01,23:59,연중무휴,유료,정기권 1년 3만원+정기권6개월 1만8천원+정기권 1개월 5천원+일일권 1천원,10,10,N,수동식,N,061-659-4567,전라남도 여수시청,2025-06-12,5785000,전남광주통합특별시 여수시
양지바름공원[(구)덕양역],무인대여소,,전라남도 여수시 소라면 덕양리 1412-24,34.79933725,127.631796,0:01,23:59,연중무휴,유료,정기권 1년 3만원+정기권6개월 1만8천원+정기권 1개월 5천원+일일권 1천원,20,20,N,수동식,N,061-659-4567,전라남도 여수시청,2025-06-12,5785000,전남광주통합특별시 여수시
여수시민회관,무인대여소,,전라남도 여수시 광무동 42-4,34.74709238,127.7279291,0:01,23:59,연중무휴,유료,정기권 1년 3만원+정기권6개월 1만8천원+정기권 1개월 5천원+일일권 1천원,15,15,N,수동식,N,061-659-4567,전라남도 여수시청,2025-06-12,5785000,전남광주통합특별시 여수시
여천동 주민센터 앞,무인대여소,,전라남도 여수시 선원동 768-2,34.777018,127.652472,0:01,23:59,연중무휴,유료,정기권 1년 3만원+정기권6개월 1만8천원+정기권 1개월 5천원+일일권 1천원,10,10,Y,수동식,N,061-659-4567,전라남도 여수시청,2025-06-12,5785000,전남광주통합특별시 여수시
가곡마을 입구,무인대여소,,전라남도 여수시 선원동 215-2,34.76815213,127.6621969,0:01,23:59,연중무휴,유료,정기권 1년 3만원+정기권6개월 1만8천원+정기권 1개월 5천원+일일권 1천원,10,10,Y,수동식,N,061-659-4567,전라남도 여수시청,2025-06-12,5785000,전남광주통합특별시 여수시
만흥공원,무인대여소,,전라남도 여수시 만흥동 산 258-9,34.772974,127.7439482,0:01,23:59,연중무휴,유료,정기권 1년 3만원+정기권6개월 1만8천원+정기권 1개월 5천원+일일권 1천원,10,10,N,,N,061-659-4567,전라남도 여수시청,2025-06-12,5785000,전남광주통합특별시 여수시
내동마을 입구,무인대여소,,전라남도 여수시 오림동 381-14,34.76021062,127.7180569,0:01,23:59,연중무휴,유료,정기권 1년 3만원+정기권6개월 1만8천원+정기권 1개월 5천원+일일권 1천원,10,10,N,,N,061-659-4567,전라남도 여수시청,2025-06-12,5785000,전남광주통합특별시 여수시
미평공원,무인대여소,,전라남도 여수시 미평동 598-9,34.76807201,127.7031974,0:01,23:59,연중무휴,유료,정기권 1년 3만원+정기권6개월 1만8천원+정기권 1개월 5천원+일일권 1천원,20,20,Y,수동식,N,061-659-4567,전라남도 여수시청,2025-06-12,5785000,전남광주통합특별시 여수시
해양경찰서 앞,무인대여소,,전라남도 여수시 여서동 222-1,34.755512,127.7081167,0:01,23:59,연중무휴,유료,정기권 1년 3만원+정기권6개월 1만8천원+정기권 1개월 5천원+일일권 1천원,12,12,N,,N,061-659-4567,전라남도 여수시청,2025-06-12,5785000,전남광주통합특별시 여수시
여수수협 앞,무인대여소,,전라남도 여수시 봉산동 96-6,34.72971661,127.7240516,0:01,23:59,연중무휴,유료,정기권 1년 3만원+정기권6개월 1만8천원+정기권 1개월 5천원+일일권 1천원,12,12,N,,N,061-659-4567,전라남도 여수시청,2025-06-12,5785000,전남광주통합특별시 여수시
삼일중 입구,무인대여소,전라남도 여수시 소라면 죽림로 26,전라남도 여수시 소라면 죽림리 1126,34.7636104,127.6407695,0:01,23:59,연중무휴,유료,정기권 1년 3만원+정기권6개월 1만8천원+정기권 1개월 5천원+일일권 1천원,12,12,N,,N,061-659-4567,전라남도 여수시청,2025-06-12,5785000,전남광주통합특별시 여수시
소호요트경기장,무인대여소,전라남도 여수시 소호로 392,전라남도 여수시 소호동 505-2,34.73879444,127.6508592,0:01,23:59,연중무휴,유료,정기권 1년 3만원+정기권6개월 1만8천원+정기권 1개월 5천원+일일권 1천원,19,19,N,,N,061-659-4567,전라남도 여수시청,2025-06-12,5785000,전남광주통합특별시 여수시
진남체육공원,무인대여소,전라남도 여수시 진남체육관길 74,전라남도 여수시 오림동 104,34.76161826,127.7266455,0:01,23:59,연중무휴,유료,정기권 1년 3만원+정기권6개월 1만8천원+정기권 1개월 5천원+일일권 1천원,12,12,N,,N,061-659-4567,전라남도 여수시청,2025-06-12,5785000,전남광주통합특별시 여수시
전남대 정문,무인대여소,전라남도 여수시 대학로 50,전라남도 여수시 둔덕동 산 96-1,34.7729995,127.7005509,0:01,23:59,연중무휴,유료,정기권 1년 3만원+정기권6개월 1만8천원+정기권 1개월 5천원+일일권 1천원,15,15,N,,N,061-659-4567,전라남도 여수시청,2025-06-12,5785000,전남광주통합특별시 여수시
여수연안여객선터미널,무인대여소,전라남도 여수시 여객선터미널길 24,전라남도 여수시 교동 680,34.73814206,127.7317636,0:01,23:59,연중무휴,유료,정기권 1년 3만원+정기권6개월 1만8천원+정기권 1개월 5천원+일일권 1천원,15,15,N,,N,061-659-4567,전라남도 여수시청,2025-06-12,5785000,전남광주통합특별시 여수시
버스터미널,무인대여소,전라남도 여수시 좌수영로 268,전라남도 여수시 오림동 390,34.75829995,127.7164709,0:01,23:59,연중무휴,유료,정기권 1년 3만원+정기권6개월 1만8천원+정기권 1개월 5천원+일일권 1천원,15,15,N,,N,061-659-4567,전라남도 여수시청,2025-06-12,5785000,전남광주통합특별시 여수시
향교대여소,유인대여소,,전북특별자치도 전주시 완산구 교동21-2,35.81160383,127.1576279,9:00,18:00,월+추석당일+1~2월,유료,1천원/1일,35,1,Y,기계식,N,063-281-2568,전북특별자치도 전주시청,2025-02-06,4641000,전북특별자치도 전주시
순천법원,무인대여소,,전라남도 순천시 연향동 법원 단지,34.94123981,127.519439,0:00,23:59,연중무휴,유료,일일이용 : 1000원,6,15,Y,수동식,N,061-749-4883,전라남도 순천시청 교통정책과,2025-09-03,5790000,전남광주통합특별시 순천시
순천여객자동차터미널,무인대여소,,전라남도 순천시 연향동 1220,34.94720657,127.5146527,0:00,23:59,연중무휴,유료,일일이용 : 1000원,8,15,Y,수동식,N,061-749-4883,전라남도 순천시청 교통정책과,2025-09-03,5790000,전남광주통합특별시 순천시
왕지지구 이마트 앞,무인대여소,,전라남도 순천시 왕지동,34.9746214,127.5334492,0:00,23:59,연중무휴,유료,일일이용 : 1000원,10,15,Y,수동식,N,061-749-4883,전라남도 순천시청 교통정책과,2025-09-03,5790000,전남광주통합특별시 순천시
신대근린공원,무인대여소,,전라남도 순천시 해룡면 신대2지구,34.9103053,127.5463423,0:00,23:59,연중무휴,유료,일일이용 : 1000원,8,15,Y,수동식,N,061-749-4883,전라남도 순천시청 교통정책과,2025-09-03,5790000,전남광주통합특별시 순천시
순천만잡월드,무인대여소,,전라남도 순천시 해룡면 세방리,34.9103053,127.5463423,0:00,23:59,연중무휴,유료,일일이용 : 1000원,8,15,Y,수동식,N,061-749-4883,전라남도 순천시청 교통정책과,2025-09-03,5790000,전남광주통합특별시 순천시
순천향교 근처,무인대여소,,전라남도 순천시 옥천동,34.95201031,127.4752525,0:00,23:59,연중무휴,유료,일일이용 : 1000원,5,15,Y,수동식,N,061-749-4883,전라남도 순천시청 교통정책과,2025-09-03,5790000,전남광주통합특별시 순천시
연향 메가박스 앞,무인대여소,,전라남도 순천시 연향동 1483,34.94665081,127.5245969,0:00,23:59,연중무휴,유료,일일이용 : 1000원,8,15,Y,수동식,N,061-749-4883,전라남도 순천시청 교통정책과,2025-09-03,5790000,전남광주통합특별시 순천시
반석 더샵,무인대여소,,대전광역시 유성구 반석동 704,36.39004661,127.3045967,5:00,23:59,"연중무휴(설, 추석 당일 2일 제외)",유료,1시간 500원,15,15,N,,N,042-610-1824,대전광역시 시설관리공단,2020-11-20,6300000,대전광역시
도로교통공단(건너편 라도무스),무인대여소,,대전광역시 유성구 원신흥동 608,36.33302342,127.3328495,5:00,23:59,"연중무휴(설, 추석 당일 2일 제외)",유료,1시간 500원,15,15,N,,N,042-610-1824,대전광역시 시설관리공단,2020-11-20,6300000,대전광역시
오정농수산물 도매시장,무인대여소,,대전광역시 대덕구 오정동 45-1,36.35781279,127.4075037,5:00,23:59,"연중무휴(설, 추석 당일 2일 제외)",유료,1시간 500원,15,15,N,,N,042-610-1824,대전광역시 시설관리공단,2020-11-20,6300000,대전광역시
대덕대학교,무인대여소,"대전광역시 유성구 가정북로68, (장동)",대전광역시 유성구 장동 48,36.39081882,127.3674479,5:00,23:59,"연중무휴(설, 추석 당일 2일 제외)",유료,1시간 500원,14,14,N,,N,042-610-1824,대전광역시 시설관리공단,2020-11-20,6300000,대전광역시
천문대입구,무인대여소,,대전광역시 유성구 신성동 458,36.38195039,127.3539106,5:00,23:59,"연중무휴(설, 추석 당일 2일 제외)",유료,1시간 500원,12,12,N,,N,042-610-1824,대전광역시 시설관리공단,2020-11-20,6300000,대전광역시
대전테크노파크,무인대여소,,대전광역시 유성구 용산동 605,36.42328475,127.4049894,5:00,23:59,"연중무휴(설, 추석 당일 2일 제외)",유료,1시간 500원,15,15,N,,N,042-610-1824,대전광역시 시설관리공단,2020-11-20,6300000,대전광역시
신성동 수천이들 근린공원,무인대여소,"대전광역시 유성구 신성로134, (신성동)",대전광역시 유성구 신성동 494,36.3938069,127.3531996,5:00,23:59,"연중무휴(설, 추석 당일 2일 제외)",유료,1시간 500원,15,15,N,,N,042-610-1824,대전광역시 시설관리공단,2020-11-20,6300000,대전광역시
용운국제수영장,무인대여소,,대전광역시 동구 용운동 301-12,36.32387098,127.4648288,5:00,23:59,"연중무휴(설, 추석 당일 2일 제외)",유료,1시간 500원,15,15,N,,N,042-610-1824,대전광역시 시설관리공단,2020-11-20,6300000,대전광역시
대전과학기술대학교 정문,무인대여소,,대전광역시 서구 복수동 257-5,36.30454492,127.3748246,5:00,23:59,"연중무휴(설, 추석 당일 2일 제외)",유료,1시간 500원,15,15,N,,N,042-610-1824,대전광역시 시설관리공단,2020-11-20,6300000,대전광역시
가수원파출소(건너편),무인대여소,,대전광역시 서구 가수원동 1373,36.30834195,127.3515996,5:00,23:59,"연중무휴(설, 추석 당일 2일 제외)",유료,1시간 500원,15,15,N,,N,042-610-1824,대전광역시 시설관리공단,2020-11-20,6300000,대전광역시
대전정부청사 남문,무인대여소,,대전광역시 서구 둔산동 1517,36.35896965,127.3849091,5:00,23:59,"연중무휴(설, 추석 당일 2일 제외)",유료,1시간 500원,15,15,N,,N,042-610-1824,대전광역시 시설관리공단,2020-11-20,6300000,대전광역시
관저 더샵(109동),무인대여소,"대전광역시 서구 관저서로19, (관저동, 관저더샵1차)",대전광역시 서구 관저동 1985,36.29354827,127.3295667,5:00,23:59,"연중무휴(설, 추석 당일 2일 제외)",유료,1시간 500원,13,13,N,,N,042-610-1824,대전광역시 시설관리공단,2020-11-20,6300000,대전광역시
노은3지구 영무예다음(102동),무인대여소,"대전광역시 유성구 지족로92, (지족동, 영무예다음에코타운)",대전광역시 유성구 지족동 1052,36.37499232,127.3055329,5:00,23:59,"연중무휴(설, 추석 당일 2일 제외)",유료,1시간 500원,13,13,N,,N,042-610-1824,대전광역시 시설관리공단,2020-11-20,6300000,대전광역시
관저 금성백조(114동),무인대여소,,대전광역시 서구 관저동 1574,36.29600737,127.3341773,5:00,23:59,"연중무휴(설, 추석 당일 2일 제외)",유료,1시간 500원,13,13,N,,N,042-610-1824,대전광역시 시설관리공단,2020-11-20,6300000,대전광역시
옥계동 새마을금고,무인대여소,"대전광역시 중구 대종로65, (옥계동)",대전광역시 중구 옥계동 46-15,36.29886699,127.4541547,5:00,23:59,"연중무휴(설, 추석 당일 2일 제외)",유료,1시간 500원,12,12,N,,N,042-610-1824,대전광역시 시설관리공단,2020-11-20,6300000,대전광역시
목동 한사랑아파트(109동),무인대여소,"대전광역시 중구 동서대로1388, (목동, 금호한사랑아파트)",대전광역시 중구 목동 4-6,36.33199442,127.4116642,5:00,23:59,"연중무휴(설, 추석 당일 2일 제외)",유료,1시간 500원,12,12,N,,N,042-610-1824,대전광역시 시설관리공단,2020-11-20,6300000,대전광역시
용방마을아파트(301동),무인대여소,"대전광역시 동구 용운로80, (용운동, 용방마을아파트)",대전광역시 동구 용운동 460,36.32667177,127.4504195,5:00,23:59,"연중무휴(설, 추석 당일 2일 제외)",유료,1시간 500원,14,14,N,,N,042-610-1824,대전광역시 시설관리공단,2020-11-20,6300000,대전광역시
천동초등학교,무인대여소,,대전광역시 동구 천동 199-64,36.31670082,127.4438965,5:00,23:59,"연중무휴(설, 추석 당일 2일 제외)",유료,1시간 500원,13,13,N,,N,042-610-1824,대전광역시 시설관리공단,2020-11-20,6300000,대전광역시
우송대 서문(건너편),무인대여소,"대전광역시 동구 동중앙로93, (가양동)",대전광역시 동구 가양동 307-3,36.34012453,127.4458582,5:00,23:59,"연중무휴(설, 추석 당일 2일 제외)",유료,1시간 500원,13,13,N,,N,042-610-1824,대전광역시 시설관리공단,2020-11-20,6300000,대전광역시
대평동_금강변길,무인대여소,,세종특별자치시 대평동 201-7,36.474216,127.272908,0:00,23:59,연중무휴,유료,1000원,10,,N,,N,1899-9161,세종특별자치시청,2025-06-25,5690000,세종특별자치시
대평동_해피라움블루 건너편,무인대여소,,세종특별자치시 대평동 198-64,36.475098,127.2741497,0:00,23:59,연중무휴,유료,1000원,10,,N,,N,1899-9161,세종특별자치시청,2025-06-25,5690000,세종특별자치시
대평동_세종메디컬센터BRT3,무인대여소,,세종특별자치시 대평동 152-7,36.471763,127.276105,0:00,23:59,연중무휴,유료,1000원,10,,N,,N,1899-9161,세종특별자치시청,2025-06-25,5690000,세종특별자치시
대평동_세종메디컬센터BRT2,무인대여소,,세종특별자치시 대평동 65-15,36.472197,127.276779,0:00,23:59,연중무휴,유료,1000원,10,,N,,N,1899-9161,세종특별자치시청,2025-06-25,5690000,세종특별자치시
대평동_세종메디컬센터BRT1,무인대여소,,세종특별자치시 대평동 548,36.472382,127.277055,0:00,23:59,연중무휴,유료,1000원,10,,N,,N,1899-9161,세종특별자치시청,2025-06-25,5690000,세종특별자치시
대평동_씨티오브드림BRT3,무인대여소,,세종특별자치시 대평동 125-3,36.471963,127.275669,0:00,23:59,연중무휴,유료,1000원,10,,N,,N,1899-9161,세종특별자치시청,2025-06-25,5690000,세종특별자치시
대평동_씨티오브드림BRT2,무인대여소,,세종특별자치시 대평동 65-12,36.472293,127.276106,0:00,23:59,연중무휴,유료,1000원,10,,N,,N,1899-9161,세종특별자치시청,2025-06-25,5690000,세종특별자치시
대평동_씨티오브드림BRT1,무인대여소,,세종특별자치시 대평동 63-16,36.472668,127.276688,0:00,23:59,연중무휴,유료,1000원,10,,N,,N,1899-9161,세종특별자치시청,2025-06-25,5690000,세종특별자치시
대평동_해들513동앞BRT,무인대여소,,세종특별자치시 대평동 648,36.47318011,127.2779321,0:00,23:59,연중무휴,유료,1000원,10,,N,,N,1899-9161,세종특별자치시청,2025-06-25,5690000,세종특별자치시
대평동_해들613동앞BRT,무인대여소,,세종특별자치시 대평동 613-2,36.475127,127.280487,0:00,23:59,연중무휴,유료,1000원,10,,N,,N,1899-9161,세종특별자치시청,2025-06-25,5690000,세종특별자치시
반곡동_국책연구단지 건너편 버스정류장,무인대여소,,세종특별자치시 반곡동 735,36.49614677,127.3031969,0:00,23:59,연중무휴,유료,1000원,10,,N,,N,1899-9161,세종특별자치시청,2025-06-25,5690000,세종특별자치시
반곡동_한국조세재정연구원 건너편 버스정류장,무인대여소,,세종특별자치시 반곡동 산68,36.493997,127.301434,0:00,23:59,연중무휴,유료,1000원,10,,N,,N,1899-9161,세종특별자치시청,2025-06-25,5690000,세종특별자치시
소담동_새샘602동버스정류장건너편,무인대여소,,세종특별자치시 소담동 617,36.48341935,127.3063812,0:00,23:59,연중무휴,유료,1000원,10,,N,,N,1899-9161,세종특별자치시청,2025-06-25,5690000,세종특별자치시
소담동_새샘602동버스정류장,무인대여소,,세종특별자치시 소담동 산 9,36.482323,127.307027,0:00,23:59,연중무휴,유료,1000원,10,,N,,N,1899-9161,세종특별자치시청,2025-06-25,5690000,세종특별자치시
소담동_새샘903동건너편,무인대여소,,세종특별자치시 소담동 282-2,36.4907828,127.2986594,0:00,23:59,연중무휴,유료,1000원,10,,N,,N,1899-9161,세종특별자치시청,2025-06-25,5690000,세종특별자치시
소담동_새샘902동앞,무인대여소,,세종특별자치시 소담동 521,36.48990997,127.300198,0:00,23:59,연중무휴,유료,1000원,10,,N,,N,1899-9161,세종특별자치시청,2025-06-25,5690000,세종특별자치시
소담동_새샘511동 건너편BRT,무인대여소,,세종특별자치시 소담동 9-5,36.4810588,127.3080387,0:00,23:59,연중무휴,유료,1000원,10,,N,,N,1899-9161,세종특별자치시청,2025-06-25,5690000,세종특별자치시
소담동_새샘512동 건너편BRT 2,무인대여소,,세종특별자치시 소담동 617,36.48341935,127.3063812,0:00,23:59,연중무휴,유료,1000원,10,,N,,N,1899-9161,세종특별자치시청,2025-06-25,5690000,세종특별자치시
소담동_새샘511동앞BRT(대전방향),무인대여소,,세종특별자치시 소담동 9-220,36.48013921,127.3080445,0:00,23:59,연중무휴,유료,1000원,10,,N,,N,1899-9161,세종특별자치시청,2025-06-25,5690000,세종특별자치시
소담동_새샘512동앞BRT(대전방향),무인대여소,,세종특별자치시 소담동 9-3,36.4814521,127.3073797,0:00,23:59,연중무휴,유료,1000원,10,,N,,N,1899-9161,세종특별자치시청,2025-06-25,5690000,세종특별자치시
소담동_새샘803동 건너편BRT1,무인대여소,,세종특별자치시 소담동 332-4,36.486763,127.301857,0:00,23:59,연중무휴,유료,1000원,10,,N,,N,1899-9161,세종특별자치시청,2025-06-25,5690000,세종특별자치시
소담동_새샘803동 앞BRT2,무인대여소,,세종특별자치시 소담동 332-4,36.486802,127.301179,0:00,23:59,연중무휴,유료,1000원,10,,N,,N,1899-9161,세종특별자치시청,2025-06-25,5690000,세종특별자치시
소담동_글벗초 건너편,무인대여소,,세종특별자치시 소담동 509-6,36.4873522,127.2966195,0:00,23:59,연중무휴,유료,1000원,10,,N,,N,1899-9161,세종특별자치시청,2025-06-25,5690000,세종특별자치시
다정동_별뜰근린공원,무인대여소,,세종특별자치시 다정동 409,36.499667,127.235896,0:00,23:59,연중무휴,유료,1000원,10,,N,,N,1899-9161,세종특별자치시청,2025-06-25,5690000,세종특별자치시
소담동_새샘301동건너편,무인대여소,,세종특별자치시 소담동 333-6,36.4856544,127.2955006,0:00,23:59,연중무휴,유료,1000원,10,,N,,N,1899-9161,세종특별자치시청,2025-06-25,5690000,세종특별자치시
소담동_새샘316동건너편,무인대여소,,세종특별자치시 소담동 333-1,36.485002,127.2949574,0:00,23:59,연중무휴,유료,1000원,10,,N,,N,1899-9161,세종특별자치시청,2025-06-25,5690000,세종특별자치시
소담동_새샘316동앞,무인대여소,,세종특별자치시 소담동 550,36.48393512,127.2968658,0:00,23:59,연중무휴,유료,1000원,10,,N,,N,1899-9161,세종특별자치시청,2025-06-25,5690000,세종특별자치시
농도원네거리,무인대여소,"대전광역시 서구 도산로133, (도마동)",대전광역시 서구 도마동 65-56,36.32031298,127.3775389,5:00,23:59,"연중무휴(설, 추석 당일 2일 제외)",유료,1시간 500원,12,12,N,,N,042-610-1824,대전광역시 시설관리공단,2020-11-20,6300000,대전광역시
소담동_새샘307동앞BRT,무인대여소,,세종특별자치시 소담동 32-127,36.483792,127.298764,0:00,23:59,연중무휴,유료,1000원,10,,N,,N,1899-9161,세종특별자치시청,2025-06-25,5690000,세종특별자치시
강남구청 대여소,유인대여소,서울특별시 강남구 학동로 426,서울특별시 강남구 삼성동 16-1,37.51796816,127.0470598,9:00,18:00,토+일+법정공휴일+대체공휴일,유료,13000원(최대3개월 대여),310,,Y,기계식,N,02-3423-6412,서울특별시 강남구청,2025-12-10,3220000,서울특별시 강남구
수서역 대여소,유인대여소,,서울특별시 강남구 수서동 735,37.48785438,127.0999519,9:00,18:00,법정공휴일+대체공휴일+근로자의 날,혼합,13000원(최대3개월 대여)+일일대여 무료,310,,Y,기계식,N,02-3423-6412,서울특별시 강남구청,2025-12-10,3220000,서울특별시 강남구
한내시장 제2공영주차장,무인대여소,,충청남도 보령시 대천동 614-44,36.34992743,126.5943624,0:00,23:59,설연휴+추석연휴,무료,,10,10,N,,N,041-930-3981,충청남도 보령시청,2025-12-11,4510000,충청남도 보령시
이편한세상아파트,무인대여소,,충청남도 보령시 동대동 1983,36.35271708,126.6166721,0:00,23:59,설연휴+추석연휴,무료,,10,10,N,,N,041-930-3981,충청남도 보령시청,2025-12-11,4510000,충청남도 보령시
동대사거리,무인대여소,,충청남도 보령시 동대동 1958,36.34874824,126.6043343,0:00,23:59,설연휴+추석연휴,무료,,10,10,N,,N,041-930-3981,충청남도 보령시청,2025-12-11,4510000,충청남도 보령시
한내로타리,무인대여소,,충청남도 보령시 동대동 476-28,36.34482541,126.6084255,0:00,23:59,설연휴+추석연휴,무료,,10,10,Y,기계식,N,041-930-3981,충청남도 보령시청,2025-12-11,4510000,충청남도 보령시
죽정동 공영주차장,무인대여소,,충청남도 보령시 죽정동 729,36.36011483,126.5991749,0:00,23:59,설연휴+추석연휴,무료,,10,10,N,,N,041-930-3981,충청남도 보령시청,2025-12-11,4510000,충청남도 보령시
LH 아파트 1단지 앞,무인대여소,,충청남도 보령시 명천동 1322,36.3392696,126.6025489,0:00,23:59,설연휴+추석연휴,무료,,10,10,N,,N,041-930-3981,충청남도 보령시청,2025-12-11,4510000,충청남도 보령시
보령시청,무인대여소,충청남도 보령시 성주산로77,충청남도 보령시 명천동 269-4,36.33357563,126.6127722,0:00,23:59,설연휴+추석연휴,무료,,10,10,N,,N,041-930-3981,충청남도 보령시청,2025-12-11,4510000,충청남도 보령시
평화대여소,유인대여소,전북특별자치도 전주시 완산구 맏내로 99,전북특별자치도 전주시 완산구 평화동2가 321-1,35.78949985,127.1277112,9:00,18:00,월+추석당일+1~2월,유료,1천원/1일,35,1,Y,기계식,N,063-281-2568,전북특별자치도 전주시청,2025-02-06,4641000,전북특별자치도 전주시
대성대여소,유인대여소,,전북특별자치도 전주시 완산구 대성동 382-12,35.80062313,127.1686811,9:00,18:00,월+추석당일+1~2월,유료,1천원/1일,30,1,Y,기계식,N,063-281-2568,전북특별자치도 전주시청,2025-02-06,4641000,전북특별자치도 전주시
아중대여소,유인대여소,,전북특별자치도 전주시 덕진구 우아동2가 968,35.8314694,127.1747509,9:00,18:00,월+추석당일+1~2월,유료,1천원/1일,45,,Y,기계식,N,063-281-2568,전북특별자치도 전주시청,2025-02-06,4641000,전북특별자치도 전주시
송천대여소,유인대여소,,전북특별자치도 전주시 덕진구 송천동1가318-12,35.85595471,127.1165964,9:00,18:00,월+추석당일+1~2월,유료,1천원/1일,30,,Y,기계식,N,063-281-2568,전북특별자치도 전주시청,2025-02-06,4641000,전북특별자치도 전주시
삼천대여소,유인대여소,,전북특별자치도 전주시 완산구 삼천동1가314-2,35.79074984,127.1129077,9:00,18:00,월+추석당일+1~2월,유료,1천원/1일,30,,Y,기계식,N,063-281-2568,전북특별자치도 전주시청,2025-02-06,4641000,전북특별자치도 전주시
화진포 자전거대여소,유인대여소,강원특별자치도 고성군 현내면 화진포길 412,강원특별자치도 고성군 현내면 초도리 94-1,38.48138177,128.4356979,9:00,18:00,"매주월요일+매월 첫째,마지막주 평일",무료,,44,2,Y,,N,033-680-3365,강원특별자치도 고성군청,2024-08-14,4341000,강원특별자치도 고성군
중앙로 오거리,무인대여소,,전라남도 순천시 저전동,34.94976452,127.4812994,0:00,23:59,연중무휴,유료,일일이용 : 1000원,8,15,Y,수동식,N,061-749-4883,전라남도 순천시청 교통정책과,2025-09-03,5790000,전남광주통합특별시 순천시
순천시장 앞,무인대여소,,전라남도 순천시 중앙동 아랫장 시장입구,34.95668455,127.4869278,0:00,23:59,연중무휴,유료,일일이용 : 1000원,8,15,Y,수동식,N,061-749-4883,전라남도 순천시청 교통정책과,2025-09-03,5790000,전남광주통합특별시 순천시
순천만고등학교 앞,무인대여소,,전라남도 순천시 조례동 100,34.95933021,127.5352038,0:00,23:59,연중무휴,유료,일일이용 : 1000원,6,15,Y,수동식,N,061-749-4883,전라남도 순천시청 교통정책과,2025-09-03,5790000,전남광주통합특별시 순천시
조례초등학교 앞,무인대여소,,전라남도 순천시 조례동 482,34.95531091,127.5238354,0:00,23:59,연중무휴,유료,일일이용 : 1000원,5,15,Y,수동식,N,061-749-4883,전라남도 순천시청 교통정책과,2025-09-03,5790000,전남광주통합특별시 순천시
연향초등학교 앞,무인대여소,,전라남도 순천시 연향동 1331-6,34.95250584,127.5211472,0:00,23:59,연중무휴,유료,일일이용 : 1000원,5,15,Y,수동식,N,061-749-4883,전라남도 순천시청 교통정책과,2025-09-03,5790000,전남광주통합특별시 순천시
신대중학교 앞,무인대여소,,전라남도 순천시 해룡면 신대지구,34.9103053,127.5463423,0:00,23:59,연중무휴,유료,일일이용 : 1000원,6,15,Y,수동식,N,061-749-4883,전라남도 순천시청 교통정책과,2025-09-03,5790000,전남광주통합특별시 순천시
순천북중학교 앞,무인대여소,,전라남도 순천시 왕지동 1359,34.9746214,127.5334492,0:00,23:59,연중무휴,유료,일일이용 : 1000원,6,15,Y,수동식,N,061-749-4883,전라남도 순천시청 교통정책과,2025-09-03,5790000,전남광주통합특별시 순천시
매곡중학교 앞,무인대여소,,전라남도 순천시 매곡동 321,34.96441668,127.4799809,0:00,23:59,연중무휴,유료,일일이용 : 1000원,6,15,Y,수동식,N,061-749-4883,전라남도 순천시청 교통정책과,2025-09-03,5790000,전남광주통합특별시 순천시
순천고등학교 앞,무인대여소,,전라남도 순천시 연향동 849,34.9338739,127.5214959,0:00,23:59,연중무휴,유료,일일이용 : 1000원,6,15,Y,수동식,N,061-749-4883,전라남도 순천시청 교통정책과,2025-09-03,5790000,전남광주통합특별시 순천시
순천여고 앞,무인대여소,,전라남도 순천시 연향동 678,34.94118723,127.5198224,0:00,23:59,연중무휴,유료,일일이용 : 1000원,6,15,Y,수동식,N,061-749-4883,전라남도 순천시청 교통정책과,2025-09-03,5790000,전남광주통합특별시 순천시
별량중학교 입구,무인대여소,전라남도 순천시 별량면 불암로 50,,34.86602343,127.4417059,0:00,23:59,연중무휴,유료,일일이용 : 1000원,6,15,Y,수동식,N,061-749-4883,전라남도 순천시청 교통정책과,2025-09-03,5790000,전남광주통합특별시 순천시
승주읍사무소,무인대여소,전라남도 순천시 승주읍 승주로 31,,35.02009987,127.3906628,0:00,23:59,연중무휴,유료,일일이용 : 1000원,5,15,Y,수동식,N,061-749-4883,전라남도 순천시청 교통정책과,2025-09-03,5790000,전남광주통합특별시 순천시
주암면사무소,무인대여소,전라남도 순천시 주암면 주암로 124,,35.07241569,127.255584,0:00,23:59,연중무휴,유료,일일이용 : 1000원,5,15,Y,수동식,N,061-749-4883,전라남도 순천시청 교통정책과,2025-09-03,5790000,전남광주통합특별시 순천시
황전면사무소,무인대여소,전라남도 순천시 황전면 산수로 1080,,35.12134173,127.4594813,0:00,23:59,연중무휴,유료,일일이용 : 1000원,5,15,Y,수동식,N,061-749-4883,전라남도 순천시청 교통정책과,2025-09-03,5790000,전남광주통합특별시 순천시
월등면사무소,무인대여소,전라남도 순천시 월등면대평길 17,,34.97657276,127.4042147,0:00,23:59,연중무휴,유료,일일이용 : 1000원,5,15,Y,수동식,N,061-749-4883,전라남도 순천시청 교통정책과,2025-09-03,5790000,전남광주통합특별시 순천시
별량면사무소,무인대여소,전라남도 순천시 별량면 쌍율길 15,,34.93258364,127.2902434,0:00,23:59,연중무휴,유료,일일이용 : 1000원,5,15,Y,수동식,N,061-749-4883,전라남도 순천시청 교통정책과,2025-09-03,5790000,전남광주통합특별시 순천시
송광면사무소,무인대여소,전라남도 순천시 송광면 장산길 4,,34.86500955,127.4879883,0:00,23:59,연중무휴,유료,일일이용 : 1000원,5,15,Y,수동식,N,061-749-4883,전라남도 순천시청 교통정책과,2025-09-03,5790000,전남광주통합특별시 순천시
해룡면사무소,무인대여소,,전라남도 순천시 해룡면사무소 앞,34.9103053,127.5463423,0:00,23:59,연중무휴,유료,일일이용 : 1000원,6,15,Y,수동식,N,061-749-4883,전라남도 순천시청 교통정책과,2025-09-03,5790000,전남광주통합특별시 순천시
보령문화의전당,무인대여소,,충청남도 보령시 대천동 337-26,36.34975367,126.5917188,0:00,23:59,설연휴+추석연휴,무료,,10,10,N,,N,041-930-3981,충청남도 보령시청,2025-12-11,4510000,충청남도 보령시
보령종합터미널,무인대여소,충청남도 보령시 터미널길8,충청남도 보령시 궁촌동 347,36.34249105,126.5896761,0:00,23:59,설연휴+추석연휴,무료,,10,10,N,,N,041-930-3981,충청남도 보령시청,2025-12-11,4510000,충청남도 보령시
궁촌동복합주민센터,무인대여소,,충청남도 보령시 궁촌동 4-5,36.34536696,126.596905,0:00,23:59,설연휴+추석연휴,무료,,10,10,N,,N,041-930-3981,충청남도 보령시청,2025-12-11,4510000,충청남도 보령시
남제동 주민센터,무인대여소,,전라남도 순천시 남제동 365,34.94410659,127.4778426,0:00,23:59,연중무휴,유료,일일이용 : 1000원,6,15,Y,수동식,N,061-749-4883,전라남도 순천시청 교통정책과,2025-09-03,5790000,전남광주통합특별시 순천시
종촌동_가재1202동앞,무인대여소,,세종특별자치시 종촌동 701,36.50430865,127.2523471,0:00,23:59,연중무휴,유료,1000원,10,,N,,N,1899-9161,세종특별자치시청,2025-06-25,5690000,세종특별자치시
종촌동_가재1102동앞,무인대여소,,세종특별자치시 종촌동 654,36.50413785,127.2517095,0:00,23:59,연중무휴,유료,1000원,10,,N,,N,1899-9161,세종특별자치시청,2025-06-25,5690000,세종특별자치시
종촌동_가재1009동건너편,무인대여소,,세종특별자치시 종촌동 697,36.501528,127.2510299,0:00,23:59,연중무휴,유료,1000원,10,,N,,N,1899-9161,세종특별자치시청,2025-06-25,5690000,세종특별자치시
종촌동_가재1008동앞,무인대여소,,세종특별자치시 종촌동 656-1,36.50200847,127.2517584,0:00,23:59,연중무휴,유료,1000원,10,,N,,N,1899-9161,세종특별자치시청,2025-06-25,5690000,세종특별자치시
종촌동_가재911동앞,무인대여소,,세종특별자치시 종촌동 697,36.50158145,127.251003,0:00,23:59,연중무휴,유료,1000원,10,,N,,N,1899-9161,세종특별자치시청,2025-06-25,5690000,세종특별자치시
종촌동_가재704동앞,무인대여소,,세종특별자치시 종촌동 701,36.50430865,127.2523471,0:00,23:59,연중무휴,유료,1000원,10,,N,,N,1899-9161,세종특별자치시청,2025-06-25,5690000,세종특별자치시
종촌동_가재1103동건너편2,무인대여소,,세종특별자치시 종촌동 659,36.50424154,127.2497561,0:00,23:59,연중무휴,유료,1000원,10,,N,,N,1899-9161,세종특별자치시청,2025-06-25,5690000,세종특별자치시
종촌동_가재1103동건너편1,무인대여소,,세종특별자치시 종촌동 659,36.50424154,127.2497561,0:00,23:59,연중무휴,유료,1000원,10,,N,,N,1899-9161,세종특별자치시청,2025-06-25,5690000,세종특별자치시
종촌동_공영주차장앞,무인대여소,,세종특별자치시 종촌동 665,36.503494,127.249815,0:00,23:59,연중무휴,유료,1000원,10,,N,,N,1899-9161,세종특별자치시청,2025-06-25,5690000,세종특별자치시
종촌동_가재801동앞,무인대여소,,세종특별자치시 종촌동 692,36.4997475,127.2499167,0:00,23:59,연중무휴,유료,1000원,10,,N,,N,1899-9161,세종특별자치시청,2025-06-25,5690000,세종특별자치시
종촌동_소망교회앞,무인대여소,,세종특별자치시 종촌동 671,36.50243917,127.2486602,0:00,23:59,연중무휴,유료,1000원,10,,N,,N,1899-9161,세종특별자치시청,2025-06-25,5690000,세종특별자치시
종촌동_가재523동앞,무인대여소,,세종특별자치시 종촌동 690,36.50150611,127.2454409,0:00,23:59,연중무휴,유료,1000원,10,,N,,N,1899-9161,세종특별자치시청,2025-06-25,5690000,세종특별자치시
종촌동_CGV앞,무인대여소,,세종특별자치시 종촌동 674,36.50270476,127.2467871,0:00,23:59,연중무휴,유료,1000원,10,,N,,N,1899-9161,세종특별자치시청,2025-06-25,5690000,세종특별자치시
종촌동_종촌중학교,무인대여소,,세종특별자치시 종촌동 675,36.50271148,127.2456705,0:00,23:59,연중무휴,유료,1000원,10,,N,,N,1899-9161,세종특별자치시청,2025-06-25,5690000,세종특별자치시
다정동_가온605동앞 공원,무인대여소,,세종특별자치시 다정동 57-1,36.499098,127.247137,0:00,23:59,연중무휴,유료,1000원,10,,N,,N,1899-9161,세종특별자치시청,2025-06-25,5690000,세종특별자치시
종촌동_가재502동앞,무인대여소,,세종특별자치시 종촌동 710,36.49939524,127.246093,0:00,23:59,연중무휴,유료,1000원,10,,N,,N,1899-9161,세종특별자치시청,2025-06-25,5690000,세종특별자치시
종촌동_가재403동앞,무인대여소,,세종특별자치시 종촌동 640,36.50817453,127.2429503,0:00,23:59,연중무휴,유료,1000원,10,,N,,N,1899-9161,세종특별자치시청,2025-06-25,5690000,세종특별자치시
종촌동_가재310동앞,무인대여소,,세종특별자치시 종촌동 679,36.50393459,127.2437483,0:00,23:59,연중무휴,유료,1000원,10,,N,,N,1899-9161,세종특별자치시청,2025-06-25,5690000,세종특별자치시
종촌동_가재303동앞,무인대여소,,세종특별자치시 종촌동 679,36.50393459,127.2437483,0:00,23:59,연중무휴,유료,1000원,10,,N,,N,1899-9161,세종특별자치시청,2025-06-25,5690000,세종특별자치시
종촌동_가재102동앞,무인대여소,,세종특별자치시 종촌동 686,36.50154104,127.2414435,0:00,23:59,연중무휴,유료,1000원,10,,N,,N,1899-9161,세종특별자치시청,2025-06-25,5690000,세종특별자치시
고운동_한옥마을앞,무인대여소,,세종특별자치시 고운동 2171,36.51008874,127.2393154,0:00,23:59,연중무휴,유료,1000원,10,,N,,N,1899-9161,세종특별자치시청,2025-06-25,5690000,세종특별자치시
고운동_한옥마을건너편2,무인대여소,,세종특별자치시 고운동 2103,36.51068344,127.2403364,0:00,23:59,연중무휴,유료,1000원,10,,N,,N,1899-9161,세종특별자치시청,2025-06-25,5690000,세종특별자치시
고운동_한옥마을건너편1,무인대여소,,세종특별자치시 고운동 2103,36.51068344,127.2403364,0:00,23:59,연중무휴,유료,1000원,10,,N,,N,1899-9161,세종특별자치시청,2025-06-25,5690000,세종특별자치시
고운동_가락810동앞,무인대여소,,세종특별자치시 고운동 1706,36.50569802,127.2407533,0:00,23:59,연중무휴,유료,1000원,10,,N,,N,1899-9161,세종특별자치시청,2025-06-25,5690000,세종특별자치시
고운동_가락810동건너편,무인대여소,,세종특별자치시 고운동 2058,36.51165147,127.2337567,0:00,23:59,연중무휴,유료,1000원,10,,N,,N,1899-9161,세종특별자치시청,2025-06-25,5690000,세종특별자치시
고운동_가락1604동앞,무인대여소,,세종특별자치시 고운동 1395,36.51554572,127.2388349,0:00,23:59,연중무휴,유료,1000원,10,,N,,N,1899-9161,세종특별자치시청,2025-06-25,5690000,세종특별자치시
고운동_가락1606동앞,무인대여소,,세종특별자치시 고운동 1395,36.51554572,127.2388349,0:00,23:59,연중무휴,유료,1000원,10,,N,,N,1899-9161,세종특별자치시청,2025-06-25,5690000,세종특별자치시
고운동_가락2105동앞,무인대여소,,세종특별자치시 고운동 1390,36.51846858,127.2398402,0:00,23:59,연중무휴,유료,1000원,10,,N,,N,1899-9161,세종특별자치시청,2025-06-25,5690000,세종특별자치시
